The system is: Linux - 6.8.0-138-generic - x86_64
Compiling the C compiler identification source file "CMakeCCompilerId.c" succeeded.
Compiler: /usr/bin/cc 
Build flags: ;;;-pedantic;-D_DEFAULT_SOURCE;;;-ffp-contract=off;;;-mssse3;-pthread
Id flags:  

The output was:
0


Compilation of the C compiler identification source "CMakeCCompilerId.c" produced "a.out"

The C compiler identification is GNU, found in "/home/wtc/realsense_src/build/libcurl/src/libcurl-build/CMakeFiles/3.22.1/CompilerIdC/a.out"

Detecting C compiler ABI info compiled with the following output:
Change Dir: /home/wtc/realsense_src/build/libcurl/src/libcurl-build/CMakeFiles/CMakeTmp

Run Build Command(s):/usr/bin/gmake -f Makefile cmTC_b2c3e/fast && gmake[3]: Entering directory '/home/wtc/realsense_src/build/libcurl/src/libcurl-build/CMakeFiles/CMakeTmp'
/usr/bin/gmake  -f CMakeFiles/cmTC_b2c3e.dir/build.make CMakeFiles/cmTC_b2c3e.dir/build
gmake[4]: Entering directory '/home/wtc/realsense_src/build/libcurl/src/libcurl-build/CMakeFiles/CMakeTmp'
Building C object CMakeFiles/cmTC_b2c3e.dir/CMakeCCompilerABI.c.o
/usr/bin/cc   -pedantic -D_DEFAULT_SOURCE   -ffp-contract=off   -mssse3 -pthread    -v -o CMakeFiles/cmTC_b2c3e.dir/CMakeCCompilerABI.c.o -c /usr/share/cmake-3.22/Modules/CMakeCCompilerABI.c
Using built-in specs.
COLLECT_GCC=/usr/bin/cc
OFFLOAD_TARGET_NAMES=nvptx-none:amdgcn-amdhsa
OFFLOAD_TARGET_DEFAULT=1
Target: x86_64-linux-gnu
Configured with: ../src/configure -v --with-pkgversion='Ubuntu 11.4.0-1ubuntu1~22.04.3' --with-bugurl=file:///usr/share/doc/gcc-11/README.Bugs --enable-languages=c,ada,c++,go,brig,d,fortran,objc,obj-c++,m2 --prefix=/usr --with-gcc-major-version-only --program-suffix=-11 --program-prefix=x86_64-linux-gnu- --enable-shared --enable-linker-build-id --libexecdir=/usr/lib --without-included-gettext --enable-threads=posix --libdir=/usr/lib --enable-nls --enable-bootstrap --enable-clocale=gnu --enable-libstdcxx-debug --enable-libstdcxx-time=yes --with-default-libstdcxx-abi=new --enable-gnu-unique-object --disable-vtable-verify --enable-plugin --enable-default-pie --with-system-zlib --enable-libphobos-checking=release --with-target-system-zlib=auto --enable-objc-gc=auto --enable-multiarch --disable-werror --enable-cet --with-arch-32=i686 --with-abi=m64 --with-multilib-list=m32,m64,mx32 --enable-multilib --with-tune=generic --enable-offload-targets=nvptx-none=/build/gcc-11-0odw26/gcc-11-11.4.0/debian/tmp-nvptx/usr,amdgcn-amdhsa=/build/gcc-11-0odw26/gcc-11-11.4.0/debian/tmp-gcn/usr --without-cuda-driver --enable-checking=release --build=x86_64-linux-gnu --host=x86_64-linux-gnu --target=x86_64-linux-gnu --with-build-config=bootstrap-lto-lean --enable-link-serialization=2
Thread model: posix
Supported LTO compression algorithms: zlib zstd
gcc version 11.4.0 (Ubuntu 11.4.0-1ubuntu1~22.04.3) 
COLLECT_GCC_OPTIONS='-Wpedantic' '-D' '_DEFAULT_SOURCE' '-ffp-contract=off' '-mssse3' '-pthread' '-v' '-o' 'CMakeFiles/cmTC_b2c3e.dir/CMakeCCompilerABI.c.o' '-c' '-mtune=generic' '-march=x86-64' '-dumpdir' 'CMakeFiles/cmTC_b2c3e.dir/'
 /usr/lib/gcc/x86_64-linux-gnu/11/cc1 -quiet -v -imultiarch x86_64-linux-gnu -D_REENTRANT -D _DEFAULT_SOURCE /usr/share/cmake-3.22/Modules/CMakeCCompilerABI.c -quiet -dumpdir CMakeFiles/cmTC_b2c3e.dir/ -dumpbase CMakeCCompilerABI.c.c -dumpbase-ext .c -mssse3 -mtune=generic -march=x86-64 -Wpedantic -version -ffp-contract=off -fasynchronous-unwind-tables -fstack-protector-strong -Wformat -Wformat-security -fstack-clash-protection -fcf-protection -o /tmp/cc185jnU.s
GNU C17 (Ubuntu 11.4.0-1ubuntu1~22.04.3) version 11.4.0 (x86_64-linux-gnu)
	compiled by GNU C version 11.4.0, GMP version 6.2.1, MPFR version 4.1.0, MPC version 1.2.1, isl version isl-0.24-GMP

GGC heuristics: --param ggc-min-expand=100 --param ggc-min-heapsize=131072
ignoring nonexistent directory "/usr/local/include/x86_64-linux-gnu"
ignoring nonexistent directory "/usr/lib/gcc/x86_64-linux-gnu/11/include-fixed"
ignoring nonexistent directory "/usr/lib/gcc/x86_64-linux-gnu/11/../../../../x86_64-linux-gnu/include"
#include "..." search starts here:
#include <...> search starts here:
 /usr/lib/gcc/x86_64-linux-gnu/11/include
 /usr/local/include
 /usr/include/x86_64-linux-gnu
 /usr/include
End of search list.
GNU C17 (Ubuntu 11.4.0-1ubuntu1~22.04.3) version 11.4.0 (x86_64-linux-gnu)
	compiled by GNU C version 11.4.0, GMP version 6.2.1, MPFR version 4.1.0, MPC version 1.2.1, isl version isl-0.24-GMP

GGC heuristics: --param ggc-min-expand=100 --param ggc-min-heapsize=131072
Compiler executable checksum: 46ebede1f5b795a957a1e85cb61af9d8
COLLECT_GCC_OPTIONS='-Wpedantic' '-D' '_DEFAULT_SOURCE' '-ffp-contract=off' '-mssse3' '-pthread' '-v' '-o' 'CMakeFiles/cmTC_b2c3e.dir/CMakeCCompilerABI.c.o' '-c' '-mtune=generic' '-march=x86-64' '-dumpdir' 'CMakeFiles/cmTC_b2c3e.dir/'
 as -v --64 -o CMakeFiles/cmTC_b2c3e.dir/CMakeCCompilerABI.c.o /tmp/cc185jnU.s
GNU assembler version 2.38 (x86_64-linux-gnu) using BFD version (GNU Binutils for Ubuntu) 2.38
COMPILER_PATH=/usr/lib/gcc/x86_64-linux-gnu/11/:/usr/lib/gcc/x86_64-linux-gnu/11/:/usr/lib/gcc/x86_64-linux-gnu/:/usr/lib/gcc/x86_64-linux-gnu/11/:/usr/lib/gcc/x86_64-linux-gnu/
LIBRARY_PATH=/usr/lib/gcc/x86_64-linux-gnu/11/:/usr/lib/gcc/x86_64-linux-gnu/11/../../../x86_64-linux-gnu/:/usr/lib/gcc/x86_64-linux-gnu/11/../../../../lib/:/lib/x86_64-linux-gnu/:/lib/../lib/:/usr/lib/x86_64-linux-gnu/:/usr/lib/../lib/:/usr/lib/gcc/x86_64-linux-gnu/11/../../../:/lib/:/usr/lib/
COLLECT_GCC_OPTIONS='-Wpedantic' '-D' '_DEFAULT_SOURCE' '-ffp-contract=off' '-mssse3' '-pthread' '-v' '-o' 'CMakeFiles/cmTC_b2c3e.dir/CMakeCCompilerABI.c.o' '-c' '-mtune=generic' '-march=x86-64' '-dumpdir' 'CMakeFiles/cmTC_b2c3e.dir/CMakeCCompilerABI.c.'
Linking C executable cmTC_b2c3e
/usr/bin/cmake -E cmake_link_script CMakeFiles/cmTC_b2c3e.dir/link.txt --verbose=1
/usr/bin/cc    -pedantic -D_DEFAULT_SOURCE   -ffp-contract=off   -mssse3 -pthread   -v CMakeFiles/cmTC_b2c3e.dir/CMakeCCompilerABI.c.o -o cmTC_b2c3e 
Using built-in specs.
COLLECT_GCC=/usr/bin/cc
COLLECT_LTO_WRAPPER=/usr/lib/gcc/x86_64-linux-gnu/11/lto-wrapper
OFFLOAD_TARGET_NAMES=nvptx-none:amdgcn-amdhsa
OFFLOAD_TARGET_DEFAULT=1
Target: x86_64-linux-gnu
Configured with: ../src/configure -v --with-pkgversion='Ubuntu 11.4.0-1ubuntu1~22.04.3' --with-bugurl=file:///usr/share/doc/gcc-11/README.Bugs --enable-languages=c,ada,c++,go,brig,d,fortran,objc,obj-c++,m2 --prefix=/usr --with-gcc-major-version-only --program-suffix=-11 --program-prefix=x86_64-linux-gnu- --enable-shared --enable-linker-build-id --libexecdir=/usr/lib --without-included-gettext --enable-threads=posix --libdir=/usr/lib --enable-nls --enable-bootstrap --enable-clocale=gnu --enable-libstdcxx-debug --enable-libstdcxx-time=yes --with-default-libstdcxx-abi=new --enable-gnu-unique-object --disable-vtable-verify --enable-plugin --enable-default-pie --with-system-zlib --enable-libphobos-checking=release --with-target-system-zlib=auto --enable-objc-gc=auto --enable-multiarch --disable-werror --enable-cet --with-arch-32=i686 --with-abi=m64 --with-multilib-list=m32,m64,mx32 --enable-multilib --with-tune=generic --enable-offload-targets=nvptx-none=/build/gcc-11-0odw26/gcc-11-11.4.0/debian/tmp-nvptx/usr,amdgcn-amdhsa=/build/gcc-11-0odw26/gcc-11-11.4.0/debian/tmp-gcn/usr --without-cuda-driver --enable-checking=release --build=x86_64-linux-gnu --host=x86_64-linux-gnu --target=x86_64-linux-gnu --with-build-config=bootstrap-lto-lean --enable-link-serialization=2
Thread model: posix
Supported LTO compression algorithms: zlib zstd
gcc version 11.4.0 (Ubuntu 11.4.0-1ubuntu1~22.04.3) 
COMPILER_PATH=/usr/lib/gcc/x86_64-linux-gnu/11/:/usr/lib/gcc/x86_64-linux-gnu/11/:/usr/lib/gcc/x86_64-linux-gnu/:/usr/lib/gcc/x86_64-linux-gnu/11/:/usr/lib/gcc/x86_64-linux-gnu/
LIBRARY_PATH=/usr/lib/gcc/x86_64-linux-gnu/11/:/usr/lib/gcc/x86_64-linux-gnu/11/../../../x86_64-linux-gnu/:/usr/lib/gcc/x86_64-linux-gnu/11/../../../../lib/:/lib/x86_64-linux-gnu/:/lib/../lib/:/usr/lib/x86_64-linux-gnu/:/usr/lib/../lib/:/usr/lib/gcc/x86_64-linux-gnu/11/../../../:/lib/:/usr/lib/
COLLECT_GCC_OPTIONS='-Wpedantic' '-D' '_DEFAULT_SOURCE' '-ffp-contract=off' '-mssse3' '-pthread' '-v' '-o' 'cmTC_b2c3e' '-mtune=generic' '-march=x86-64' '-dumpdir' 'cmTC_b2c3e.'
 /usr/lib/gcc/x86_64-linux-gnu/11/collect2 -plugin /usr/lib/gcc/x86_64-linux-gnu/11/liblto_plugin.so -plugin-opt=/usr/lib/gcc/x86_64-linux-gnu/11/lto-wrapper -plugin-opt=-fresolution=/tmp/ccsrE46e.res -plugin-opt=-pass-through=-lgcc -plugin-opt=-pass-through=-lgcc_s -plugin-opt=-pass-through=-lpthread -plugin-opt=-pass-through=-lc -plugin-opt=-pass-through=-lgcc -plugin-opt=-pass-through=-lgcc_s --build-id --eh-frame-hdr -m elf_x86_64 --hash-style=gnu --as-needed -dynamic-linker /lib64/ld-linux-x86-64.so.2 -pie -z now -z relro -o cmTC_b2c3e /usr/lib/gcc/x86_64-linux-gnu/11/../../../x86_64-linux-gnu/Scrt1.o /usr/lib/gcc/x86_64-linux-gnu/11/../../../x86_64-linux-gnu/crti.o /usr/lib/gcc/x86_64-linux-gnu/11/crtbeginS.o -L/usr/lib/gcc/x86_64-linux-gnu/11 -L/usr/lib/gcc/x86_64-linux-gnu/11/../../../x86_64-linux-gnu -L/usr/lib/gcc/x86_64-linux-gnu/11/../../../../lib -L/lib/x86_64-linux-gnu -L/lib/../lib -L/usr/lib/x86_64-linux-gnu -L/usr/lib/../lib -L/usr/lib/gcc/x86_64-linux-gnu/11/../../.. CMakeFiles/cmTC_b2c3e.dir/CMakeCCompilerABI.c.o -lgcc --push-state --as-needed -lgcc_s --pop-state -lpthread -lc -lgcc --push-state --as-needed -lgcc_s --pop-state /usr/lib/gcc/x86_64-linux-gnu/11/crtendS.o /usr/lib/gcc/x86_64-linux-gnu/11/../../../x86_64-linux-gnu/crtn.o
COLLECT_GCC_OPTIONS='-Wpedantic' '-D' '_DEFAULT_SOURCE' '-ffp-contract=off' '-mssse3' '-pthread' '-v' '-o' 'cmTC_b2c3e' '-mtune=generic' '-march=x86-64' '-dumpdir' 'cmTC_b2c3e.'
gmake[4]: Leaving directory '/home/wtc/realsense_src/build/libcurl/src/libcurl-build/CMakeFiles/CMakeTmp'
gmake[3]: Leaving directory '/home/wtc/realsense_src/build/libcurl/src/libcurl-build/CMakeFiles/CMakeTmp'



Parsed C implicit include dir info from above output: rv=done
  found start of include info
  found start of implicit include info
    add: [/usr/lib/gcc/x86_64-linux-gnu/11/include]
    add: [/usr/local/include]
    add: [/usr/include/x86_64-linux-gnu]
    add: [/usr/include]
  end of search list found
  collapse include dir [/usr/lib/gcc/x86_64-linux-gnu/11/include] ==> [/usr/lib/gcc/x86_64-linux-gnu/11/include]
  collapse include dir [/usr/local/include] ==> [/usr/local/include]
  collapse include dir [/usr/include/x86_64-linux-gnu] ==> [/usr/include/x86_64-linux-gnu]
  collapse include dir [/usr/include] ==> [/usr/include]
  implicit include dirs: [/usr/lib/gcc/x86_64-linux-gnu/11/include;/usr/local/include;/usr/include/x86_64-linux-gnu;/usr/include]


Parsed C implicit link information from above output:
  link line regex: [^( *|.*[/\])(ld|CMAKE_LINK_STARTFILE-NOTFOUND|([^/\]+-)?ld|collect2)[^/\]*( |$)]
  ignore line: [Change Dir: /home/wtc/realsense_src/build/libcurl/src/libcurl-build/CMakeFiles/CMakeTmp]
  ignore line: []
  ignore line: [Run Build Command(s):/usr/bin/gmake -f Makefile cmTC_b2c3e/fast && gmake[3]: Entering directory '/home/wtc/realsense_src/build/libcurl/src/libcurl-build/CMakeFiles/CMakeTmp']
  ignore line: [/usr/bin/gmake  -f CMakeFiles/cmTC_b2c3e.dir/build.make CMakeFiles/cmTC_b2c3e.dir/build]
  ignore line: [gmake[4]: Entering directory '/home/wtc/realsense_src/build/libcurl/src/libcurl-build/CMakeFiles/CMakeTmp']
  ignore line: [Building C object CMakeFiles/cmTC_b2c3e.dir/CMakeCCompilerABI.c.o]
  ignore line: [/usr/bin/cc   -pedantic -D_DEFAULT_SOURCE   -ffp-contract=off   -mssse3 -pthread    -v -o CMakeFiles/cmTC_b2c3e.dir/CMakeCCompilerABI.c.o -c /usr/share/cmake-3.22/Modules/CMakeCCompilerABI.c]
  ignore line: [Using built-in specs.]
  ignore line: [COLLECT_GCC=/usr/bin/cc]
  ignore line: [OFFLOAD_TARGET_NAMES=nvptx-none:amdgcn-amdhsa]
  ignore line: [OFFLOAD_TARGET_DEFAULT=1]
  ignore line: [Target: x86_64-linux-gnu]
  ignore line: [Configured with: ../src/configure -v --with-pkgversion='Ubuntu 11.4.0-1ubuntu1~22.04.3' --with-bugurl=file:///usr/share/doc/gcc-11/README.Bugs --enable-languages=c ada c++ go brig d fortran objc obj-c++ m2 --prefix=/usr --with-gcc-major-version-only --program-suffix=-11 --program-prefix=x86_64-linux-gnu- --enable-shared --enable-linker-build-id --libexecdir=/usr/lib --without-included-gettext --enable-threads=posix --libdir=/usr/lib --enable-nls --enable-bootstrap --enable-clocale=gnu --enable-libstdcxx-debug --enable-libstdcxx-time=yes --with-default-libstdcxx-abi=new --enable-gnu-unique-object --disable-vtable-verify --enable-plugin --enable-default-pie --with-system-zlib --enable-libphobos-checking=release --with-target-system-zlib=auto --enable-objc-gc=auto --enable-multiarch --disable-werror --enable-cet --with-arch-32=i686 --with-abi=m64 --with-multilib-list=m32 m64 mx32 --enable-multilib --with-tune=generic --enable-offload-targets=nvptx-none=/build/gcc-11-0odw26/gcc-11-11.4.0/debian/tmp-nvptx/usr amdgcn-amdhsa=/build/gcc-11-0odw26/gcc-11-11.4.0/debian/tmp-gcn/usr --without-cuda-driver --enable-checking=release --build=x86_64-linux-gnu --host=x86_64-linux-gnu --target=x86_64-linux-gnu --with-build-config=bootstrap-lto-lean --enable-link-serialization=2]
  ignore line: [Thread model: posix]
  ignore line: [Supported LTO compression algorithms: zlib zstd]
  ignore line: [gcc version 11.4.0 (Ubuntu 11.4.0-1ubuntu1~22.04.3) ]
  ignore line: [COLLECT_GCC_OPTIONS='-Wpedantic' '-D' '_DEFAULT_SOURCE' '-ffp-contract=off' '-mssse3' '-pthread' '-v' '-o' 'CMakeFiles/cmTC_b2c3e.dir/CMakeCCompilerABI.c.o' '-c' '-mtune=generic' '-march=x86-64' '-dumpdir' 'CMakeFiles/cmTC_b2c3e.dir/']
  ignore line: [ /usr/lib/gcc/x86_64-linux-gnu/11/cc1 -quiet -v -imultiarch x86_64-linux-gnu -D_REENTRANT -D _DEFAULT_SOURCE /usr/share/cmake-3.22/Modules/CMakeCCompilerABI.c -quiet -dumpdir CMakeFiles/cmTC_b2c3e.dir/ -dumpbase CMakeCCompilerABI.c.c -dumpbase-ext .c -mssse3 -mtune=generic -march=x86-64 -Wpedantic -version -ffp-contract=off -fasynchronous-unwind-tables -fstack-protector-strong -Wformat -Wformat-security -fstack-clash-protection -fcf-protection -o /tmp/cc185jnU.s]
  ignore line: [GNU C17 (Ubuntu 11.4.0-1ubuntu1~22.04.3) version 11.4.0 (x86_64-linux-gnu)]
  ignore line: [	compiled by GNU C version 11.4.0  GMP version 6.2.1  MPFR version 4.1.0  MPC version 1.2.1  isl version isl-0.24-GMP]
  ignore line: []
  ignore line: [GGC heuristics: --param ggc-min-expand=100 --param ggc-min-heapsize=131072]
  ignore line: [ignoring nonexistent directory "/usr/local/include/x86_64-linux-gnu"]
  ignore line: [ignoring nonexistent directory "/usr/lib/gcc/x86_64-linux-gnu/11/include-fixed"]
  ignore line: [ignoring nonexistent directory "/usr/lib/gcc/x86_64-linux-gnu/11/../../../../x86_64-linux-gnu/include"]
  ignore line: [#include "..." search starts here:]
  ignore line: [#include <...> search starts here:]
  ignore line: [ /usr/lib/gcc/x86_64-linux-gnu/11/include]
  ignore line: [ /usr/local/include]
  ignore line: [ /usr/include/x86_64-linux-gnu]
  ignore line: [ /usr/include]
  ignore line: [End of search list.]
  ignore line: [GNU C17 (Ubuntu 11.4.0-1ubuntu1~22.04.3) version 11.4.0 (x86_64-linux-gnu)]
  ignore line: [	compiled by GNU C version 11.4.0  GMP version 6.2.1  MPFR version 4.1.0  MPC version 1.2.1  isl version isl-0.24-GMP]
  ignore line: []
  ignore line: [GGC heuristics: --param ggc-min-expand=100 --param ggc-min-heapsize=131072]
  ignore line: [Compiler executable checksum: 46ebede1f5b795a957a1e85cb61af9d8]
  ignore line: [COLLECT_GCC_OPTIONS='-Wpedantic' '-D' '_DEFAULT_SOURCE' '-ffp-contract=off' '-mssse3' '-pthread' '-v' '-o' 'CMakeFiles/cmTC_b2c3e.dir/CMakeCCompilerABI.c.o' '-c' '-mtune=generic' '-march=x86-64' '-dumpdir' 'CMakeFiles/cmTC_b2c3e.dir/']
  ignore line: [ as -v --64 -o CMakeFiles/cmTC_b2c3e.dir/CMakeCCompilerABI.c.o /tmp/cc185jnU.s]
  ignore line: [GNU assembler version 2.38 (x86_64-linux-gnu) using BFD version (GNU Binutils for Ubuntu) 2.38]
  ignore line: [COMPILER_PATH=/usr/lib/gcc/x86_64-linux-gnu/11/:/usr/lib/gcc/x86_64-linux-gnu/11/:/usr/lib/gcc/x86_64-linux-gnu/:/usr/lib/gcc/x86_64-linux-gnu/11/:/usr/lib/gcc/x86_64-linux-gnu/]
  ignore line: [LIBRARY_PATH=/usr/lib/gcc/x86_64-linux-gnu/11/:/usr/lib/gcc/x86_64-linux-gnu/11/../../../x86_64-linux-gnu/:/usr/lib/gcc/x86_64-linux-gnu/11/../../../../lib/:/lib/x86_64-linux-gnu/:/lib/../lib/:/usr/lib/x86_64-linux-gnu/:/usr/lib/../lib/:/usr/lib/gcc/x86_64-linux-gnu/11/../../../:/lib/:/usr/lib/]
  ignore line: [COLLECT_GCC_OPTIONS='-Wpedantic' '-D' '_DEFAULT_SOURCE' '-ffp-contract=off' '-mssse3' '-pthread' '-v' '-o' 'CMakeFiles/cmTC_b2c3e.dir/CMakeCCompilerABI.c.o' '-c' '-mtune=generic' '-march=x86-64' '-dumpdir' 'CMakeFiles/cmTC_b2c3e.dir/CMakeCCompilerABI.c.']
  ignore line: [Linking C executable cmTC_b2c3e]
  ignore line: [/usr/bin/cmake -E cmake_link_script CMakeFiles/cmTC_b2c3e.dir/link.txt --verbose=1]
  ignore line: [/usr/bin/cc    -pedantic -D_DEFAULT_SOURCE   -ffp-contract=off   -mssse3 -pthread   -v CMakeFiles/cmTC_b2c3e.dir/CMakeCCompilerABI.c.o -o cmTC_b2c3e ]
  ignore line: [Using built-in specs.]
  ignore line: [COLLECT_GCC=/usr/bin/cc]
  ignore line: [COLLECT_LTO_WRAPPER=/usr/lib/gcc/x86_64-linux-gnu/11/lto-wrapper]
  ignore line: [OFFLOAD_TARGET_NAMES=nvptx-none:amdgcn-amdhsa]
  ignore line: [OFFLOAD_TARGET_DEFAULT=1]
  ignore line: [Target: x86_64-linux-gnu]
  ignore line: [Configured with: ../src/configure -v --with-pkgversion='Ubuntu 11.4.0-1ubuntu1~22.04.3' --with-bugurl=file:///usr/share/doc/gcc-11/README.Bugs --enable-languages=c ada c++ go brig d fortran objc obj-c++ m2 --prefix=/usr --with-gcc-major-version-only --program-suffix=-11 --program-prefix=x86_64-linux-gnu- --enable-shared --enable-linker-build-id --libexecdir=/usr/lib --without-included-gettext --enable-threads=posix --libdir=/usr/lib --enable-nls --enable-bootstrap --enable-clocale=gnu --enable-libstdcxx-debug --enable-libstdcxx-time=yes --with-default-libstdcxx-abi=new --enable-gnu-unique-object --disable-vtable-verify --enable-plugin --enable-default-pie --with-system-zlib --enable-libphobos-checking=release --with-target-system-zlib=auto --enable-objc-gc=auto --enable-multiarch --disable-werror --enable-cet --with-arch-32=i686 --with-abi=m64 --with-multilib-list=m32 m64 mx32 --enable-multilib --with-tune=generic --enable-offload-targets=nvptx-none=/build/gcc-11-0odw26/gcc-11-11.4.0/debian/tmp-nvptx/usr amdgcn-amdhsa=/build/gcc-11-0odw26/gcc-11-11.4.0/debian/tmp-gcn/usr --without-cuda-driver --enable-checking=release --build=x86_64-linux-gnu --host=x86_64-linux-gnu --target=x86_64-linux-gnu --with-build-config=bootstrap-lto-lean --enable-link-serialization=2]
  ignore line: [Thread model: posix]
  ignore line: [Supported LTO compression algorithms: zlib zstd]
  ignore line: [gcc version 11.4.0 (Ubuntu 11.4.0-1ubuntu1~22.04.3) ]
  ignore line: [COMPILER_PATH=/usr/lib/gcc/x86_64-linux-gnu/11/:/usr/lib/gcc/x86_64-linux-gnu/11/:/usr/lib/gcc/x86_64-linux-gnu/:/usr/lib/gcc/x86_64-linux-gnu/11/:/usr/lib/gcc/x86_64-linux-gnu/]
  ignore line: [LIBRARY_PATH=/usr/lib/gcc/x86_64-linux-gnu/11/:/usr/lib/gcc/x86_64-linux-gnu/11/../../../x86_64-linux-gnu/:/usr/lib/gcc/x86_64-linux-gnu/11/../../../../lib/:/lib/x86_64-linux-gnu/:/lib/../lib/:/usr/lib/x86_64-linux-gnu/:/usr/lib/../lib/:/usr/lib/gcc/x86_64-linux-gnu/11/../../../:/lib/:/usr/lib/]
  ignore line: [COLLECT_GCC_OPTIONS='-Wpedantic' '-D' '_DEFAULT_SOURCE' '-ffp-contract=off' '-mssse3' '-pthread' '-v' '-o' 'cmTC_b2c3e' '-mtune=generic' '-march=x86-64' '-dumpdir' 'cmTC_b2c3e.']
  link line: [ /usr/lib/gcc/x86_64-linux-gnu/11/collect2 -plugin /usr/lib/gcc/x86_64-linux-gnu/11/liblto_plugin.so -plugin-opt=/usr/lib/gcc/x86_64-linux-gnu/11/lto-wrapper -plugin-opt=-fresolution=/tmp/ccsrE46e.res -plugin-opt=-pass-through=-lgcc -plugin-opt=-pass-through=-lgcc_s -plugin-opt=-pass-through=-lpthread -plugin-opt=-pass-through=-lc -plugin-opt=-pass-through=-lgcc -plugin-opt=-pass-through=-lgcc_s --build-id --eh-frame-hdr -m elf_x86_64 --hash-style=gnu --as-needed -dynamic-linker /lib64/ld-linux-x86-64.so.2 -pie -z now -z relro -o cmTC_b2c3e /usr/lib/gcc/x86_64-linux-gnu/11/../../../x86_64-linux-gnu/Scrt1.o /usr/lib/gcc/x86_64-linux-gnu/11/../../../x86_64-linux-gnu/crti.o /usr/lib/gcc/x86_64-linux-gnu/11/crtbeginS.o -L/usr/lib/gcc/x86_64-linux-gnu/11 -L/usr/lib/gcc/x86_64-linux-gnu/11/../../../x86_64-linux-gnu -L/usr/lib/gcc/x86_64-linux-gnu/11/../../../../lib -L/lib/x86_64-linux-gnu -L/lib/../lib -L/usr/lib/x86_64-linux-gnu -L/usr/lib/../lib -L/usr/lib/gcc/x86_64-linux-gnu/11/../../.. CMakeFiles/cmTC_b2c3e.dir/CMakeCCompilerABI.c.o -lgcc --push-state --as-needed -lgcc_s --pop-state -lpthread -lc -lgcc --push-state --as-needed -lgcc_s --pop-state /usr/lib/gcc/x86_64-linux-gnu/11/crtendS.o /usr/lib/gcc/x86_64-linux-gnu/11/../../../x86_64-linux-gnu/crtn.o]
    arg [/usr/lib/gcc/x86_64-linux-gnu/11/collect2] ==> ignore
    arg [-plugin] ==> ignore
    arg [/usr/lib/gcc/x86_64-linux-gnu/11/liblto_plugin.so] ==> ignore
    arg [-plugin-opt=/usr/lib/gcc/x86_64-linux-gnu/11/lto-wrapper] ==> ignore
    arg [-plugin-opt=-fresolution=/tmp/ccsrE46e.res] ==> ignore
    arg [-plugin-opt=-pass-through=-lgcc] ==> ignore
    arg [-plugin-opt=-pass-through=-lgcc_s] ==> ignore
    arg [-plugin-opt=-pass-through=-lpthread] ==> ignore
    arg [-plugin-opt=-pass-through=-lc] ==> ignore
    arg [-plugin-opt=-pass-through=-lgcc] ==> ignore
    arg [-plugin-opt=-pass-through=-lgcc_s] ==> ignore
    arg [--build-id] ==> ignore
    arg [--eh-frame-hdr] ==> ignore
    arg [-m] ==> ignore
    arg [elf_x86_64] ==> ignore
    arg [--hash-style=gnu] ==> ignore
    arg [--as-needed] ==> ignore
    arg [-dynamic-linker] ==> ignore
    arg [/lib64/ld-linux-x86-64.so.2] ==> ignore
    arg [-pie] ==> ignore
    arg [-znow] ==> ignore
    arg [-zrelro] ==> ignore
    arg [-o] ==> ignore
    arg [cmTC_b2c3e] ==> ignore
    arg [/usr/lib/gcc/x86_64-linux-gnu/11/../../../x86_64-linux-gnu/Scrt1.o] ==> obj [/usr/lib/gcc/x86_64-linux-gnu/11/../../../x86_64-linux-gnu/Scrt1.o]
    arg [/usr/lib/gcc/x86_64-linux-gnu/11/../../../x86_64-linux-gnu/crti.o] ==> obj [/usr/lib/gcc/x86_64-linux-gnu/11/../../../x86_64-linux-gnu/crti.o]
    arg [/usr/lib/gcc/x86_64-linux-gnu/11/crtbeginS.o] ==> obj [/usr/lib/gcc/x86_64-linux-gnu/11/crtbeginS.o]
    arg [-L/usr/lib/gcc/x86_64-linux-gnu/11] ==> dir [/usr/lib/gcc/x86_64-linux-gnu/11]
    arg [-L/usr/lib/gcc/x86_64-linux-gnu/11/../../../x86_64-linux-gnu] ==> dir [/usr/lib/gcc/x86_64-linux-gnu/11/../../../x86_64-linux-gnu]
    arg [-L/usr/lib/gcc/x86_64-linux-gnu/11/../../../../lib] ==> dir [/usr/lib/gcc/x86_64-linux-gnu/11/../../../../lib]
    arg [-L/lib/x86_64-linux-gnu] ==> dir [/lib/x86_64-linux-gnu]
    arg [-L/lib/../lib] ==> dir [/lib/../lib]
    arg [-L/usr/lib/x86_64-linux-gnu] ==> dir [/usr/lib/x86_64-linux-gnu]
    arg [-L/usr/lib/../lib] ==> dir [/usr/lib/../lib]
    arg [-L/usr/lib/gcc/x86_64-linux-gnu/11/../../..] ==> dir [/usr/lib/gcc/x86_64-linux-gnu/11/../../..]
    arg [CMakeFiles/cmTC_b2c3e.dir/CMakeCCompilerABI.c.o] ==> ignore
    arg [-lgcc] ==> lib [gcc]
    arg [--push-state] ==> ignore
    arg [--as-needed] ==> ignore
    arg [-lgcc_s] ==> lib [gcc_s]
    arg [--pop-state] ==> ignore
    arg [-lpthread] ==> lib [pthread]
    arg [-lc] ==> lib [c]
    arg [-lgcc] ==> lib [gcc]
    arg [--push-state] ==> ignore
    arg [--as-needed] ==> ignore
    arg [-lgcc_s] ==> lib [gcc_s]
    arg [--pop-state] ==> ignore
    arg [/usr/lib/gcc/x86_64-linux-gnu/11/crtendS.o] ==> obj [/usr/lib/gcc/x86_64-linux-gnu/11/crtendS.o]
    arg [/usr/lib/gcc/x86_64-linux-gnu/11/../../../x86_64-linux-gnu/crtn.o] ==> obj [/usr/lib/gcc/x86_64-linux-gnu/11/../../../x86_64-linux-gnu/crtn.o]
  collapse obj [/usr/lib/gcc/x86_64-linux-gnu/11/../../../x86_64-linux-gnu/Scrt1.o] ==> [/usr/lib/x86_64-linux-gnu/Scrt1.o]
  collapse obj [/usr/lib/gcc/x86_64-linux-gnu/11/../../../x86_64-linux-gnu/crti.o] ==> [/usr/lib/x86_64-linux-gnu/crti.o]
  collapse obj [/usr/lib/gcc/x86_64-linux-gnu/11/../../../x86_64-linux-gnu/crtn.o] ==> [/usr/lib/x86_64-linux-gnu/crtn.o]
  collapse library dir [/usr/lib/gcc/x86_64-linux-gnu/11] ==> [/usr/lib/gcc/x86_64-linux-gnu/11]
  collapse library dir [/usr/lib/gcc/x86_64-linux-gnu/11/../../../x86_64-linux-gnu] ==> [/usr/lib/x86_64-linux-gnu]
  collapse library dir [/usr/lib/gcc/x86_64-linux-gnu/11/../../../../lib] ==> [/usr/lib]
  collapse library dir [/lib/x86_64-linux-gnu] ==> [/lib/x86_64-linux-gnu]
  collapse library dir [/lib/../lib] ==> [/lib]
  collapse library dir [/usr/lib/x86_64-linux-gnu] ==> [/usr/lib/x86_64-linux-gnu]
  collapse library dir [/usr/lib/../lib] ==> [/usr/lib]
  collapse library dir [/usr/lib/gcc/x86_64-linux-gnu/11/../../..] ==> [/usr/lib]
  implicit libs: [gcc;gcc_s;pthread;c;gcc;gcc_s]
  implicit objs: [/usr/lib/x86_64-linux-gnu/Scrt1.o;/usr/lib/x86_64-linux-gnu/crti.o;/usr/lib/gcc/x86_64-linux-gnu/11/crtbeginS.o;/usr/lib/gcc/x86_64-linux-gnu/11/crtendS.o;/usr/lib/x86_64-linux-gnu/crtn.o]
  implicit dirs: [/usr/lib/gcc/x86_64-linux-gnu/11;/usr/lib/x86_64-linux-gnu;/usr/lib;/lib/x86_64-linux-gnu;/lib]
  implicit fwks: []


Performing C SOURCE FILE Test OPT_Wdouble_promotion succeeded with the following output:
Change Dir: /home/wtc/realsense_src/build/libcurl/src/libcurl-build/CMakeFiles/CMakeTmp

Run Build Command(s):/usr/bin/gmake -f Makefile cmTC_07610/fast && gmake[3]: Entering directory '/home/wtc/realsense_src/build/libcurl/src/libcurl-build/CMakeFiles/CMakeTmp'
/usr/bin/gmake  -f CMakeFiles/cmTC_07610.dir/build.make CMakeFiles/cmTC_07610.dir/build
gmake[4]: Entering directory '/home/wtc/realsense_src/build/libcurl/src/libcurl-build/CMakeFiles/CMakeTmp'
Building C object CMakeFiles/cmTC_07610.dir/src.c.o
/usr/bin/cc -DOPT_Wdouble_promotion  -pedantic -D_DEFAULT_SOURCE   -ffp-contract=off   -mssse3 -pthread    -Wdouble-promotion -o CMakeFiles/cmTC_07610.dir/src.c.o -c /home/wtc/realsense_src/build/libcurl/src/libcurl-build/CMakeFiles/CMakeTmp/src.c
Linking C executable cmTC_07610
/usr/bin/cmake -E cmake_link_script CMakeFiles/cmTC_07610.dir/link.txt --verbose=1
/usr/bin/cc    -pedantic -D_DEFAULT_SOURCE   -ffp-contract=off   -mssse3 -pthread  CMakeFiles/cmTC_07610.dir/src.c.o -o cmTC_07610 
gmake[4]: Leaving directory '/home/wtc/realsense_src/build/libcurl/src/libcurl-build/CMakeFiles/CMakeTmp'
gmake[3]: Leaving directory '/home/wtc/realsense_src/build/libcurl/src/libcurl-build/CMakeFiles/CMakeTmp'


Source file was:
int main(void) { return 0; }
Performing C SOURCE FILE Test OPT_Wenum_conversion succeeded with the following output:
Change Dir: /home/wtc/realsense_src/build/libcurl/src/libcurl-build/CMakeFiles/CMakeTmp

Run Build Command(s):/usr/bin/gmake -f Makefile cmTC_df58d/fast && gmake[3]: Entering directory '/home/wtc/realsense_src/build/libcurl/src/libcurl-build/CMakeFiles/CMakeTmp'
/usr/bin/gmake  -f CMakeFiles/cmTC_df58d.dir/build.make CMakeFiles/cmTC_df58d.dir/build
gmake[4]: Entering directory '/home/wtc/realsense_src/build/libcurl/src/libcurl-build/CMakeFiles/CMakeTmp'
Building C object CMakeFiles/cmTC_df58d.dir/src.c.o
/usr/bin/cc -DOPT_Wenum_conversion  -pedantic -D_DEFAULT_SOURCE   -ffp-contract=off   -mssse3 -pthread    -Wenum-conversion -o CMakeFiles/cmTC_df58d.dir/src.c.o -c /home/wtc/realsense_src/build/libcurl/src/libcurl-build/CMakeFiles/CMakeTmp/src.c
Linking C executable cmTC_df58d
/usr/bin/cmake -E cmake_link_script CMakeFiles/cmTC_df58d.dir/link.txt --verbose=1
/usr/bin/cc    -pedantic -D_DEFAULT_SOURCE   -ffp-contract=off   -mssse3 -pthread  CMakeFiles/cmTC_df58d.dir/src.c.o -o cmTC_df58d 
gmake[4]: Leaving directory '/home/wtc/realsense_src/build/libcurl/src/libcurl-build/CMakeFiles/CMakeTmp'
gmake[3]: Leaving directory '/home/wtc/realsense_src/build/libcurl/src/libcurl-build/CMakeFiles/CMakeTmp'


Source file was:
int main(void) { return 0; }
Performing C SOURCE FILE Test OPT_Wpragmas succeeded with the following output:
Change Dir: /home/wtc/realsense_src/build/libcurl/src/libcurl-build/CMakeFiles/CMakeTmp

Run Build Command(s):/usr/bin/gmake -f Makefile cmTC_071b4/fast && gmake[3]: Entering directory '/home/wtc/realsense_src/build/libcurl/src/libcurl-build/CMakeFiles/CMakeTmp'
/usr/bin/gmake  -f CMakeFiles/cmTC_071b4.dir/build.make CMakeFiles/cmTC_071b4.dir/build
gmake[4]: Entering directory '/home/wtc/realsense_src/build/libcurl/src/libcurl-build/CMakeFiles/CMakeTmp'
Building C object CMakeFiles/cmTC_071b4.dir/src.c.o
/usr/bin/cc -DOPT_Wpragmas  -pedantic -D_DEFAULT_SOURCE   -ffp-contract=off   -mssse3 -pthread    -Wpragmas -o CMakeFiles/cmTC_071b4.dir/src.c.o -c /home/wtc/realsense_src/build/libcurl/src/libcurl-build/CMakeFiles/CMakeTmp/src.c
Linking C executable cmTC_071b4
/usr/bin/cmake -E cmake_link_script CMakeFiles/cmTC_071b4.dir/link.txt --verbose=1
/usr/bin/cc    -pedantic -D_DEFAULT_SOURCE   -ffp-contract=off   -mssse3 -pthread  CMakeFiles/cmTC_071b4.dir/src.c.o -o cmTC_071b4 
gmake[4]: Leaving directory '/home/wtc/realsense_src/build/libcurl/src/libcurl-build/CMakeFiles/CMakeTmp'
gmake[3]: Leaving directory '/home/wtc/realsense_src/build/libcurl/src/libcurl-build/CMakeFiles/CMakeTmp'


Source file was:
int main(void) { return 0; }
Performing C SOURCE FILE Test OPT_Wunused_const_variable succeeded with the following output:
Change Dir: /home/wtc/realsense_src/build/libcurl/src/libcurl-build/CMakeFiles/CMakeTmp

Run Build Command(s):/usr/bin/gmake -f Makefile cmTC_5679f/fast && gmake[3]: Entering directory '/home/wtc/realsense_src/build/libcurl/src/libcurl-build/CMakeFiles/CMakeTmp'
/usr/bin/gmake  -f CMakeFiles/cmTC_5679f.dir/build.make CMakeFiles/cmTC_5679f.dir/build
gmake[4]: Entering directory '/home/wtc/realsense_src/build/libcurl/src/libcurl-build/CMakeFiles/CMakeTmp'
Building C object CMakeFiles/cmTC_5679f.dir/src.c.o
/usr/bin/cc -DOPT_Wunused_const_variable  -pedantic -D_DEFAULT_SOURCE   -ffp-contract=off   -mssse3 -pthread    -Wunused-const-variable -o CMakeFiles/cmTC_5679f.dir/src.c.o -c /home/wtc/realsense_src/build/libcurl/src/libcurl-build/CMakeFiles/CMakeTmp/src.c
Linking C executable cmTC_5679f
/usr/bin/cmake -E cmake_link_script CMakeFiles/cmTC_5679f.dir/link.txt --verbose=1
/usr/bin/cc    -pedantic -D_DEFAULT_SOURCE   -ffp-contract=off   -mssse3 -pthread  CMakeFiles/cmTC_5679f.dir/src.c.o -o cmTC_5679f 
gmake[4]: Leaving directory '/home/wtc/realsense_src/build/libcurl/src/libcurl-build/CMakeFiles/CMakeTmp'
gmake[3]: Leaving directory '/home/wtc/realsense_src/build/libcurl/src/libcurl-build/CMakeFiles/CMakeTmp'


Source file was:
int main(void) { return 0; }
Performing C SOURCE FILE Test HAVE_SOCKADDR_IN6_SIN6_ADDR succeeded with the following output:
Change Dir: /home/wtc/realsense_src/build/libcurl/src/libcurl-build/CMakeFiles/CMakeTmp

Run Build Command(s):/usr/bin/gmake -f Makefile cmTC_dfb93/fast && gmake[3]: 进入目录“/home/wtc/realsense_src/build/libcurl/src/libcurl-build/CMakeFiles/CMakeTmp”
/usr/bin/gmake  -f CMakeFiles/cmTC_dfb93.dir/build.make CMakeFiles/cmTC_dfb93.dir/build
gmake[4]: 进入目录“/home/wtc/realsense_src/build/libcurl/src/libcurl-build/CMakeFiles/CMakeTmp”
Building C object CMakeFiles/cmTC_dfb93.dir/src.c.o
/usr/bin/cc -DHAVE_SOCKADDR_IN6_SIN6_ADDR  -pedantic -D_DEFAULT_SOURCE   -ffp-contract=off   -mssse3 -pthread  -W -Wall -pedantic -Wbad-function-cast -Wconversion -Winline -Wmissing-declarations -Wmissing-prototypes -Wnested-externs -Wno-long-long -Wno-multichar -Wpointer-arith -Wshadow -Wsign-compare -Wundef -Wunused -Wwrite-strings -Waddress -Wattributes -Wcast-align -Wdeclaration-after-statement -Wdiv-by-zero -Wempty-body -Wendif-labels -Wfloat-equal -Wformat-security -Wignored-qualifiers -Wmissing-field-initializers -Wmissing-noreturn -Wno-format-nonliteral -Wno-system-headers -Wold-style-definition -Wredundant-decls -Wsign-conversion -Wno-error=sign-conversion -Wstrict-prototypes -Wtype-limits -Wunreachable-code -Wunused-parameter -Wvla -Wclobbered -Wmissing-parameter-type -Wold-style-declaration -Wstrict-aliasing=3 -Wtrampolines -Wformat=2 -Warray-bounds=2 -ftree-vrp -Wduplicated-cond -Wnull-dereference -fdelete-null-pointer-checks -Wshift-negative-value -Wshift-overflow=2 -Walloc-zero -Wduplicated-branches -Wformat-overflow=2 -Wformat-truncation=2 -Wimplicit-fallthrough -Wrestrict -Warith-conversion -Wdouble-promotion -Wenum-conversion -Wpragmas -Wunused-const-variable  -o CMakeFiles/cmTC_dfb93.dir/src.c.o -c /home/wtc/realsense_src/build/libcurl/src/libcurl-build/CMakeFiles/CMakeTmp/src.c
/home/wtc/realsense_src/build/libcurl/src/libcurl-build/CMakeFiles/CMakeTmp/src.c:4:5: warning: function declaration isn’t a prototype [-Wstrict-prototypes]
    4 | int main()
      |     ^~~~
/home/wtc/realsense_src/build/libcurl/src/libcurl-build/CMakeFiles/CMakeTmp/src.c: In function ‘main’:
/home/wtc/realsense_src/build/libcurl/src/libcurl-build/CMakeFiles/CMakeTmp/src.c:4:5: warning: old-style function definition [-Wold-style-definition]
Linking C executable cmTC_dfb93
/usr/bin/cmake -E cmake_link_script CMakeFiles/cmTC_dfb93.dir/link.txt --verbose=1
/usr/bin/cc    -pedantic -D_DEFAULT_SOURCE   -ffp-contract=off   -mssse3 -pthread  -W -Wall -pedantic -Wbad-function-cast -Wconversion -Winline -Wmissing-declarations -Wmissing-prototypes -Wnested-externs -Wno-long-long -Wno-multichar -Wpointer-arith -Wshadow -Wsign-compare -Wundef -Wunused -Wwrite-strings -Waddress -Wattributes -Wcast-align -Wdeclaration-after-statement -Wdiv-by-zero -Wempty-body -Wendif-labels -Wfloat-equal -Wformat-security -Wignored-qualifiers -Wmissing-field-initializers -Wmissing-noreturn -Wno-format-nonliteral -Wno-system-headers -Wold-style-definition -Wredundant-decls -Wsign-conversion -Wno-error=sign-conversion -Wstrict-prototypes -Wtype-limits -Wunreachable-code -Wunused-parameter -Wvla -Wclobbered -Wmissing-parameter-type -Wold-style-declaration -Wstrict-aliasing=3 -Wtrampolines -Wformat=2 -Warray-bounds=2 -ftree-vrp -Wduplicated-cond -Wnull-dereference -fdelete-null-pointer-checks -Wshift-negative-value -Wshift-overflow=2 -Walloc-zero -Wduplicated-branches -Wformat-overflow=2 -Wformat-truncation=2 -Wimplicit-fallthrough -Wrestrict -Warith-conversion -Wdouble-promotion -Wenum-conversion -Wpragmas -Wunused-const-variable  CMakeFiles/cmTC_dfb93.dir/src.c.o -o cmTC_dfb93 
gmake[4]: 离开目录“/home/wtc/realsense_src/build/libcurl/src/libcurl-build/CMakeFiles/CMakeTmp”
gmake[3]: 离开目录“/home/wtc/realsense_src/build/libcurl/src/libcurl-build/CMakeFiles/CMakeTmp”


Source file was:

#include <netinet/in.h>

int main()
{
  (void)sizeof(((struct sockaddr_in6 *)0)->sin6_addr);
  return 0;
}

Performing C SOURCE FILE Test HAVE_SOCKADDR_IN6_SIN6_SCOPE_ID succeeded with the following output:
Change Dir: /home/wtc/realsense_src/build/libcurl/src/libcurl-build/CMakeFiles/CMakeTmp

Run Build Command(s):/usr/bin/gmake -f Makefile cmTC_2f64e/fast && gmake[3]: 进入目录“/home/wtc/realsense_src/build/libcurl/src/libcurl-build/CMakeFiles/CMakeTmp”
/usr/bin/gmake  -f CMakeFiles/cmTC_2f64e.dir/build.make CMakeFiles/cmTC_2f64e.dir/build
gmake[4]: 进入目录“/home/wtc/realsense_src/build/libcurl/src/libcurl-build/CMakeFiles/CMakeTmp”
Building C object CMakeFiles/cmTC_2f64e.dir/src.c.o
/usr/bin/cc -DHAVE_SOCKADDR_IN6_SIN6_SCOPE_ID  -pedantic -D_DEFAULT_SOURCE   -ffp-contract=off   -mssse3 -pthread  -W -Wall -pedantic -Wbad-function-cast -Wconversion -Winline -Wmissing-declarations -Wmissing-prototypes -Wnested-externs -Wno-long-long -Wno-multichar -Wpointer-arith -Wshadow -Wsign-compare -Wundef -Wunused -Wwrite-strings -Waddress -Wattributes -Wcast-align -Wdeclaration-after-statement -Wdiv-by-zero -Wempty-body -Wendif-labels -Wfloat-equal -Wformat-security -Wignored-qualifiers -Wmissing-field-initializers -Wmissing-noreturn -Wno-format-nonliteral -Wno-system-headers -Wold-style-definition -Wredundant-decls -Wsign-conversion -Wno-error=sign-conversion -Wstrict-prototypes -Wtype-limits -Wunreachable-code -Wunused-parameter -Wvla -Wclobbered -Wmissing-parameter-type -Wold-style-declaration -Wstrict-aliasing=3 -Wtrampolines -Wformat=2 -Warray-bounds=2 -ftree-vrp -Wduplicated-cond -Wnull-dereference -fdelete-null-pointer-checks -Wshift-negative-value -Wshift-overflow=2 -Walloc-zero -Wduplicated-branches -Wformat-overflow=2 -Wformat-truncation=2 -Wimplicit-fallthrough -Wrestrict -Warith-conversion -Wdouble-promotion -Wenum-conversion -Wpragmas -Wunused-const-variable  -o CMakeFiles/cmTC_2f64e.dir/src.c.o -c /home/wtc/realsense_src/build/libcurl/src/libcurl-build/CMakeFiles/CMakeTmp/src.c
/home/wtc/realsense_src/build/libcurl/src/libcurl-build/CMakeFiles/CMakeTmp/src.c:4:5: warning: function declaration isn’t a prototype [-Wstrict-prototypes]
    4 | int main()
      |     ^~~~
/home/wtc/realsense_src/build/libcurl/src/libcurl-build/CMakeFiles/CMakeTmp/src.c: In function ‘main’:
/home/wtc/realsense_src/build/libcurl/src/libcurl-build/CMakeFiles/CMakeTmp/src.c:4:5: warning: old-style function definition [-Wold-style-definition]
Linking C executable cmTC_2f64e
/usr/bin/cmake -E cmake_link_script CMakeFiles/cmTC_2f64e.dir/link.txt --verbose=1
/usr/bin/cc    -pedantic -D_DEFAULT_SOURCE   -ffp-contract=off   -mssse3 -pthread  -W -Wall -pedantic -Wbad-function-cast -Wconversion -Winline -Wmissing-declarations -Wmissing-prototypes -Wnested-externs -Wno-long-long -Wno-multichar -Wpointer-arith -Wshadow -Wsign-compare -Wundef -Wunused -Wwrite-strings -Waddress -Wattributes -Wcast-align -Wdeclaration-after-statement -Wdiv-by-zero -Wempty-body -Wendif-labels -Wfloat-equal -Wformat-security -Wignored-qualifiers -Wmissing-field-initializers -Wmissing-noreturn -Wno-format-nonliteral -Wno-system-headers -Wold-style-definition -Wredundant-decls -Wsign-conversion -Wno-error=sign-conversion -Wstrict-prototypes -Wtype-limits -Wunreachable-code -Wunused-parameter -Wvla -Wclobbered -Wmissing-parameter-type -Wold-style-declaration -Wstrict-aliasing=3 -Wtrampolines -Wformat=2 -Warray-bounds=2 -ftree-vrp -Wduplicated-cond -Wnull-dereference -fdelete-null-pointer-checks -Wshift-negative-value -Wshift-overflow=2 -Walloc-zero -Wduplicated-branches -Wformat-overflow=2 -Wformat-truncation=2 -Wimplicit-fallthrough -Wrestrict -Warith-conversion -Wdouble-promotion -Wenum-conversion -Wpragmas -Wunused-const-variable  CMakeFiles/cmTC_2f64e.dir/src.c.o -o cmTC_2f64e 
gmake[4]: 离开目录“/home/wtc/realsense_src/build/libcurl/src/libcurl-build/CMakeFiles/CMakeTmp”
gmake[3]: 离开目录“/home/wtc/realsense_src/build/libcurl/src/libcurl-build/CMakeFiles/CMakeTmp”


Source file was:

#include <netinet/in.h>

int main()
{
  (void)sizeof(((struct sockaddr_in6 *)0)->sin6_scope_id);
  return 0;
}

Determining if the include file pthread.h exists passed with the following output:
Change Dir: /home/wtc/realsense_src/build/libcurl/src/libcurl-build/CMakeFiles/CMakeTmp

Run Build Command(s):/usr/bin/gmake -f Makefile cmTC_d0353/fast && gmake[3]: 进入目录“/home/wtc/realsense_src/build/libcurl/src/libcurl-build/CMakeFiles/CMakeTmp”
/usr/bin/gmake  -f CMakeFiles/cmTC_d0353.dir/build.make CMakeFiles/cmTC_d0353.dir/build
gmake[4]: 进入目录“/home/wtc/realsense_src/build/libcurl/src/libcurl-build/CMakeFiles/CMakeTmp”
Building C object CMakeFiles/cmTC_d0353.dir/CheckIncludeFile.c.o
/usr/bin/cc   -pedantic -D_DEFAULT_SOURCE   -ffp-contract=off   -mssse3 -pthread  -W -Wall -pedantic -Wbad-function-cast -Wconversion -Winline -Wmissing-declarations -Wmissing-prototypes -Wnested-externs -Wno-long-long -Wno-multichar -Wpointer-arith -Wshadow -Wsign-compare -Wundef -Wunused -Wwrite-strings -Waddress -Wattributes -Wcast-align -Wdeclaration-after-statement -Wdiv-by-zero -Wempty-body -Wendif-labels -Wfloat-equal -Wformat-security -Wignored-qualifiers -Wmissing-field-initializers -Wmissing-noreturn -Wno-format-nonliteral -Wno-system-headers -Wold-style-definition -Wredundant-decls -Wsign-conversion -Wno-error=sign-conversion -Wstrict-prototypes -Wtype-limits -Wunreachable-code -Wunused-parameter -Wvla -Wclobbered -Wmissing-parameter-type -Wold-style-declaration -Wstrict-aliasing=3 -Wtrampolines -Wformat=2 -Warray-bounds=2 -ftree-vrp -Wduplicated-cond -Wnull-dereference -fdelete-null-pointer-checks -Wshift-negative-value -Wshift-overflow=2 -Walloc-zero -Wduplicated-branches -Wformat-overflow=2 -Wformat-truncation=2 -Wimplicit-fallthrough -Wrestrict -Warith-conversion -Wdouble-promotion -Wenum-conversion -Wpragmas -Wunused-const-variable  -o CMakeFiles/cmTC_d0353.dir/CheckIncludeFile.c.o -c /home/wtc/realsense_src/build/libcurl/src/libcurl-build/CMakeFiles/CMakeTmp/CheckIncludeFile.c
Linking C executable cmTC_d0353
/usr/bin/cmake -E cmake_link_script CMakeFiles/cmTC_d0353.dir/link.txt --verbose=1
/usr/bin/cc    -pedantic -D_DEFAULT_SOURCE   -ffp-contract=off   -mssse3 -pthread  -W -Wall -pedantic -Wbad-function-cast -Wconversion -Winline -Wmissing-declarations -Wmissing-prototypes -Wnested-externs -Wno-long-long -Wno-multichar -Wpointer-arith -Wshadow -Wsign-compare -Wundef -Wunused -Wwrite-strings -Waddress -Wattributes -Wcast-align -Wdeclaration-after-statement -Wdiv-by-zero -Wempty-body -Wendif-labels -Wfloat-equal -Wformat-security -Wignored-qualifiers -Wmissing-field-initializers -Wmissing-noreturn -Wno-format-nonliteral -Wno-system-headers -Wold-style-definition -Wredundant-decls -Wsign-conversion -Wno-error=sign-conversion -Wstrict-prototypes -Wtype-limits -Wunreachable-code -Wunused-parameter -Wvla -Wclobbered -Wmissing-parameter-type -Wold-style-declaration -Wstrict-aliasing=3 -Wtrampolines -Wformat=2 -Warray-bounds=2 -ftree-vrp -Wduplicated-cond -Wnull-dereference -fdelete-null-pointer-checks -Wshift-negative-value -Wshift-overflow=2 -Walloc-zero -Wduplicated-branches -Wformat-overflow=2 -Wformat-truncation=2 -Wimplicit-fallthrough -Wrestrict -Warith-conversion -Wdouble-promotion -Wenum-conversion -Wpragmas -Wunused-const-variable  CMakeFiles/cmTC_d0353.dir/CheckIncludeFile.c.o -o cmTC_d0353 
gmake[4]: 离开目录“/home/wtc/realsense_src/build/libcurl/src/libcurl-build/CMakeFiles/CMakeTmp”
gmake[3]: 离开目录“/home/wtc/realsense_src/build/libcurl/src/libcurl-build/CMakeFiles/CMakeTmp”



Performing C SOURCE FILE Test CMAKE_HAVE_LIBC_PTHREAD succeeded with the following output:
Change Dir: /home/wtc/realsense_src/build/libcurl/src/libcurl-build/CMakeFiles/CMakeTmp

Run Build Command(s):/usr/bin/gmake -f Makefile cmTC_f9c58/fast && gmake[3]: 进入目录“/home/wtc/realsense_src/build/libcurl/src/libcurl-build/CMakeFiles/CMakeTmp”
/usr/bin/gmake  -f CMakeFiles/cmTC_f9c58.dir/build.make CMakeFiles/cmTC_f9c58.dir/build
gmake[4]: 进入目录“/home/wtc/realsense_src/build/libcurl/src/libcurl-build/CMakeFiles/CMakeTmp”
Building C object CMakeFiles/cmTC_f9c58.dir/src.c.o
/usr/bin/cc -DCMAKE_HAVE_LIBC_PTHREAD  -pedantic -D_DEFAULT_SOURCE   -ffp-contract=off   -mssse3 -pthread  -W -Wall -pedantic -Wbad-function-cast -Wconversion -Winline -Wmissing-declarations -Wmissing-prototypes -Wnested-externs -Wno-long-long -Wno-multichar -Wpointer-arith -Wshadow -Wsign-compare -Wundef -Wunused -Wwrite-strings -Waddress -Wattributes -Wcast-align -Wdeclaration-after-statement -Wdiv-by-zero -Wempty-body -Wendif-labels -Wfloat-equal -Wformat-security -Wignored-qualifiers -Wmissing-field-initializers -Wmissing-noreturn -Wno-format-nonliteral -Wno-system-headers -Wold-style-definition -Wredundant-decls -Wsign-conversion -Wno-error=sign-conversion -Wstrict-prototypes -Wtype-limits -Wunreachable-code -Wunused-parameter -Wvla -Wclobbered -Wmissing-parameter-type -Wold-style-declaration -Wstrict-aliasing=3 -Wtrampolines -Wformat=2 -Warray-bounds=2 -ftree-vrp -Wduplicated-cond -Wnull-dereference -fdelete-null-pointer-checks -Wshift-negative-value -Wshift-overflow=2 -Walloc-zero -Wduplicated-branches -Wformat-overflow=2 -Wformat-truncation=2 -Wimplicit-fallthrough -Wrestrict -Warith-conversion -Wdouble-promotion -Wenum-conversion -Wpragmas -Wunused-const-variable  -o CMakeFiles/cmTC_f9c58.dir/src.c.o -c /home/wtc/realsense_src/build/libcurl/src/libcurl-build/CMakeFiles/CMakeTmp/src.c
Linking C executable cmTC_f9c58
/usr/bin/cmake -E cmake_link_script CMakeFiles/cmTC_f9c58.dir/link.txt --verbose=1
/usr/bin/cc    -pedantic -D_DEFAULT_SOURCE   -ffp-contract=off   -mssse3 -pthread  -W -Wall -pedantic -Wbad-function-cast -Wconversion -Winline -Wmissing-declarations -Wmissing-prototypes -Wnested-externs -Wno-long-long -Wno-multichar -Wpointer-arith -Wshadow -Wsign-compare -Wundef -Wunused -Wwrite-strings -Waddress -Wattributes -Wcast-align -Wdeclaration-after-statement -Wdiv-by-zero -Wempty-body -Wendif-labels -Wfloat-equal -Wformat-security -Wignored-qualifiers -Wmissing-field-initializers -Wmissing-noreturn -Wno-format-nonliteral -Wno-system-headers -Wold-style-definition -Wredundant-decls -Wsign-conversion -Wno-error=sign-conversion -Wstrict-prototypes -Wtype-limits -Wunreachable-code -Wunused-parameter -Wvla -Wclobbered -Wmissing-parameter-type -Wold-style-declaration -Wstrict-aliasing=3 -Wtrampolines -Wformat=2 -Warray-bounds=2 -ftree-vrp -Wduplicated-cond -Wnull-dereference -fdelete-null-pointer-checks -Wshift-negative-value -Wshift-overflow=2 -Walloc-zero -Wduplicated-branches -Wformat-overflow=2 -Wformat-truncation=2 -Wimplicit-fallthrough -Wrestrict -Warith-conversion -Wdouble-promotion -Wenum-conversion -Wpragmas -Wunused-const-variable  CMakeFiles/cmTC_f9c58.dir/src.c.o -o cmTC_f9c58 
gmake[4]: 离开目录“/home/wtc/realsense_src/build/libcurl/src/libcurl-build/CMakeFiles/CMakeTmp”
gmake[3]: 离开目录“/home/wtc/realsense_src/build/libcurl/src/libcurl-build/CMakeFiles/CMakeTmp”


Source file was:
#include <pthread.h>

static void* test_func(void* data)
{
  return data;
}

int main(void)
{
  pthread_t thread;
  pthread_create(&thread, NULL, test_func, NULL);
  pthread_detach(thread);
  pthread_cancel(thread);
  pthread_join(thread, NULL);
  pthread_atfork(NULL, NULL, NULL);
  pthread_exit(NULL);

  return 0;
}

Determining if the function gethostname exists passed with the following output:
Change Dir: /home/wtc/realsense_src/build/libcurl/src/libcurl-build/CMakeFiles/CMakeTmp

Run Build Command(s):/usr/bin/gmake -f Makefile cmTC_f5b67/fast && gmake[3]: 进入目录“/home/wtc/realsense_src/build/libcurl/src/libcurl-build/CMakeFiles/CMakeTmp”
/usr/bin/gmake  -f CMakeFiles/cmTC_f5b67.dir/build.make CMakeFiles/cmTC_f5b67.dir/build
gmake[4]: 进入目录“/home/wtc/realsense_src/build/libcurl/src/libcurl-build/CMakeFiles/CMakeTmp”
Building C object CMakeFiles/cmTC_f5b67.dir/CheckFunctionExists.c.o
/usr/bin/cc   -pedantic -D_DEFAULT_SOURCE   -ffp-contract=off   -mssse3 -pthread  -W -Wall -pedantic -Wbad-function-cast -Wconversion -Winline -Wmissing-declarations -Wmissing-prototypes -Wnested-externs -Wno-long-long -Wno-multichar -Wpointer-arith -Wshadow -Wsign-compare -Wundef -Wunused -Wwrite-strings -Waddress -Wattributes -Wcast-align -Wdeclaration-after-statement -Wdiv-by-zero -Wempty-body -Wendif-labels -Wfloat-equal -Wformat-security -Wignored-qualifiers -Wmissing-field-initializers -Wmissing-noreturn -Wno-format-nonliteral -Wno-system-headers -Wold-style-definition -Wredundant-decls -Wsign-conversion -Wno-error=sign-conversion -Wstrict-prototypes -Wtype-limits -Wunreachable-code -Wunused-parameter -Wvla -Wclobbered -Wmissing-parameter-type -Wold-style-declaration -Wstrict-aliasing=3 -Wtrampolines -Wformat=2 -Warray-bounds=2 -ftree-vrp -Wduplicated-cond -Wnull-dereference -fdelete-null-pointer-checks -Wshift-negative-value -Wshift-overflow=2 -Walloc-zero -Wduplicated-branches -Wformat-overflow=2 -Wformat-truncation=2 -Wimplicit-fallthrough -Wrestrict -Warith-conversion -Wdouble-promotion -Wenum-conversion -Wpragmas -Wunused-const-variable -DCHECK_FUNCTION_EXISTS=gethostname -o CMakeFiles/cmTC_f5b67.dir/CheckFunctionExists.c.o -c /usr/share/cmake-3.22/Modules/CheckFunctionExists.c
Linking C executable cmTC_f5b67
/usr/bin/cmake -E cmake_link_script CMakeFiles/cmTC_f5b67.dir/link.txt --verbose=1
/usr/bin/cc    -pedantic -D_DEFAULT_SOURCE   -ffp-contract=off   -mssse3 -pthread  -W -Wall -pedantic -Wbad-function-cast -Wconversion -Winline -Wmissing-declarations -Wmissing-prototypes -Wnested-externs -Wno-long-long -Wno-multichar -Wpointer-arith -Wshadow -Wsign-compare -Wundef -Wunused -Wwrite-strings -Waddress -Wattributes -Wcast-align -Wdeclaration-after-statement -Wdiv-by-zero -Wempty-body -Wendif-labels -Wfloat-equal -Wformat-security -Wignored-qualifiers -Wmissing-field-initializers -Wmissing-noreturn -Wno-format-nonliteral -Wno-system-headers -Wold-style-definition -Wredundant-decls -Wsign-conversion -Wno-error=sign-conversion -Wstrict-prototypes -Wtype-limits -Wunreachable-code -Wunused-parameter -Wvla -Wclobbered -Wmissing-parameter-type -Wold-style-declaration -Wstrict-aliasing=3 -Wtrampolines -Wformat=2 -Warray-bounds=2 -ftree-vrp -Wduplicated-cond -Wnull-dereference -fdelete-null-pointer-checks -Wshift-negative-value -Wshift-overflow=2 -Walloc-zero -Wduplicated-branches -Wformat-overflow=2 -Wformat-truncation=2 -Wimplicit-fallthrough -Wrestrict -Warith-conversion -Wdouble-promotion -Wenum-conversion -Wpragmas -Wunused-const-variable -DCHECK_FUNCTION_EXISTS=gethostname CMakeFiles/cmTC_f5b67.dir/CheckFunctionExists.c.o -o cmTC_f5b67 
gmake[4]: 离开目录“/home/wtc/realsense_src/build/libcurl/src/libcurl-build/CMakeFiles/CMakeTmp”
gmake[3]: 离开目录“/home/wtc/realsense_src/build/libcurl/src/libcurl-build/CMakeFiles/CMakeTmp”



Determining if the SSL_set0_wbio exist passed with the following output:
Change Dir: /home/wtc/realsense_src/build/libcurl/src/libcurl-build/CMakeFiles/CMakeTmp

Run Build Command(s):/usr/bin/gmake -f Makefile cmTC_8c9de/fast && gmake[3]: 进入目录“/home/wtc/realsense_src/build/libcurl/src/libcurl-build/CMakeFiles/CMakeTmp”
/usr/bin/gmake  -f CMakeFiles/cmTC_8c9de.dir/build.make CMakeFiles/cmTC_8c9de.dir/build
gmake[4]: 进入目录“/home/wtc/realsense_src/build/libcurl/src/libcurl-build/CMakeFiles/CMakeTmp”
Building C object CMakeFiles/cmTC_8c9de.dir/CheckSymbolExists.c.o
/usr/bin/cc   -pedantic -D_DEFAULT_SOURCE   -ffp-contract=off   -mssse3 -pthread  -W -Wall -pedantic -Wbad-function-cast -Wconversion -Winline -Wmissing-declarations -Wmissing-prototypes -Wnested-externs -Wno-long-long -Wno-multichar -Wpointer-arith -Wshadow -Wsign-compare -Wundef -Wunused -Wwrite-strings -Waddress -Wattributes -Wcast-align -Wdeclaration-after-statement -Wdiv-by-zero -Wempty-body -Wendif-labels -Wfloat-equal -Wformat-security -Wignored-qualifiers -Wmissing-field-initializers -Wmissing-noreturn -Wno-format-nonliteral -Wno-system-headers -Wold-style-definition -Wredundant-decls -Wsign-conversion -Wno-error=sign-conversion -Wstrict-prototypes -Wtype-limits -Wunreachable-code -Wunused-parameter -Wvla -Wclobbered -Wmissing-parameter-type -Wold-style-declaration -Wstrict-aliasing=3 -Wtrampolines -Wformat=2 -Warray-bounds=2 -ftree-vrp -Wduplicated-cond -Wnull-dereference -fdelete-null-pointer-checks -Wshift-negative-value -Wshift-overflow=2 -Walloc-zero -Wduplicated-branches -Wformat-overflow=2 -Wformat-truncation=2 -Wimplicit-fallthrough -Wrestrict -Warith-conversion -Wdouble-promotion -Wenum-conversion -Wpragmas -Wunused-const-variable  -o CMakeFiles/cmTC_8c9de.dir/CheckSymbolExists.c.o -c /home/wtc/realsense_src/build/libcurl/src/libcurl-build/CMakeFiles/CMakeTmp/CheckSymbolExists.c
/home/wtc/realsense_src/build/libcurl/src/libcurl-build/CMakeFiles/CMakeTmp/CheckSymbolExists.c: In function ‘main’:
/home/wtc/realsense_src/build/libcurl/src/libcurl-build/CMakeFiles/CMakeTmp/CheckSymbolExists.c:8:11: warning: ISO C forbids conversion of function pointer to object pointer type [-Wpedantic]
    8 |   return ((int*)(&SSL_set0_wbio))[argc];
      |           ^
Linking C executable cmTC_8c9de
/usr/bin/cmake -E cmake_link_script CMakeFiles/cmTC_8c9de.dir/link.txt --verbose=1
/usr/bin/cc    -pedantic -D_DEFAULT_SOURCE   -ffp-contract=off   -mssse3 -pthread  -W -Wall -pedantic -Wbad-function-cast -Wconversion -Winline -Wmissing-declarations -Wmissing-prototypes -Wnested-externs -Wno-long-long -Wno-multichar -Wpointer-arith -Wshadow -Wsign-compare -Wundef -Wunused -Wwrite-strings -Waddress -Wattributes -Wcast-align -Wdeclaration-after-statement -Wdiv-by-zero -Wempty-body -Wendif-labels -Wfloat-equal -Wformat-security -Wignored-qualifiers -Wmissing-field-initializers -Wmissing-noreturn -Wno-format-nonliteral -Wno-system-headers -Wold-style-definition -Wredundant-decls -Wsign-conversion -Wno-error=sign-conversion -Wstrict-prototypes -Wtype-limits -Wunreachable-code -Wunused-parameter -Wvla -Wclobbered -Wmissing-parameter-type -Wold-style-declaration -Wstrict-aliasing=3 -Wtrampolines -Wformat=2 -Warray-bounds=2 -ftree-vrp -Wduplicated-cond -Wnull-dereference -fdelete-null-pointer-checks -Wshift-negative-value -Wshift-overflow=2 -Walloc-zero -Wduplicated-branches -Wformat-overflow=2 -Wformat-truncation=2 -Wimplicit-fallthrough -Wrestrict -Warith-conversion -Wdouble-promotion -Wenum-conversion -Wpragmas -Wunused-const-variable  CMakeFiles/cmTC_8c9de.dir/CheckSymbolExists.c.o -o cmTC_8c9de  /usr/lib/x86_64-linux-gnu/libssl.so /usr/lib/x86_64-linux-gnu/libcrypto.so 
gmake[4]: 离开目录“/home/wtc/realsense_src/build/libcurl/src/libcurl-build/CMakeFiles/CMakeTmp”
gmake[3]: 离开目录“/home/wtc/realsense_src/build/libcurl/src/libcurl-build/CMakeFiles/CMakeTmp”


File /home/wtc/realsense_src/build/libcurl/src/libcurl-build/CMakeFiles/CMakeTmp/CheckSymbolExists.c:
/* */
#include <openssl/ssl.h>

int main(int argc, char** argv)
{
  (void)argv;
#ifndef SSL_set0_wbio
  return ((int*)(&SSL_set0_wbio))[argc];
#else
  (void)argc;
  return 0;
#endif
}
Determining if the SSL_CTX_set_srp_username exist passed with the following output:
Change Dir: /home/wtc/realsense_src/build/libcurl/src/libcurl-build/CMakeFiles/CMakeTmp

Run Build Command(s):/usr/bin/gmake -f Makefile cmTC_14494/fast && gmake[3]: 进入目录“/home/wtc/realsense_src/build/libcurl/src/libcurl-build/CMakeFiles/CMakeTmp”
/usr/bin/gmake  -f CMakeFiles/cmTC_14494.dir/build.make CMakeFiles/cmTC_14494.dir/build
gmake[4]: 进入目录“/home/wtc/realsense_src/build/libcurl/src/libcurl-build/CMakeFiles/CMakeTmp”
Building C object CMakeFiles/cmTC_14494.dir/CheckSymbolExists.c.o
/usr/bin/cc   -pedantic -D_DEFAULT_SOURCE   -ffp-contract=off   -mssse3 -pthread  -W -Wall -pedantic -Wbad-function-cast -Wconversion -Winline -Wmissing-declarations -Wmissing-prototypes -Wnested-externs -Wno-long-long -Wno-multichar -Wpointer-arith -Wshadow -Wsign-compare -Wundef -Wunused -Wwrite-strings -Waddress -Wattributes -Wcast-align -Wdeclaration-after-statement -Wdiv-by-zero -Wempty-body -Wendif-labels -Wfloat-equal -Wformat-security -Wignored-qualifiers -Wmissing-field-initializers -Wmissing-noreturn -Wno-format-nonliteral -Wno-system-headers -Wold-style-definition -Wredundant-decls -Wsign-conversion -Wno-error=sign-conversion -Wstrict-prototypes -Wtype-limits -Wunreachable-code -Wunused-parameter -Wvla -Wclobbered -Wmissing-parameter-type -Wold-style-declaration -Wstrict-aliasing=3 -Wtrampolines -Wformat=2 -Warray-bounds=2 -ftree-vrp -Wduplicated-cond -Wnull-dereference -fdelete-null-pointer-checks -Wshift-negative-value -Wshift-overflow=2 -Walloc-zero -Wduplicated-branches -Wformat-overflow=2 -Wformat-truncation=2 -Wimplicit-fallthrough -Wrestrict -Warith-conversion -Wdouble-promotion -Wenum-conversion -Wpragmas -Wunused-const-variable  -o CMakeFiles/cmTC_14494.dir/CheckSymbolExists.c.o -c /home/wtc/realsense_src/build/libcurl/src/libcurl-build/CMakeFiles/CMakeTmp/CheckSymbolExists.c
/home/wtc/realsense_src/build/libcurl/src/libcurl-build/CMakeFiles/CMakeTmp/CheckSymbolExists.c: In function ‘main’:
/home/wtc/realsense_src/build/libcurl/src/libcurl-build/CMakeFiles/CMakeTmp/CheckSymbolExists.c:8:3: warning: ‘SSL_CTX_set_srp_username’ is deprecated: Since OpenSSL 3.0 [-Wdeprecated-declarations]
    8 |   return ((int*)(&SSL_CTX_set_srp_username))[argc];
      |   ^~~~~~
In file included from /home/wtc/realsense_src/build/libcurl/src/libcurl-build/CMakeFiles/CMakeTmp/CheckSymbolExists.c:2:
/usr/include/openssl/ssl.h:1876:27: note: declared here
 1876 | OSSL_DEPRECATEDIN_3_0 int SSL_CTX_set_srp_username(SSL_CTX *ctx, char *name);
      |                           ^~~~~~~~~~~~~~~~~~~~~~~~
/home/wtc/realsense_src/build/libcurl/src/libcurl-build/CMakeFiles/CMakeTmp/CheckSymbolExists.c:8:11: warning: ISO C forbids conversion of function pointer to object pointer type [-Wpedantic]
    8 |   return ((int*)(&SSL_CTX_set_srp_username))[argc];
      |           ^
Linking C executable cmTC_14494
/usr/bin/cmake -E cmake_link_script CMakeFiles/cmTC_14494.dir/link.txt --verbose=1
/usr/bin/cc    -pedantic -D_DEFAULT_SOURCE   -ffp-contract=off   -mssse3 -pthread  -W -Wall -pedantic -Wbad-function-cast -Wconversion -Winline -Wmissing-declarations -Wmissing-prototypes -Wnested-externs -Wno-long-long -Wno-multichar -Wpointer-arith -Wshadow -Wsign-compare -Wundef -Wunused -Wwrite-strings -Waddress -Wattributes -Wcast-align -Wdeclaration-after-statement -Wdiv-by-zero -Wempty-body -Wendif-labels -Wfloat-equal -Wformat-security -Wignored-qualifiers -Wmissing-field-initializers -Wmissing-noreturn -Wno-format-nonliteral -Wno-system-headers -Wold-style-definition -Wredundant-decls -Wsign-conversion -Wno-error=sign-conversion -Wstrict-prototypes -Wtype-limits -Wunreachable-code -Wunused-parameter -Wvla -Wclobbered -Wmissing-parameter-type -Wold-style-declaration -Wstrict-aliasing=3 -Wtrampolines -Wformat=2 -Warray-bounds=2 -ftree-vrp -Wduplicated-cond -Wnull-dereference -fdelete-null-pointer-checks -Wshift-negative-value -Wshift-overflow=2 -Walloc-zero -Wduplicated-branches -Wformat-overflow=2 -Wformat-truncation=2 -Wimplicit-fallthrough -Wrestrict -Warith-conversion -Wdouble-promotion -Wenum-conversion -Wpragmas -Wunused-const-variable  CMakeFiles/cmTC_14494.dir/CheckSymbolExists.c.o -o cmTC_14494  /usr/lib/x86_64-linux-gnu/libssl.so /usr/lib/x86_64-linux-gnu/libcrypto.so 
gmake[4]: 离开目录“/home/wtc/realsense_src/build/libcurl/src/libcurl-build/CMakeFiles/CMakeTmp”
gmake[3]: 离开目录“/home/wtc/realsense_src/build/libcurl/src/libcurl-build/CMakeFiles/CMakeTmp”


File /home/wtc/realsense_src/build/libcurl/src/libcurl-build/CMakeFiles/CMakeTmp/CheckSymbolExists.c:
/* */
#include <openssl/ssl.h>

int main(int argc, char** argv)
{
  (void)argv;
#ifndef SSL_CTX_set_srp_username
  return ((int*)(&SSL_CTX_set_srp_username))[argc];
#else
  (void)argc;
  return 0;
#endif
}
Performing C SOURCE FILE Test USE_UNIX_SOCKETS succeeded with the following output:
Change Dir: /home/wtc/realsense_src/build/libcurl/src/libcurl-build/CMakeFiles/CMakeTmp

Run Build Command(s):/usr/bin/gmake -f Makefile cmTC_73590/fast && gmake[3]: 进入目录“/home/wtc/realsense_src/build/libcurl/src/libcurl-build/CMakeFiles/CMakeTmp”
/usr/bin/gmake  -f CMakeFiles/cmTC_73590.dir/build.make CMakeFiles/cmTC_73590.dir/build
gmake[4]: 进入目录“/home/wtc/realsense_src/build/libcurl/src/libcurl-build/CMakeFiles/CMakeTmp”
Building C object CMakeFiles/cmTC_73590.dir/src.c.o
/usr/bin/cc -DUSE_UNIX_SOCKETS  -pedantic -D_DEFAULT_SOURCE   -ffp-contract=off   -mssse3 -pthread  -W -Wall -pedantic -Wbad-function-cast -Wconversion -Winline -Wmissing-declarations -Wmissing-prototypes -Wnested-externs -Wno-long-long -Wno-multichar -Wpointer-arith -Wshadow -Wsign-compare -Wundef -Wunused -Wwrite-strings -Waddress -Wattributes -Wcast-align -Wdeclaration-after-statement -Wdiv-by-zero -Wempty-body -Wendif-labels -Wfloat-equal -Wformat-security -Wignored-qualifiers -Wmissing-field-initializers -Wmissing-noreturn -Wno-format-nonliteral -Wno-system-headers -Wold-style-definition -Wredundant-decls -Wsign-conversion -Wno-error=sign-conversion -Wstrict-prototypes -Wtype-limits -Wunreachable-code -Wunused-parameter -Wvla -Wclobbered -Wmissing-parameter-type -Wold-style-declaration -Wstrict-aliasing=3 -Wtrampolines -Wformat=2 -Warray-bounds=2 -ftree-vrp -Wduplicated-cond -Wnull-dereference -fdelete-null-pointer-checks -Wshift-negative-value -Wshift-overflow=2 -Walloc-zero -Wduplicated-branches -Wformat-overflow=2 -Wformat-truncation=2 -Wimplicit-fallthrough -Wrestrict -Warith-conversion -Wdouble-promotion -Wenum-conversion -Wpragmas -Wunused-const-variable  -o CMakeFiles/cmTC_73590.dir/src.c.o -c /home/wtc/realsense_src/build/libcurl/src/libcurl-build/CMakeFiles/CMakeTmp/src.c
/home/wtc/realsense_src/build/libcurl/src/libcurl-build/CMakeFiles/CMakeTmp/src.c:4:5: warning: function declaration isn’t a prototype [-Wstrict-prototypes]
    4 | int main()
      |     ^~~~
/home/wtc/realsense_src/build/libcurl/src/libcurl-build/CMakeFiles/CMakeTmp/src.c: In function ‘main’:
/home/wtc/realsense_src/build/libcurl/src/libcurl-build/CMakeFiles/CMakeTmp/src.c:4:5: warning: old-style function definition [-Wold-style-definition]
Linking C executable cmTC_73590
/usr/bin/cmake -E cmake_link_script CMakeFiles/cmTC_73590.dir/link.txt --verbose=1
/usr/bin/cc    -pedantic -D_DEFAULT_SOURCE   -ffp-contract=off   -mssse3 -pthread  -W -Wall -pedantic -Wbad-function-cast -Wconversion -Winline -Wmissing-declarations -Wmissing-prototypes -Wnested-externs -Wno-long-long -Wno-multichar -Wpointer-arith -Wshadow -Wsign-compare -Wundef -Wunused -Wwrite-strings -Waddress -Wattributes -Wcast-align -Wdeclaration-after-statement -Wdiv-by-zero -Wempty-body -Wendif-labels -Wfloat-equal -Wformat-security -Wignored-qualifiers -Wmissing-field-initializers -Wmissing-noreturn -Wno-format-nonliteral -Wno-system-headers -Wold-style-definition -Wredundant-decls -Wsign-conversion -Wno-error=sign-conversion -Wstrict-prototypes -Wtype-limits -Wunreachable-code -Wunused-parameter -Wvla -Wclobbered -Wmissing-parameter-type -Wold-style-declaration -Wstrict-aliasing=3 -Wtrampolines -Wformat=2 -Warray-bounds=2 -ftree-vrp -Wduplicated-cond -Wnull-dereference -fdelete-null-pointer-checks -Wshift-negative-value -Wshift-overflow=2 -Walloc-zero -Wduplicated-branches -Wformat-overflow=2 -Wformat-truncation=2 -Wimplicit-fallthrough -Wrestrict -Warith-conversion -Wdouble-promotion -Wenum-conversion -Wpragmas -Wunused-const-variable  CMakeFiles/cmTC_73590.dir/src.c.o -o cmTC_73590 
gmake[4]: 离开目录“/home/wtc/realsense_src/build/libcurl/src/libcurl-build/CMakeFiles/CMakeTmp”
gmake[3]: 离开目录“/home/wtc/realsense_src/build/libcurl/src/libcurl-build/CMakeFiles/CMakeTmp”


Source file was:

#include <sys/un.h>

int main()
{
  (void)sizeof(((struct sockaddr_un *)0)->sun_path);
  return 0;
}

Determining if files ;sys/wait.h exist passed with the following output:
Change Dir: /home/wtc/realsense_src/build/libcurl/src/libcurl-build/CMakeFiles/CMakeTmp

Run Build Command(s):/usr/bin/gmake -f Makefile cmTC_c13ab/fast && gmake[3]: 进入目录“/home/wtc/realsense_src/build/libcurl/src/libcurl-build/CMakeFiles/CMakeTmp”
/usr/bin/gmake  -f CMakeFiles/cmTC_c13ab.dir/build.make CMakeFiles/cmTC_c13ab.dir/build
gmake[4]: 进入目录“/home/wtc/realsense_src/build/libcurl/src/libcurl-build/CMakeFiles/CMakeTmp”
Building C object CMakeFiles/cmTC_c13ab.dir/HAVE_SYS_WAIT_H.c.o
/usr/bin/cc   -pedantic -D_DEFAULT_SOURCE   -ffp-contract=off   -mssse3 -pthread  -W -Wall -pedantic -Wbad-function-cast -Wconversion -Winline -Wmissing-declarations -Wmissing-prototypes -Wnested-externs -Wno-long-long -Wno-multichar -Wpointer-arith -Wshadow -Wsign-compare -Wundef -Wunused -Wwrite-strings -Waddress -Wattributes -Wcast-align -Wdeclaration-after-statement -Wdiv-by-zero -Wempty-body -Wendif-labels -Wfloat-equal -Wformat-security -Wignored-qualifiers -Wmissing-field-initializers -Wmissing-noreturn -Wno-format-nonliteral -Wno-system-headers -Wold-style-definition -Wredundant-decls -Wsign-conversion -Wno-error=sign-conversion -Wstrict-prototypes -Wtype-limits -Wunreachable-code -Wunused-parameter -Wvla -Wclobbered -Wmissing-parameter-type -Wold-style-declaration -Wstrict-aliasing=3 -Wtrampolines -Wformat=2 -Warray-bounds=2 -ftree-vrp -Wduplicated-cond -Wnull-dereference -fdelete-null-pointer-checks -Wshift-negative-value -Wshift-overflow=2 -Walloc-zero -Wduplicated-branches -Wformat-overflow=2 -Wformat-truncation=2 -Wimplicit-fallthrough -Wrestrict -Warith-conversion -Wdouble-promotion -Wenum-conversion -Wpragmas -Wunused-const-variable  -o CMakeFiles/cmTC_c13ab.dir/HAVE_SYS_WAIT_H.c.o -c /home/wtc/realsense_src/build/libcurl/src/libcurl-build/CMakeFiles/CheckIncludeFiles/HAVE_SYS_WAIT_H.c
Linking C executable cmTC_c13ab
/usr/bin/cmake -E cmake_link_script CMakeFiles/cmTC_c13ab.dir/link.txt --verbose=1
/usr/bin/cc    -pedantic -D_DEFAULT_SOURCE   -ffp-contract=off   -mssse3 -pthread  -W -Wall -pedantic -Wbad-function-cast -Wconversion -Winline -Wmissing-declarations -Wmissing-prototypes -Wnested-externs -Wno-long-long -Wno-multichar -Wpointer-arith -Wshadow -Wsign-compare -Wundef -Wunused -Wwrite-strings -Waddress -Wattributes -Wcast-align -Wdeclaration-after-statement -Wdiv-by-zero -Wempty-body -Wendif-labels -Wfloat-equal -Wformat-security -Wignored-qualifiers -Wmissing-field-initializers -Wmissing-noreturn -Wno-format-nonliteral -Wno-system-headers -Wold-style-definition -Wredundant-decls -Wsign-conversion -Wno-error=sign-conversion -Wstrict-prototypes -Wtype-limits -Wunreachable-code -Wunused-parameter -Wvla -Wclobbered -Wmissing-parameter-type -Wold-style-declaration -Wstrict-aliasing=3 -Wtrampolines -Wformat=2 -Warray-bounds=2 -ftree-vrp -Wduplicated-cond -Wnull-dereference -fdelete-null-pointer-checks -Wshift-negative-value -Wshift-overflow=2 -Walloc-zero -Wduplicated-branches -Wformat-overflow=2 -Wformat-truncation=2 -Wimplicit-fallthrough -Wrestrict -Warith-conversion -Wdouble-promotion -Wenum-conversion -Wpragmas -Wunused-const-variable  CMakeFiles/cmTC_c13ab.dir/HAVE_SYS_WAIT_H.c.o -o cmTC_c13ab 
gmake[4]: 离开目录“/home/wtc/realsense_src/build/libcurl/src/libcurl-build/CMakeFiles/CMakeTmp”
gmake[3]: 离开目录“/home/wtc/realsense_src/build/libcurl/src/libcurl-build/CMakeFiles/CMakeTmp”



Determining if files sys/wait.h;sys/ioctl.h exist passed with the following output:
Change Dir: /home/wtc/realsense_src/build/libcurl/src/libcurl-build/CMakeFiles/CMakeTmp

Run Build Command(s):/usr/bin/gmake -f Makefile cmTC_a419d/fast && gmake[3]: 进入目录“/home/wtc/realsense_src/build/libcurl/src/libcurl-build/CMakeFiles/CMakeTmp”
/usr/bin/gmake  -f CMakeFiles/cmTC_a419d.dir/build.make CMakeFiles/cmTC_a419d.dir/build
gmake[4]: 进入目录“/home/wtc/realsense_src/build/libcurl/src/libcurl-build/CMakeFiles/CMakeTmp”
Building C object CMakeFiles/cmTC_a419d.dir/HAVE_SYS_IOCTL_H.c.o
/usr/bin/cc   -pedantic -D_DEFAULT_SOURCE   -ffp-contract=off   -mssse3 -pthread  -W -Wall -pedantic -Wbad-function-cast -Wconversion -Winline -Wmissing-declarations -Wmissing-prototypes -Wnested-externs -Wno-long-long -Wno-multichar -Wpointer-arith -Wshadow -Wsign-compare -Wundef -Wunused -Wwrite-strings -Waddress -Wattributes -Wcast-align -Wdeclaration-after-statement -Wdiv-by-zero -Wempty-body -Wendif-labels -Wfloat-equal -Wformat-security -Wignored-qualifiers -Wmissing-field-initializers -Wmissing-noreturn -Wno-format-nonliteral -Wno-system-headers -Wold-style-definition -Wredundant-decls -Wsign-conversion -Wno-error=sign-conversion -Wstrict-prototypes -Wtype-limits -Wunreachable-code -Wunused-parameter -Wvla -Wclobbered -Wmissing-parameter-type -Wold-style-declaration -Wstrict-aliasing=3 -Wtrampolines -Wformat=2 -Warray-bounds=2 -ftree-vrp -Wduplicated-cond -Wnull-dereference -fdelete-null-pointer-checks -Wshift-negative-value -Wshift-overflow=2 -Walloc-zero -Wduplicated-branches -Wformat-overflow=2 -Wformat-truncation=2 -Wimplicit-fallthrough -Wrestrict -Warith-conversion -Wdouble-promotion -Wenum-conversion -Wpragmas -Wunused-const-variable  -o CMakeFiles/cmTC_a419d.dir/HAVE_SYS_IOCTL_H.c.o -c /home/wtc/realsense_src/build/libcurl/src/libcurl-build/CMakeFiles/CheckIncludeFiles/HAVE_SYS_IOCTL_H.c
Linking C executable cmTC_a419d
/usr/bin/cmake -E cmake_link_script CMakeFiles/cmTC_a419d.dir/link.txt --verbose=1
/usr/bin/cc    -pedantic -D_DEFAULT_SOURCE   -ffp-contract=off   -mssse3 -pthread  -W -Wall -pedantic -Wbad-function-cast -Wconversion -Winline -Wmissing-declarations -Wmissing-prototypes -Wnested-externs -Wno-long-long -Wno-multichar -Wpointer-arith -Wshadow -Wsign-compare -Wundef -Wunused -Wwrite-strings -Waddress -Wattributes -Wcast-align -Wdeclaration-after-statement -Wdiv-by-zero -Wempty-body -Wendif-labels -Wfloat-equal -Wformat-security -Wignored-qualifiers -Wmissing-field-initializers -Wmissing-noreturn -Wno-format-nonliteral -Wno-system-headers -Wold-style-definition -Wredundant-decls -Wsign-conversion -Wno-error=sign-conversion -Wstrict-prototypes -Wtype-limits -Wunreachable-code -Wunused-parameter -Wvla -Wclobbered -Wmissing-parameter-type -Wold-style-declaration -Wstrict-aliasing=3 -Wtrampolines -Wformat=2 -Warray-bounds=2 -ftree-vrp -Wduplicated-cond -Wnull-dereference -fdelete-null-pointer-checks -Wshift-negative-value -Wshift-overflow=2 -Walloc-zero -Wduplicated-branches -Wformat-overflow=2 -Wformat-truncation=2 -Wimplicit-fallthrough -Wrestrict -Warith-conversion -Wdouble-promotion -Wenum-conversion -Wpragmas -Wunused-const-variable  CMakeFiles/cmTC_a419d.dir/HAVE_SYS_IOCTL_H.c.o -o cmTC_a419d 
gmake[4]: 离开目录“/home/wtc/realsense_src/build/libcurl/src/libcurl-build/CMakeFiles/CMakeTmp”
gmake[3]: 离开目录“/home/wtc/realsense_src/build/libcurl/src/libcurl-build/CMakeFiles/CMakeTmp”



Determining if files sys/wait.h;sys/ioctl.h;sys/param.h exist passed with the following output:
Change Dir: /home/wtc/realsense_src/build/libcurl/src/libcurl-build/CMakeFiles/CMakeTmp

Run Build Command(s):/usr/bin/gmake -f Makefile cmTC_b0564/fast && gmake[3]: 进入目录“/home/wtc/realsense_src/build/libcurl/src/libcurl-build/CMakeFiles/CMakeTmp”
/usr/bin/gmake  -f CMakeFiles/cmTC_b0564.dir/build.make CMakeFiles/cmTC_b0564.dir/build
gmake[4]: 进入目录“/home/wtc/realsense_src/build/libcurl/src/libcurl-build/CMakeFiles/CMakeTmp”
Building C object CMakeFiles/cmTC_b0564.dir/HAVE_SYS_PARAM_H.c.o
/usr/bin/cc   -pedantic -D_DEFAULT_SOURCE   -ffp-contract=off   -mssse3 -pthread  -W -Wall -pedantic -Wbad-function-cast -Wconversion -Winline -Wmissing-declarations -Wmissing-prototypes -Wnested-externs -Wno-long-long -Wno-multichar -Wpointer-arith -Wshadow -Wsign-compare -Wundef -Wunused -Wwrite-strings -Waddress -Wattributes -Wcast-align -Wdeclaration-after-statement -Wdiv-by-zero -Wempty-body -Wendif-labels -Wfloat-equal -Wformat-security -Wignored-qualifiers -Wmissing-field-initializers -Wmissing-noreturn -Wno-format-nonliteral -Wno-system-headers -Wold-style-definition -Wredundant-decls -Wsign-conversion -Wno-error=sign-conversion -Wstrict-prototypes -Wtype-limits -Wunreachable-code -Wunused-parameter -Wvla -Wclobbered -Wmissing-parameter-type -Wold-style-declaration -Wstrict-aliasing=3 -Wtrampolines -Wformat=2 -Warray-bounds=2 -ftree-vrp -Wduplicated-cond -Wnull-dereference -fdelete-null-pointer-checks -Wshift-negative-value -Wshift-overflow=2 -Walloc-zero -Wduplicated-branches -Wformat-overflow=2 -Wformat-truncation=2 -Wimplicit-fallthrough -Wrestrict -Warith-conversion -Wdouble-promotion -Wenum-conversion -Wpragmas -Wunused-const-variable  -o CMakeFiles/cmTC_b0564.dir/HAVE_SYS_PARAM_H.c.o -c /home/wtc/realsense_src/build/libcurl/src/libcurl-build/CMakeFiles/CheckIncludeFiles/HAVE_SYS_PARAM_H.c
Linking C executable cmTC_b0564
/usr/bin/cmake -E cmake_link_script CMakeFiles/cmTC_b0564.dir/link.txt --verbose=1
/usr/bin/cc    -pedantic -D_DEFAULT_SOURCE   -ffp-contract=off   -mssse3 -pthread  -W -Wall -pedantic -Wbad-function-cast -Wconversion -Winline -Wmissing-declarations -Wmissing-prototypes -Wnested-externs -Wno-long-long -Wno-multichar -Wpointer-arith -Wshadow -Wsign-compare -Wundef -Wunused -Wwrite-strings -Waddress -Wattributes -Wcast-align -Wdeclaration-after-statement -Wdiv-by-zero -Wempty-body -Wendif-labels -Wfloat-equal -Wformat-security -Wignored-qualifiers -Wmissing-field-initializers -Wmissing-noreturn -Wno-format-nonliteral -Wno-system-headers -Wold-style-definition -Wredundant-decls -Wsign-conversion -Wno-error=sign-conversion -Wstrict-prototypes -Wtype-limits -Wunreachable-code -Wunused-parameter -Wvla -Wclobbered -Wmissing-parameter-type -Wold-style-declaration -Wstrict-aliasing=3 -Wtrampolines -Wformat=2 -Warray-bounds=2 -ftree-vrp -Wduplicated-cond -Wnull-dereference -fdelete-null-pointer-checks -Wshift-negative-value -Wshift-overflow=2 -Walloc-zero -Wduplicated-branches -Wformat-overflow=2 -Wformat-truncation=2 -Wimplicit-fallthrough -Wrestrict -Warith-conversion -Wdouble-promotion -Wenum-conversion -Wpragmas -Wunused-const-variable  CMakeFiles/cmTC_b0564.dir/HAVE_SYS_PARAM_H.c.o -o cmTC_b0564 
gmake[4]: 离开目录“/home/wtc/realsense_src/build/libcurl/src/libcurl-build/CMakeFiles/CMakeTmp”
gmake[3]: 离开目录“/home/wtc/realsense_src/build/libcurl/src/libcurl-build/CMakeFiles/CMakeTmp”



Determining if files sys/wait.h;sys/ioctl.h;sys/param.h;sys/poll.h exist passed with the following output:
Change Dir: /home/wtc/realsense_src/build/libcurl/src/libcurl-build/CMakeFiles/CMakeTmp

Run Build Command(s):/usr/bin/gmake -f Makefile cmTC_72450/fast && gmake[3]: 进入目录“/home/wtc/realsense_src/build/libcurl/src/libcurl-build/CMakeFiles/CMakeTmp”
/usr/bin/gmake  -f CMakeFiles/cmTC_72450.dir/build.make CMakeFiles/cmTC_72450.dir/build
gmake[4]: 进入目录“/home/wtc/realsense_src/build/libcurl/src/libcurl-build/CMakeFiles/CMakeTmp”
Building C object CMakeFiles/cmTC_72450.dir/HAVE_SYS_POLL_H.c.o
/usr/bin/cc   -pedantic -D_DEFAULT_SOURCE   -ffp-contract=off   -mssse3 -pthread  -W -Wall -pedantic -Wbad-function-cast -Wconversion -Winline -Wmissing-declarations -Wmissing-prototypes -Wnested-externs -Wno-long-long -Wno-multichar -Wpointer-arith -Wshadow -Wsign-compare -Wundef -Wunused -Wwrite-strings -Waddress -Wattributes -Wcast-align -Wdeclaration-after-statement -Wdiv-by-zero -Wempty-body -Wendif-labels -Wfloat-equal -Wformat-security -Wignored-qualifiers -Wmissing-field-initializers -Wmissing-noreturn -Wno-format-nonliteral -Wno-system-headers -Wold-style-definition -Wredundant-decls -Wsign-conversion -Wno-error=sign-conversion -Wstrict-prototypes -Wtype-limits -Wunreachable-code -Wunused-parameter -Wvla -Wclobbered -Wmissing-parameter-type -Wold-style-declaration -Wstrict-aliasing=3 -Wtrampolines -Wformat=2 -Warray-bounds=2 -ftree-vrp -Wduplicated-cond -Wnull-dereference -fdelete-null-pointer-checks -Wshift-negative-value -Wshift-overflow=2 -Walloc-zero -Wduplicated-branches -Wformat-overflow=2 -Wformat-truncation=2 -Wimplicit-fallthrough -Wrestrict -Warith-conversion -Wdouble-promotion -Wenum-conversion -Wpragmas -Wunused-const-variable  -o CMakeFiles/cmTC_72450.dir/HAVE_SYS_POLL_H.c.o -c /home/wtc/realsense_src/build/libcurl/src/libcurl-build/CMakeFiles/CheckIncludeFiles/HAVE_SYS_POLL_H.c
Linking C executable cmTC_72450
/usr/bin/cmake -E cmake_link_script CMakeFiles/cmTC_72450.dir/link.txt --verbose=1
/usr/bin/cc    -pedantic -D_DEFAULT_SOURCE   -ffp-contract=off   -mssse3 -pthread  -W -Wall -pedantic -Wbad-function-cast -Wconversion -Winline -Wmissing-declarations -Wmissing-prototypes -Wnested-externs -Wno-long-long -Wno-multichar -Wpointer-arith -Wshadow -Wsign-compare -Wundef -Wunused -Wwrite-strings -Waddress -Wattributes -Wcast-align -Wdeclaration-after-statement -Wdiv-by-zero -Wempty-body -Wendif-labels -Wfloat-equal -Wformat-security -Wignored-qualifiers -Wmissing-field-initializers -Wmissing-noreturn -Wno-format-nonliteral -Wno-system-headers -Wold-style-definition -Wredundant-decls -Wsign-conversion -Wno-error=sign-conversion -Wstrict-prototypes -Wtype-limits -Wunreachable-code -Wunused-parameter -Wvla -Wclobbered -Wmissing-parameter-type -Wold-style-declaration -Wstrict-aliasing=3 -Wtrampolines -Wformat=2 -Warray-bounds=2 -ftree-vrp -Wduplicated-cond -Wnull-dereference -fdelete-null-pointer-checks -Wshift-negative-value -Wshift-overflow=2 -Walloc-zero -Wduplicated-branches -Wformat-overflow=2 -Wformat-truncation=2 -Wimplicit-fallthrough -Wrestrict -Warith-conversion -Wdouble-promotion -Wenum-conversion -Wpragmas -Wunused-const-variable  CMakeFiles/cmTC_72450.dir/HAVE_SYS_POLL_H.c.o -o cmTC_72450 
gmake[4]: 离开目录“/home/wtc/realsense_src/build/libcurl/src/libcurl-build/CMakeFiles/CMakeTmp”
gmake[3]: 离开目录“/home/wtc/realsense_src/build/libcurl/src/libcurl-build/CMakeFiles/CMakeTmp”



Determining if files sys/wait.h;sys/ioctl.h;sys/param.h;sys/poll.h;sys/resource.h exist passed with the following output:
Change Dir: /home/wtc/realsense_src/build/libcurl/src/libcurl-build/CMakeFiles/CMakeTmp

Run Build Command(s):/usr/bin/gmake -f Makefile cmTC_e35b7/fast && gmake[3]: 进入目录“/home/wtc/realsense_src/build/libcurl/src/libcurl-build/CMakeFiles/CMakeTmp”
/usr/bin/gmake  -f CMakeFiles/cmTC_e35b7.dir/build.make CMakeFiles/cmTC_e35b7.dir/build
gmake[4]: 进入目录“/home/wtc/realsense_src/build/libcurl/src/libcurl-build/CMakeFiles/CMakeTmp”
Building C object CMakeFiles/cmTC_e35b7.dir/HAVE_SYS_RESOURCE_H.c.o
/usr/bin/cc   -pedantic -D_DEFAULT_SOURCE   -ffp-contract=off   -mssse3 -pthread  -W -Wall -pedantic -Wbad-function-cast -Wconversion -Winline -Wmissing-declarations -Wmissing-prototypes -Wnested-externs -Wno-long-long -Wno-multichar -Wpointer-arith -Wshadow -Wsign-compare -Wundef -Wunused -Wwrite-strings -Waddress -Wattributes -Wcast-align -Wdeclaration-after-statement -Wdiv-by-zero -Wempty-body -Wendif-labels -Wfloat-equal -Wformat-security -Wignored-qualifiers -Wmissing-field-initializers -Wmissing-noreturn -Wno-format-nonliteral -Wno-system-headers -Wold-style-definition -Wredundant-decls -Wsign-conversion -Wno-error=sign-conversion -Wstrict-prototypes -Wtype-limits -Wunreachable-code -Wunused-parameter -Wvla -Wclobbered -Wmissing-parameter-type -Wold-style-declaration -Wstrict-aliasing=3 -Wtrampolines -Wformat=2 -Warray-bounds=2 -ftree-vrp -Wduplicated-cond -Wnull-dereference -fdelete-null-pointer-checks -Wshift-negative-value -Wshift-overflow=2 -Walloc-zero -Wduplicated-branches -Wformat-overflow=2 -Wformat-truncation=2 -Wimplicit-fallthrough -Wrestrict -Warith-conversion -Wdouble-promotion -Wenum-conversion -Wpragmas -Wunused-const-variable  -o CMakeFiles/cmTC_e35b7.dir/HAVE_SYS_RESOURCE_H.c.o -c /home/wtc/realsense_src/build/libcurl/src/libcurl-build/CMakeFiles/CheckIncludeFiles/HAVE_SYS_RESOURCE_H.c
Linking C executable cmTC_e35b7
/usr/bin/cmake -E cmake_link_script CMakeFiles/cmTC_e35b7.dir/link.txt --verbose=1
/usr/bin/cc    -pedantic -D_DEFAULT_SOURCE   -ffp-contract=off   -mssse3 -pthread  -W -Wall -pedantic -Wbad-function-cast -Wconversion -Winline -Wmissing-declarations -Wmissing-prototypes -Wnested-externs -Wno-long-long -Wno-multichar -Wpointer-arith -Wshadow -Wsign-compare -Wundef -Wunused -Wwrite-strings -Waddress -Wattributes -Wcast-align -Wdeclaration-after-statement -Wdiv-by-zero -Wempty-body -Wendif-labels -Wfloat-equal -Wformat-security -Wignored-qualifiers -Wmissing-field-initializers -Wmissing-noreturn -Wno-format-nonliteral -Wno-system-headers -Wold-style-definition -Wredundant-decls -Wsign-conversion -Wno-error=sign-conversion -Wstrict-prototypes -Wtype-limits -Wunreachable-code -Wunused-parameter -Wvla -Wclobbered -Wmissing-parameter-type -Wold-style-declaration -Wstrict-aliasing=3 -Wtrampolines -Wformat=2 -Warray-bounds=2 -ftree-vrp -Wduplicated-cond -Wnull-dereference -fdelete-null-pointer-checks -Wshift-negative-value -Wshift-overflow=2 -Walloc-zero -Wduplicated-branches -Wformat-overflow=2 -Wformat-truncation=2 -Wimplicit-fallthrough -Wrestrict -Warith-conversion -Wdouble-promotion -Wenum-conversion -Wpragmas -Wunused-const-variable  CMakeFiles/cmTC_e35b7.dir/HAVE_SYS_RESOURCE_H.c.o -o cmTC_e35b7 
gmake[4]: 离开目录“/home/wtc/realsense_src/build/libcurl/src/libcurl-build/CMakeFiles/CMakeTmp”
gmake[3]: 离开目录“/home/wtc/realsense_src/build/libcurl/src/libcurl-build/CMakeFiles/CMakeTmp”



Determining if files sys/wait.h;sys/ioctl.h;sys/param.h;sys/poll.h;sys/resource.h;sys/select.h exist passed with the following output:
Change Dir: /home/wtc/realsense_src/build/libcurl/src/libcurl-build/CMakeFiles/CMakeTmp

Run Build Command(s):/usr/bin/gmake -f Makefile cmTC_8aa90/fast && gmake[3]: 进入目录“/home/wtc/realsense_src/build/libcurl/src/libcurl-build/CMakeFiles/CMakeTmp”
/usr/bin/gmake  -f CMakeFiles/cmTC_8aa90.dir/build.make CMakeFiles/cmTC_8aa90.dir/build
gmake[4]: 进入目录“/home/wtc/realsense_src/build/libcurl/src/libcurl-build/CMakeFiles/CMakeTmp”
Building C object CMakeFiles/cmTC_8aa90.dir/HAVE_SYS_SELECT_H.c.o
/usr/bin/cc   -pedantic -D_DEFAULT_SOURCE   -ffp-contract=off   -mssse3 -pthread  -W -Wall -pedantic -Wbad-function-cast -Wconversion -Winline -Wmissing-declarations -Wmissing-prototypes -Wnested-externs -Wno-long-long -Wno-multichar -Wpointer-arith -Wshadow -Wsign-compare -Wundef -Wunused -Wwrite-strings -Waddress -Wattributes -Wcast-align -Wdeclaration-after-statement -Wdiv-by-zero -Wempty-body -Wendif-labels -Wfloat-equal -Wformat-security -Wignored-qualifiers -Wmissing-field-initializers -Wmissing-noreturn -Wno-format-nonliteral -Wno-system-headers -Wold-style-definition -Wredundant-decls -Wsign-conversion -Wno-error=sign-conversion -Wstrict-prototypes -Wtype-limits -Wunreachable-code -Wunused-parameter -Wvla -Wclobbered -Wmissing-parameter-type -Wold-style-declaration -Wstrict-aliasing=3 -Wtrampolines -Wformat=2 -Warray-bounds=2 -ftree-vrp -Wduplicated-cond -Wnull-dereference -fdelete-null-pointer-checks -Wshift-negative-value -Wshift-overflow=2 -Walloc-zero -Wduplicated-branches -Wformat-overflow=2 -Wformat-truncation=2 -Wimplicit-fallthrough -Wrestrict -Warith-conversion -Wdouble-promotion -Wenum-conversion -Wpragmas -Wunused-const-variable  -o CMakeFiles/cmTC_8aa90.dir/HAVE_SYS_SELECT_H.c.o -c /home/wtc/realsense_src/build/libcurl/src/libcurl-build/CMakeFiles/CheckIncludeFiles/HAVE_SYS_SELECT_H.c
Linking C executable cmTC_8aa90
/usr/bin/cmake -E cmake_link_script CMakeFiles/cmTC_8aa90.dir/link.txt --verbose=1
/usr/bin/cc    -pedantic -D_DEFAULT_SOURCE   -ffp-contract=off   -mssse3 -pthread  -W -Wall -pedantic -Wbad-function-cast -Wconversion -Winline -Wmissing-declarations -Wmissing-prototypes -Wnested-externs -Wno-long-long -Wno-multichar -Wpointer-arith -Wshadow -Wsign-compare -Wundef -Wunused -Wwrite-strings -Waddress -Wattributes -Wcast-align -Wdeclaration-after-statement -Wdiv-by-zero -Wempty-body -Wendif-labels -Wfloat-equal -Wformat-security -Wignored-qualifiers -Wmissing-field-initializers -Wmissing-noreturn -Wno-format-nonliteral -Wno-system-headers -Wold-style-definition -Wredundant-decls -Wsign-conversion -Wno-error=sign-conversion -Wstrict-prototypes -Wtype-limits -Wunreachable-code -Wunused-parameter -Wvla -Wclobbered -Wmissing-parameter-type -Wold-style-declaration -Wstrict-aliasing=3 -Wtrampolines -Wformat=2 -Warray-bounds=2 -ftree-vrp -Wduplicated-cond -Wnull-dereference -fdelete-null-pointer-checks -Wshift-negative-value -Wshift-overflow=2 -Walloc-zero -Wduplicated-branches -Wformat-overflow=2 -Wformat-truncation=2 -Wimplicit-fallthrough -Wrestrict -Warith-conversion -Wdouble-promotion -Wenum-conversion -Wpragmas -Wunused-const-variable  CMakeFiles/cmTC_8aa90.dir/HAVE_SYS_SELECT_H.c.o -o cmTC_8aa90 
gmake[4]: 离开目录“/home/wtc/realsense_src/build/libcurl/src/libcurl-build/CMakeFiles/CMakeTmp”
gmake[3]: 离开目录“/home/wtc/realsense_src/build/libcurl/src/libcurl-build/CMakeFiles/CMakeTmp”



Determining if files sys/wait.h;sys/ioctl.h;sys/param.h;sys/poll.h;sys/resource.h;sys/select.h;sys/socket.h exist passed with the following output:
Change Dir: /home/wtc/realsense_src/build/libcurl/src/libcurl-build/CMakeFiles/CMakeTmp

Run Build Command(s):/usr/bin/gmake -f Makefile cmTC_e999f/fast && gmake[3]: 进入目录“/home/wtc/realsense_src/build/libcurl/src/libcurl-build/CMakeFiles/CMakeTmp”
/usr/bin/gmake  -f CMakeFiles/cmTC_e999f.dir/build.make CMakeFiles/cmTC_e999f.dir/build
gmake[4]: 进入目录“/home/wtc/realsense_src/build/libcurl/src/libcurl-build/CMakeFiles/CMakeTmp”
Building C object CMakeFiles/cmTC_e999f.dir/HAVE_SYS_SOCKET_H.c.o
/usr/bin/cc   -pedantic -D_DEFAULT_SOURCE   -ffp-contract=off   -mssse3 -pthread  -W -Wall -pedantic -Wbad-function-cast -Wconversion -Winline -Wmissing-declarations -Wmissing-prototypes -Wnested-externs -Wno-long-long -Wno-multichar -Wpointer-arith -Wshadow -Wsign-compare -Wundef -Wunused -Wwrite-strings -Waddress -Wattributes -Wcast-align -Wdeclaration-after-statement -Wdiv-by-zero -Wempty-body -Wendif-labels -Wfloat-equal -Wformat-security -Wignored-qualifiers -Wmissing-field-initializers -Wmissing-noreturn -Wno-format-nonliteral -Wno-system-headers -Wold-style-definition -Wredundant-decls -Wsign-conversion -Wno-error=sign-conversion -Wstrict-prototypes -Wtype-limits -Wunreachable-code -Wunused-parameter -Wvla -Wclobbered -Wmissing-parameter-type -Wold-style-declaration -Wstrict-aliasing=3 -Wtrampolines -Wformat=2 -Warray-bounds=2 -ftree-vrp -Wduplicated-cond -Wnull-dereference -fdelete-null-pointer-checks -Wshift-negative-value -Wshift-overflow=2 -Walloc-zero -Wduplicated-branches -Wformat-overflow=2 -Wformat-truncation=2 -Wimplicit-fallthrough -Wrestrict -Warith-conversion -Wdouble-promotion -Wenum-conversion -Wpragmas -Wunused-const-variable  -o CMakeFiles/cmTC_e999f.dir/HAVE_SYS_SOCKET_H.c.o -c /home/wtc/realsense_src/build/libcurl/src/libcurl-build/CMakeFiles/CheckIncludeFiles/HAVE_SYS_SOCKET_H.c
Linking C executable cmTC_e999f
/usr/bin/cmake -E cmake_link_script CMakeFiles/cmTC_e999f.dir/link.txt --verbose=1
/usr/bin/cc    -pedantic -D_DEFAULT_SOURCE   -ffp-contract=off   -mssse3 -pthread  -W -Wall -pedantic -Wbad-function-cast -Wconversion -Winline -Wmissing-declarations -Wmissing-prototypes -Wnested-externs -Wno-long-long -Wno-multichar -Wpointer-arith -Wshadow -Wsign-compare -Wundef -Wunused -Wwrite-strings -Waddress -Wattributes -Wcast-align -Wdeclaration-after-statement -Wdiv-by-zero -Wempty-body -Wendif-labels -Wfloat-equal -Wformat-security -Wignored-qualifiers -Wmissing-field-initializers -Wmissing-noreturn -Wno-format-nonliteral -Wno-system-headers -Wold-style-definition -Wredundant-decls -Wsign-conversion -Wno-error=sign-conversion -Wstrict-prototypes -Wtype-limits -Wunreachable-code -Wunused-parameter -Wvla -Wclobbered -Wmissing-parameter-type -Wold-style-declaration -Wstrict-aliasing=3 -Wtrampolines -Wformat=2 -Warray-bounds=2 -ftree-vrp -Wduplicated-cond -Wnull-dereference -fdelete-null-pointer-checks -Wshift-negative-value -Wshift-overflow=2 -Walloc-zero -Wduplicated-branches -Wformat-overflow=2 -Wformat-truncation=2 -Wimplicit-fallthrough -Wrestrict -Warith-conversion -Wdouble-promotion -Wenum-conversion -Wpragmas -Wunused-const-variable  CMakeFiles/cmTC_e999f.dir/HAVE_SYS_SOCKET_H.c.o -o cmTC_e999f 
gmake[4]: 离开目录“/home/wtc/realsense_src/build/libcurl/src/libcurl-build/CMakeFiles/CMakeTmp”
gmake[3]: 离开目录“/home/wtc/realsense_src/build/libcurl/src/libcurl-build/CMakeFiles/CMakeTmp”



Determining if files sys/wait.h;sys/ioctl.h;sys/param.h;sys/poll.h;sys/resource.h;sys/select.h;sys/socket.h;sys/stat.h exist passed with the following output:
Change Dir: /home/wtc/realsense_src/build/libcurl/src/libcurl-build/CMakeFiles/CMakeTmp

Run Build Command(s):/usr/bin/gmake -f Makefile cmTC_a3100/fast && gmake[3]: 进入目录“/home/wtc/realsense_src/build/libcurl/src/libcurl-build/CMakeFiles/CMakeTmp”
/usr/bin/gmake  -f CMakeFiles/cmTC_a3100.dir/build.make CMakeFiles/cmTC_a3100.dir/build
gmake[4]: 进入目录“/home/wtc/realsense_src/build/libcurl/src/libcurl-build/CMakeFiles/CMakeTmp”
Building C object CMakeFiles/cmTC_a3100.dir/HAVE_SYS_STAT_H.c.o
/usr/bin/cc   -pedantic -D_DEFAULT_SOURCE   -ffp-contract=off   -mssse3 -pthread  -W -Wall -pedantic -Wbad-function-cast -Wconversion -Winline -Wmissing-declarations -Wmissing-prototypes -Wnested-externs -Wno-long-long -Wno-multichar -Wpointer-arith -Wshadow -Wsign-compare -Wundef -Wunused -Wwrite-strings -Waddress -Wattributes -Wcast-align -Wdeclaration-after-statement -Wdiv-by-zero -Wempty-body -Wendif-labels -Wfloat-equal -Wformat-security -Wignored-qualifiers -Wmissing-field-initializers -Wmissing-noreturn -Wno-format-nonliteral -Wno-system-headers -Wold-style-definition -Wredundant-decls -Wsign-conversion -Wno-error=sign-conversion -Wstrict-prototypes -Wtype-limits -Wunreachable-code -Wunused-parameter -Wvla -Wclobbered -Wmissing-parameter-type -Wold-style-declaration -Wstrict-aliasing=3 -Wtrampolines -Wformat=2 -Warray-bounds=2 -ftree-vrp -Wduplicated-cond -Wnull-dereference -fdelete-null-pointer-checks -Wshift-negative-value -Wshift-overflow=2 -Walloc-zero -Wduplicated-branches -Wformat-overflow=2 -Wformat-truncation=2 -Wimplicit-fallthrough -Wrestrict -Warith-conversion -Wdouble-promotion -Wenum-conversion -Wpragmas -Wunused-const-variable  -o CMakeFiles/cmTC_a3100.dir/HAVE_SYS_STAT_H.c.o -c /home/wtc/realsense_src/build/libcurl/src/libcurl-build/CMakeFiles/CheckIncludeFiles/HAVE_SYS_STAT_H.c
Linking C executable cmTC_a3100
/usr/bin/cmake -E cmake_link_script CMakeFiles/cmTC_a3100.dir/link.txt --verbose=1
/usr/bin/cc    -pedantic -D_DEFAULT_SOURCE   -ffp-contract=off   -mssse3 -pthread  -W -Wall -pedantic -Wbad-function-cast -Wconversion -Winline -Wmissing-declarations -Wmissing-prototypes -Wnested-externs -Wno-long-long -Wno-multichar -Wpointer-arith -Wshadow -Wsign-compare -Wundef -Wunused -Wwrite-strings -Waddress -Wattributes -Wcast-align -Wdeclaration-after-statement -Wdiv-by-zero -Wempty-body -Wendif-labels -Wfloat-equal -Wformat-security -Wignored-qualifiers -Wmissing-field-initializers -Wmissing-noreturn -Wno-format-nonliteral -Wno-system-headers -Wold-style-definition -Wredundant-decls -Wsign-conversion -Wno-error=sign-conversion -Wstrict-prototypes -Wtype-limits -Wunreachable-code -Wunused-parameter -Wvla -Wclobbered -Wmissing-parameter-type -Wold-style-declaration -Wstrict-aliasing=3 -Wtrampolines -Wformat=2 -Warray-bounds=2 -ftree-vrp -Wduplicated-cond -Wnull-dereference -fdelete-null-pointer-checks -Wshift-negative-value -Wshift-overflow=2 -Walloc-zero -Wduplicated-branches -Wformat-overflow=2 -Wformat-truncation=2 -Wimplicit-fallthrough -Wrestrict -Warith-conversion -Wdouble-promotion -Wenum-conversion -Wpragmas -Wunused-const-variable  CMakeFiles/cmTC_a3100.dir/HAVE_SYS_STAT_H.c.o -o cmTC_a3100 
gmake[4]: 离开目录“/home/wtc/realsense_src/build/libcurl/src/libcurl-build/CMakeFiles/CMakeTmp”
gmake[3]: 离开目录“/home/wtc/realsense_src/build/libcurl/src/libcurl-build/CMakeFiles/CMakeTmp”



Determining if files sys/wait.h;sys/ioctl.h;sys/param.h;sys/poll.h;sys/resource.h;sys/select.h;sys/socket.h;sys/stat.h;sys/time.h exist passed with the following output:
Change Dir: /home/wtc/realsense_src/build/libcurl/src/libcurl-build/CMakeFiles/CMakeTmp

Run Build Command(s):/usr/bin/gmake -f Makefile cmTC_4fbb5/fast && gmake[3]: 进入目录“/home/wtc/realsense_src/build/libcurl/src/libcurl-build/CMakeFiles/CMakeTmp”
/usr/bin/gmake  -f CMakeFiles/cmTC_4fbb5.dir/build.make CMakeFiles/cmTC_4fbb5.dir/build
gmake[4]: 进入目录“/home/wtc/realsense_src/build/libcurl/src/libcurl-build/CMakeFiles/CMakeTmp”
Building C object CMakeFiles/cmTC_4fbb5.dir/HAVE_SYS_TIME_H.c.o
/usr/bin/cc   -pedantic -D_DEFAULT_SOURCE   -ffp-contract=off   -mssse3 -pthread  -W -Wall -pedantic -Wbad-function-cast -Wconversion -Winline -Wmissing-declarations -Wmissing-prototypes -Wnested-externs -Wno-long-long -Wno-multichar -Wpointer-arith -Wshadow -Wsign-compare -Wundef -Wunused -Wwrite-strings -Waddress -Wattributes -Wcast-align -Wdeclaration-after-statement -Wdiv-by-zero -Wempty-body -Wendif-labels -Wfloat-equal -Wformat-security -Wignored-qualifiers -Wmissing-field-initializers -Wmissing-noreturn -Wno-format-nonliteral -Wno-system-headers -Wold-style-definition -Wredundant-decls -Wsign-conversion -Wno-error=sign-conversion -Wstrict-prototypes -Wtype-limits -Wunreachable-code -Wunused-parameter -Wvla -Wclobbered -Wmissing-parameter-type -Wold-style-declaration -Wstrict-aliasing=3 -Wtrampolines -Wformat=2 -Warray-bounds=2 -ftree-vrp -Wduplicated-cond -Wnull-dereference -fdelete-null-pointer-checks -Wshift-negative-value -Wshift-overflow=2 -Walloc-zero -Wduplicated-branches -Wformat-overflow=2 -Wformat-truncation=2 -Wimplicit-fallthrough -Wrestrict -Warith-conversion -Wdouble-promotion -Wenum-conversion -Wpragmas -Wunused-const-variable  -o CMakeFiles/cmTC_4fbb5.dir/HAVE_SYS_TIME_H.c.o -c /home/wtc/realsense_src/build/libcurl/src/libcurl-build/CMakeFiles/CheckIncludeFiles/HAVE_SYS_TIME_H.c
Linking C executable cmTC_4fbb5
/usr/bin/cmake -E cmake_link_script CMakeFiles/cmTC_4fbb5.dir/link.txt --verbose=1
/usr/bin/cc    -pedantic -D_DEFAULT_SOURCE   -ffp-contract=off   -mssse3 -pthread  -W -Wall -pedantic -Wbad-function-cast -Wconversion -Winline -Wmissing-declarations -Wmissing-prototypes -Wnested-externs -Wno-long-long -Wno-multichar -Wpointer-arith -Wshadow -Wsign-compare -Wundef -Wunused -Wwrite-strings -Waddress -Wattributes -Wcast-align -Wdeclaration-after-statement -Wdiv-by-zero -Wempty-body -Wendif-labels -Wfloat-equal -Wformat-security -Wignored-qualifiers -Wmissing-field-initializers -Wmissing-noreturn -Wno-format-nonliteral -Wno-system-headers -Wold-style-definition -Wredundant-decls -Wsign-conversion -Wno-error=sign-conversion -Wstrict-prototypes -Wtype-limits -Wunreachable-code -Wunused-parameter -Wvla -Wclobbered -Wmissing-parameter-type -Wold-style-declaration -Wstrict-aliasing=3 -Wtrampolines -Wformat=2 -Warray-bounds=2 -ftree-vrp -Wduplicated-cond -Wnull-dereference -fdelete-null-pointer-checks -Wshift-negative-value -Wshift-overflow=2 -Walloc-zero -Wduplicated-branches -Wformat-overflow=2 -Wformat-truncation=2 -Wimplicit-fallthrough -Wrestrict -Warith-conversion -Wdouble-promotion -Wenum-conversion -Wpragmas -Wunused-const-variable  CMakeFiles/cmTC_4fbb5.dir/HAVE_SYS_TIME_H.c.o -o cmTC_4fbb5 
gmake[4]: 离开目录“/home/wtc/realsense_src/build/libcurl/src/libcurl-build/CMakeFiles/CMakeTmp”
gmake[3]: 离开目录“/home/wtc/realsense_src/build/libcurl/src/libcurl-build/CMakeFiles/CMakeTmp”



Determining if files sys/wait.h;sys/ioctl.h;sys/param.h;sys/poll.h;sys/resource.h;sys/select.h;sys/socket.h;sys/stat.h;sys/time.h;sys/types.h exist passed with the following output:
Change Dir: /home/wtc/realsense_src/build/libcurl/src/libcurl-build/CMakeFiles/CMakeTmp

Run Build Command(s):/usr/bin/gmake -f Makefile cmTC_3fbe5/fast && gmake[3]: 进入目录“/home/wtc/realsense_src/build/libcurl/src/libcurl-build/CMakeFiles/CMakeTmp”
/usr/bin/gmake  -f CMakeFiles/cmTC_3fbe5.dir/build.make CMakeFiles/cmTC_3fbe5.dir/build
gmake[4]: 进入目录“/home/wtc/realsense_src/build/libcurl/src/libcurl-build/CMakeFiles/CMakeTmp”
Building C object CMakeFiles/cmTC_3fbe5.dir/HAVE_SYS_TYPES_H.c.o
/usr/bin/cc   -pedantic -D_DEFAULT_SOURCE   -ffp-contract=off   -mssse3 -pthread  -W -Wall -pedantic -Wbad-function-cast -Wconversion -Winline -Wmissing-declarations -Wmissing-prototypes -Wnested-externs -Wno-long-long -Wno-multichar -Wpointer-arith -Wshadow -Wsign-compare -Wundef -Wunused -Wwrite-strings -Waddress -Wattributes -Wcast-align -Wdeclaration-after-statement -Wdiv-by-zero -Wempty-body -Wendif-labels -Wfloat-equal -Wformat-security -Wignored-qualifiers -Wmissing-field-initializers -Wmissing-noreturn -Wno-format-nonliteral -Wno-system-headers -Wold-style-definition -Wredundant-decls -Wsign-conversion -Wno-error=sign-conversion -Wstrict-prototypes -Wtype-limits -Wunreachable-code -Wunused-parameter -Wvla -Wclobbered -Wmissing-parameter-type -Wold-style-declaration -Wstrict-aliasing=3 -Wtrampolines -Wformat=2 -Warray-bounds=2 -ftree-vrp -Wduplicated-cond -Wnull-dereference -fdelete-null-pointer-checks -Wshift-negative-value -Wshift-overflow=2 -Walloc-zero -Wduplicated-branches -Wformat-overflow=2 -Wformat-truncation=2 -Wimplicit-fallthrough -Wrestrict -Warith-conversion -Wdouble-promotion -Wenum-conversion -Wpragmas -Wunused-const-variable  -o CMakeFiles/cmTC_3fbe5.dir/HAVE_SYS_TYPES_H.c.o -c /home/wtc/realsense_src/build/libcurl/src/libcurl-build/CMakeFiles/CheckIncludeFiles/HAVE_SYS_TYPES_H.c
Linking C executable cmTC_3fbe5
/usr/bin/cmake -E cmake_link_script CMakeFiles/cmTC_3fbe5.dir/link.txt --verbose=1
/usr/bin/cc    -pedantic -D_DEFAULT_SOURCE   -ffp-contract=off   -mssse3 -pthread  -W -Wall -pedantic -Wbad-function-cast -Wconversion -Winline -Wmissing-declarations -Wmissing-prototypes -Wnested-externs -Wno-long-long -Wno-multichar -Wpointer-arith -Wshadow -Wsign-compare -Wundef -Wunused -Wwrite-strings -Waddress -Wattributes -Wcast-align -Wdeclaration-after-statement -Wdiv-by-zero -Wempty-body -Wendif-labels -Wfloat-equal -Wformat-security -Wignored-qualifiers -Wmissing-field-initializers -Wmissing-noreturn -Wno-format-nonliteral -Wno-system-headers -Wold-style-definition -Wredundant-decls -Wsign-conversion -Wno-error=sign-conversion -Wstrict-prototypes -Wtype-limits -Wunreachable-code -Wunused-parameter -Wvla -Wclobbered -Wmissing-parameter-type -Wold-style-declaration -Wstrict-aliasing=3 -Wtrampolines -Wformat=2 -Warray-bounds=2 -ftree-vrp -Wduplicated-cond -Wnull-dereference -fdelete-null-pointer-checks -Wshift-negative-value -Wshift-overflow=2 -Walloc-zero -Wduplicated-branches -Wformat-overflow=2 -Wformat-truncation=2 -Wimplicit-fallthrough -Wrestrict -Warith-conversion -Wdouble-promotion -Wenum-conversion -Wpragmas -Wunused-const-variable  CMakeFiles/cmTC_3fbe5.dir/HAVE_SYS_TYPES_H.c.o -o cmTC_3fbe5 
gmake[4]: 离开目录“/home/wtc/realsense_src/build/libcurl/src/libcurl-build/CMakeFiles/CMakeTmp”
gmake[3]: 离开目录“/home/wtc/realsense_src/build/libcurl/src/libcurl-build/CMakeFiles/CMakeTmp”



Determining if files sys/wait.h;sys/ioctl.h;sys/param.h;sys/poll.h;sys/resource.h;sys/select.h;sys/socket.h;sys/stat.h;sys/time.h;sys/types.h;sys/un.h exist passed with the following output:
Change Dir: /home/wtc/realsense_src/build/libcurl/src/libcurl-build/CMakeFiles/CMakeTmp

Run Build Command(s):/usr/bin/gmake -f Makefile cmTC_aa38d/fast && gmake[3]: 进入目录“/home/wtc/realsense_src/build/libcurl/src/libcurl-build/CMakeFiles/CMakeTmp”
/usr/bin/gmake  -f CMakeFiles/cmTC_aa38d.dir/build.make CMakeFiles/cmTC_aa38d.dir/build
gmake[4]: 进入目录“/home/wtc/realsense_src/build/libcurl/src/libcurl-build/CMakeFiles/CMakeTmp”
Building C object CMakeFiles/cmTC_aa38d.dir/HAVE_SYS_UN_H.c.o
/usr/bin/cc   -pedantic -D_DEFAULT_SOURCE   -ffp-contract=off   -mssse3 -pthread  -W -Wall -pedantic -Wbad-function-cast -Wconversion -Winline -Wmissing-declarations -Wmissing-prototypes -Wnested-externs -Wno-long-long -Wno-multichar -Wpointer-arith -Wshadow -Wsign-compare -Wundef -Wunused -Wwrite-strings -Waddress -Wattributes -Wcast-align -Wdeclaration-after-statement -Wdiv-by-zero -Wempty-body -Wendif-labels -Wfloat-equal -Wformat-security -Wignored-qualifiers -Wmissing-field-initializers -Wmissing-noreturn -Wno-format-nonliteral -Wno-system-headers -Wold-style-definition -Wredundant-decls -Wsign-conversion -Wno-error=sign-conversion -Wstrict-prototypes -Wtype-limits -Wunreachable-code -Wunused-parameter -Wvla -Wclobbered -Wmissing-parameter-type -Wold-style-declaration -Wstrict-aliasing=3 -Wtrampolines -Wformat=2 -Warray-bounds=2 -ftree-vrp -Wduplicated-cond -Wnull-dereference -fdelete-null-pointer-checks -Wshift-negative-value -Wshift-overflow=2 -Walloc-zero -Wduplicated-branches -Wformat-overflow=2 -Wformat-truncation=2 -Wimplicit-fallthrough -Wrestrict -Warith-conversion -Wdouble-promotion -Wenum-conversion -Wpragmas -Wunused-const-variable  -o CMakeFiles/cmTC_aa38d.dir/HAVE_SYS_UN_H.c.o -c /home/wtc/realsense_src/build/libcurl/src/libcurl-build/CMakeFiles/CheckIncludeFiles/HAVE_SYS_UN_H.c
Linking C executable cmTC_aa38d
/usr/bin/cmake -E cmake_link_script CMakeFiles/cmTC_aa38d.dir/link.txt --verbose=1
/usr/bin/cc    -pedantic -D_DEFAULT_SOURCE   -ffp-contract=off   -mssse3 -pthread  -W -Wall -pedantic -Wbad-function-cast -Wconversion -Winline -Wmissing-declarations -Wmissing-prototypes -Wnested-externs -Wno-long-long -Wno-multichar -Wpointer-arith -Wshadow -Wsign-compare -Wundef -Wunused -Wwrite-strings -Waddress -Wattributes -Wcast-align -Wdeclaration-after-statement -Wdiv-by-zero -Wempty-body -Wendif-labels -Wfloat-equal -Wformat-security -Wignored-qualifiers -Wmissing-field-initializers -Wmissing-noreturn -Wno-format-nonliteral -Wno-system-headers -Wold-style-definition -Wredundant-decls -Wsign-conversion -Wno-error=sign-conversion -Wstrict-prototypes -Wtype-limits -Wunreachable-code -Wunused-parameter -Wvla -Wclobbered -Wmissing-parameter-type -Wold-style-declaration -Wstrict-aliasing=3 -Wtrampolines -Wformat=2 -Warray-bounds=2 -ftree-vrp -Wduplicated-cond -Wnull-dereference -fdelete-null-pointer-checks -Wshift-negative-value -Wshift-overflow=2 -Walloc-zero -Wduplicated-branches -Wformat-overflow=2 -Wformat-truncation=2 -Wimplicit-fallthrough -Wrestrict -Warith-conversion -Wdouble-promotion -Wenum-conversion -Wpragmas -Wunused-const-variable  CMakeFiles/cmTC_aa38d.dir/HAVE_SYS_UN_H.c.o -o cmTC_aa38d 
gmake[4]: 离开目录“/home/wtc/realsense_src/build/libcurl/src/libcurl-build/CMakeFiles/CMakeTmp”
gmake[3]: 离开目录“/home/wtc/realsense_src/build/libcurl/src/libcurl-build/CMakeFiles/CMakeTmp”



Determining if files sys/wait.h;sys/ioctl.h;sys/param.h;sys/poll.h;sys/resource.h;sys/select.h;sys/socket.h;sys/stat.h;sys/time.h;sys/types.h;sys/un.h;sys/xattr.h exist passed with the following output:
Change Dir: /home/wtc/realsense_src/build/libcurl/src/libcurl-build/CMakeFiles/CMakeTmp

Run Build Command(s):/usr/bin/gmake -f Makefile cmTC_12c17/fast && gmake[3]: 进入目录“/home/wtc/realsense_src/build/libcurl/src/libcurl-build/CMakeFiles/CMakeTmp”
/usr/bin/gmake  -f CMakeFiles/cmTC_12c17.dir/build.make CMakeFiles/cmTC_12c17.dir/build
gmake[4]: 进入目录“/home/wtc/realsense_src/build/libcurl/src/libcurl-build/CMakeFiles/CMakeTmp”
Building C object CMakeFiles/cmTC_12c17.dir/HAVE_SYS_XATTR_H.c.o
/usr/bin/cc   -pedantic -D_DEFAULT_SOURCE   -ffp-contract=off   -mssse3 -pthread  -W -Wall -pedantic -Wbad-function-cast -Wconversion -Winline -Wmissing-declarations -Wmissing-prototypes -Wnested-externs -Wno-long-long -Wno-multichar -Wpointer-arith -Wshadow -Wsign-compare -Wundef -Wunused -Wwrite-strings -Waddress -Wattributes -Wcast-align -Wdeclaration-after-statement -Wdiv-by-zero -Wempty-body -Wendif-labels -Wfloat-equal -Wformat-security -Wignored-qualifiers -Wmissing-field-initializers -Wmissing-noreturn -Wno-format-nonliteral -Wno-system-headers -Wold-style-definition -Wredundant-decls -Wsign-conversion -Wno-error=sign-conversion -Wstrict-prototypes -Wtype-limits -Wunreachable-code -Wunused-parameter -Wvla -Wclobbered -Wmissing-parameter-type -Wold-style-declaration -Wstrict-aliasing=3 -Wtrampolines -Wformat=2 -Warray-bounds=2 -ftree-vrp -Wduplicated-cond -Wnull-dereference -fdelete-null-pointer-checks -Wshift-negative-value -Wshift-overflow=2 -Walloc-zero -Wduplicated-branches -Wformat-overflow=2 -Wformat-truncation=2 -Wimplicit-fallthrough -Wrestrict -Warith-conversion -Wdouble-promotion -Wenum-conversion -Wpragmas -Wunused-const-variable  -o CMakeFiles/cmTC_12c17.dir/HAVE_SYS_XATTR_H.c.o -c /home/wtc/realsense_src/build/libcurl/src/libcurl-build/CMakeFiles/CheckIncludeFiles/HAVE_SYS_XATTR_H.c
Linking C executable cmTC_12c17
/usr/bin/cmake -E cmake_link_script CMakeFiles/cmTC_12c17.dir/link.txt --verbose=1
/usr/bin/cc    -pedantic -D_DEFAULT_SOURCE   -ffp-contract=off   -mssse3 -pthread  -W -Wall -pedantic -Wbad-function-cast -Wconversion -Winline -Wmissing-declarations -Wmissing-prototypes -Wnested-externs -Wno-long-long -Wno-multichar -Wpointer-arith -Wshadow -Wsign-compare -Wundef -Wunused -Wwrite-strings -Waddress -Wattributes -Wcast-align -Wdeclaration-after-statement -Wdiv-by-zero -Wempty-body -Wendif-labels -Wfloat-equal -Wformat-security -Wignored-qualifiers -Wmissing-field-initializers -Wmissing-noreturn -Wno-format-nonliteral -Wno-system-headers -Wold-style-definition -Wredundant-decls -Wsign-conversion -Wno-error=sign-conversion -Wstrict-prototypes -Wtype-limits -Wunreachable-code -Wunused-parameter -Wvla -Wclobbered -Wmissing-parameter-type -Wold-style-declaration -Wstrict-aliasing=3 -Wtrampolines -Wformat=2 -Warray-bounds=2 -ftree-vrp -Wduplicated-cond -Wnull-dereference -fdelete-null-pointer-checks -Wshift-negative-value -Wshift-overflow=2 -Walloc-zero -Wduplicated-branches -Wformat-overflow=2 -Wformat-truncation=2 -Wimplicit-fallthrough -Wrestrict -Warith-conversion -Wdouble-promotion -Wenum-conversion -Wpragmas -Wunused-const-variable  CMakeFiles/cmTC_12c17.dir/HAVE_SYS_XATTR_H.c.o -o cmTC_12c17 
gmake[4]: 离开目录“/home/wtc/realsense_src/build/libcurl/src/libcurl-build/CMakeFiles/CMakeTmp”
gmake[3]: 离开目录“/home/wtc/realsense_src/build/libcurl/src/libcurl-build/CMakeFiles/CMakeTmp”



Determining if files sys/wait.h;sys/ioctl.h;sys/param.h;sys/poll.h;sys/resource.h;sys/select.h;sys/socket.h;sys/stat.h;sys/time.h;sys/types.h;sys/un.h;sys/xattr.h;arpa/inet.h exist passed with the following output:
Change Dir: /home/wtc/realsense_src/build/libcurl/src/libcurl-build/CMakeFiles/CMakeTmp

Run Build Command(s):/usr/bin/gmake -f Makefile cmTC_395b1/fast && gmake[3]: 进入目录“/home/wtc/realsense_src/build/libcurl/src/libcurl-build/CMakeFiles/CMakeTmp”
/usr/bin/gmake  -f CMakeFiles/cmTC_395b1.dir/build.make CMakeFiles/cmTC_395b1.dir/build
gmake[4]: 进入目录“/home/wtc/realsense_src/build/libcurl/src/libcurl-build/CMakeFiles/CMakeTmp”
Building C object CMakeFiles/cmTC_395b1.dir/HAVE_ARPA_INET_H.c.o
/usr/bin/cc   -pedantic -D_DEFAULT_SOURCE   -ffp-contract=off   -mssse3 -pthread  -W -Wall -pedantic -Wbad-function-cast -Wconversion -Winline -Wmissing-declarations -Wmissing-prototypes -Wnested-externs -Wno-long-long -Wno-multichar -Wpointer-arith -Wshadow -Wsign-compare -Wundef -Wunused -Wwrite-strings -Waddress -Wattributes -Wcast-align -Wdeclaration-after-statement -Wdiv-by-zero -Wempty-body -Wendif-labels -Wfloat-equal -Wformat-security -Wignored-qualifiers -Wmissing-field-initializers -Wmissing-noreturn -Wno-format-nonliteral -Wno-system-headers -Wold-style-definition -Wredundant-decls -Wsign-conversion -Wno-error=sign-conversion -Wstrict-prototypes -Wtype-limits -Wunreachable-code -Wunused-parameter -Wvla -Wclobbered -Wmissing-parameter-type -Wold-style-declaration -Wstrict-aliasing=3 -Wtrampolines -Wformat=2 -Warray-bounds=2 -ftree-vrp -Wduplicated-cond -Wnull-dereference -fdelete-null-pointer-checks -Wshift-negative-value -Wshift-overflow=2 -Walloc-zero -Wduplicated-branches -Wformat-overflow=2 -Wformat-truncation=2 -Wimplicit-fallthrough -Wrestrict -Warith-conversion -Wdouble-promotion -Wenum-conversion -Wpragmas -Wunused-const-variable  -o CMakeFiles/cmTC_395b1.dir/HAVE_ARPA_INET_H.c.o -c /home/wtc/realsense_src/build/libcurl/src/libcurl-build/CMakeFiles/CheckIncludeFiles/HAVE_ARPA_INET_H.c
Linking C executable cmTC_395b1
/usr/bin/cmake -E cmake_link_script CMakeFiles/cmTC_395b1.dir/link.txt --verbose=1
/usr/bin/cc    -pedantic -D_DEFAULT_SOURCE   -ffp-contract=off   -mssse3 -pthread  -W -Wall -pedantic -Wbad-function-cast -Wconversion -Winline -Wmissing-declarations -Wmissing-prototypes -Wnested-externs -Wno-long-long -Wno-multichar -Wpointer-arith -Wshadow -Wsign-compare -Wundef -Wunused -Wwrite-strings -Waddress -Wattributes -Wcast-align -Wdeclaration-after-statement -Wdiv-by-zero -Wempty-body -Wendif-labels -Wfloat-equal -Wformat-security -Wignored-qualifiers -Wmissing-field-initializers -Wmissing-noreturn -Wno-format-nonliteral -Wno-system-headers -Wold-style-definition -Wredundant-decls -Wsign-conversion -Wno-error=sign-conversion -Wstrict-prototypes -Wtype-limits -Wunreachable-code -Wunused-parameter -Wvla -Wclobbered -Wmissing-parameter-type -Wold-style-declaration -Wstrict-aliasing=3 -Wtrampolines -Wformat=2 -Warray-bounds=2 -ftree-vrp -Wduplicated-cond -Wnull-dereference -fdelete-null-pointer-checks -Wshift-negative-value -Wshift-overflow=2 -Walloc-zero -Wduplicated-branches -Wformat-overflow=2 -Wformat-truncation=2 -Wimplicit-fallthrough -Wrestrict -Warith-conversion -Wdouble-promotion -Wenum-conversion -Wpragmas -Wunused-const-variable  CMakeFiles/cmTC_395b1.dir/HAVE_ARPA_INET_H.c.o -o cmTC_395b1 
gmake[4]: 离开目录“/home/wtc/realsense_src/build/libcurl/src/libcurl-build/CMakeFiles/CMakeTmp”
gmake[3]: 离开目录“/home/wtc/realsense_src/build/libcurl/src/libcurl-build/CMakeFiles/CMakeTmp”



Determining if files sys/wait.h;sys/ioctl.h;sys/param.h;sys/poll.h;sys/resource.h;sys/select.h;sys/socket.h;sys/stat.h;sys/time.h;sys/types.h;sys/un.h;sys/xattr.h;arpa/inet.h;dirent.h exist passed with the following output:
Change Dir: /home/wtc/realsense_src/build/libcurl/src/libcurl-build/CMakeFiles/CMakeTmp

Run Build Command(s):/usr/bin/gmake -f Makefile cmTC_e44f5/fast && gmake[3]: 进入目录“/home/wtc/realsense_src/build/libcurl/src/libcurl-build/CMakeFiles/CMakeTmp”
/usr/bin/gmake  -f CMakeFiles/cmTC_e44f5.dir/build.make CMakeFiles/cmTC_e44f5.dir/build
gmake[4]: 进入目录“/home/wtc/realsense_src/build/libcurl/src/libcurl-build/CMakeFiles/CMakeTmp”
Building C object CMakeFiles/cmTC_e44f5.dir/HAVE_DIRENT_H.c.o
/usr/bin/cc   -pedantic -D_DEFAULT_SOURCE   -ffp-contract=off   -mssse3 -pthread  -W -Wall -pedantic -Wbad-function-cast -Wconversion -Winline -Wmissing-declarations -Wmissing-prototypes -Wnested-externs -Wno-long-long -Wno-multichar -Wpointer-arith -Wshadow -Wsign-compare -Wundef -Wunused -Wwrite-strings -Waddress -Wattributes -Wcast-align -Wdeclaration-after-statement -Wdiv-by-zero -Wempty-body -Wendif-labels -Wfloat-equal -Wformat-security -Wignored-qualifiers -Wmissing-field-initializers -Wmissing-noreturn -Wno-format-nonliteral -Wno-system-headers -Wold-style-definition -Wredundant-decls -Wsign-conversion -Wno-error=sign-conversion -Wstrict-prototypes -Wtype-limits -Wunreachable-code -Wunused-parameter -Wvla -Wclobbered -Wmissing-parameter-type -Wold-style-declaration -Wstrict-aliasing=3 -Wtrampolines -Wformat=2 -Warray-bounds=2 -ftree-vrp -Wduplicated-cond -Wnull-dereference -fdelete-null-pointer-checks -Wshift-negative-value -Wshift-overflow=2 -Walloc-zero -Wduplicated-branches -Wformat-overflow=2 -Wformat-truncation=2 -Wimplicit-fallthrough -Wrestrict -Warith-conversion -Wdouble-promotion -Wenum-conversion -Wpragmas -Wunused-const-variable  -o CMakeFiles/cmTC_e44f5.dir/HAVE_DIRENT_H.c.o -c /home/wtc/realsense_src/build/libcurl/src/libcurl-build/CMakeFiles/CheckIncludeFiles/HAVE_DIRENT_H.c
Linking C executable cmTC_e44f5
/usr/bin/cmake -E cmake_link_script CMakeFiles/cmTC_e44f5.dir/link.txt --verbose=1
/usr/bin/cc    -pedantic -D_DEFAULT_SOURCE   -ffp-contract=off   -mssse3 -pthread  -W -Wall -pedantic -Wbad-function-cast -Wconversion -Winline -Wmissing-declarations -Wmissing-prototypes -Wnested-externs -Wno-long-long -Wno-multichar -Wpointer-arith -Wshadow -Wsign-compare -Wundef -Wunused -Wwrite-strings -Waddress -Wattributes -Wcast-align -Wdeclaration-after-statement -Wdiv-by-zero -Wempty-body -Wendif-labels -Wfloat-equal -Wformat-security -Wignored-qualifiers -Wmissing-field-initializers -Wmissing-noreturn -Wno-format-nonliteral -Wno-system-headers -Wold-style-definition -Wredundant-decls -Wsign-conversion -Wno-error=sign-conversion -Wstrict-prototypes -Wtype-limits -Wunreachable-code -Wunused-parameter -Wvla -Wclobbered -Wmissing-parameter-type -Wold-style-declaration -Wstrict-aliasing=3 -Wtrampolines -Wformat=2 -Warray-bounds=2 -ftree-vrp -Wduplicated-cond -Wnull-dereference -fdelete-null-pointer-checks -Wshift-negative-value -Wshift-overflow=2 -Walloc-zero -Wduplicated-branches -Wformat-overflow=2 -Wformat-truncation=2 -Wimplicit-fallthrough -Wrestrict -Warith-conversion -Wdouble-promotion -Wenum-conversion -Wpragmas -Wunused-const-variable  CMakeFiles/cmTC_e44f5.dir/HAVE_DIRENT_H.c.o -o cmTC_e44f5 
gmake[4]: 离开目录“/home/wtc/realsense_src/build/libcurl/src/libcurl-build/CMakeFiles/CMakeTmp”
gmake[3]: 离开目录“/home/wtc/realsense_src/build/libcurl/src/libcurl-build/CMakeFiles/CMakeTmp”



Determining if files sys/wait.h;sys/ioctl.h;sys/param.h;sys/poll.h;sys/resource.h;sys/select.h;sys/socket.h;sys/stat.h;sys/time.h;sys/types.h;sys/un.h;sys/xattr.h;arpa/inet.h;dirent.h;fcntl.h exist passed with the following output:
Change Dir: /home/wtc/realsense_src/build/libcurl/src/libcurl-build/CMakeFiles/CMakeTmp

Run Build Command(s):/usr/bin/gmake -f Makefile cmTC_27de6/fast && gmake[3]: 进入目录“/home/wtc/realsense_src/build/libcurl/src/libcurl-build/CMakeFiles/CMakeTmp”
/usr/bin/gmake  -f CMakeFiles/cmTC_27de6.dir/build.make CMakeFiles/cmTC_27de6.dir/build
gmake[4]: 进入目录“/home/wtc/realsense_src/build/libcurl/src/libcurl-build/CMakeFiles/CMakeTmp”
Building C object CMakeFiles/cmTC_27de6.dir/HAVE_FCNTL_H.c.o
/usr/bin/cc   -pedantic -D_DEFAULT_SOURCE   -ffp-contract=off   -mssse3 -pthread  -W -Wall -pedantic -Wbad-function-cast -Wconversion -Winline -Wmissing-declarations -Wmissing-prototypes -Wnested-externs -Wno-long-long -Wno-multichar -Wpointer-arith -Wshadow -Wsign-compare -Wundef -Wunused -Wwrite-strings -Waddress -Wattributes -Wcast-align -Wdeclaration-after-statement -Wdiv-by-zero -Wempty-body -Wendif-labels -Wfloat-equal -Wformat-security -Wignored-qualifiers -Wmissing-field-initializers -Wmissing-noreturn -Wno-format-nonliteral -Wno-system-headers -Wold-style-definition -Wredundant-decls -Wsign-conversion -Wno-error=sign-conversion -Wstrict-prototypes -Wtype-limits -Wunreachable-code -Wunused-parameter -Wvla -Wclobbered -Wmissing-parameter-type -Wold-style-declaration -Wstrict-aliasing=3 -Wtrampolines -Wformat=2 -Warray-bounds=2 -ftree-vrp -Wduplicated-cond -Wnull-dereference -fdelete-null-pointer-checks -Wshift-negative-value -Wshift-overflow=2 -Walloc-zero -Wduplicated-branches -Wformat-overflow=2 -Wformat-truncation=2 -Wimplicit-fallthrough -Wrestrict -Warith-conversion -Wdouble-promotion -Wenum-conversion -Wpragmas -Wunused-const-variable  -o CMakeFiles/cmTC_27de6.dir/HAVE_FCNTL_H.c.o -c /home/wtc/realsense_src/build/libcurl/src/libcurl-build/CMakeFiles/CheckIncludeFiles/HAVE_FCNTL_H.c
Linking C executable cmTC_27de6
/usr/bin/cmake -E cmake_link_script CMakeFiles/cmTC_27de6.dir/link.txt --verbose=1
/usr/bin/cc    -pedantic -D_DEFAULT_SOURCE   -ffp-contract=off   -mssse3 -pthread  -W -Wall -pedantic -Wbad-function-cast -Wconversion -Winline -Wmissing-declarations -Wmissing-prototypes -Wnested-externs -Wno-long-long -Wno-multichar -Wpointer-arith -Wshadow -Wsign-compare -Wundef -Wunused -Wwrite-strings -Waddress -Wattributes -Wcast-align -Wdeclaration-after-statement -Wdiv-by-zero -Wempty-body -Wendif-labels -Wfloat-equal -Wformat-security -Wignored-qualifiers -Wmissing-field-initializers -Wmissing-noreturn -Wno-format-nonliteral -Wno-system-headers -Wold-style-definition -Wredundant-decls -Wsign-conversion -Wno-error=sign-conversion -Wstrict-prototypes -Wtype-limits -Wunreachable-code -Wunused-parameter -Wvla -Wclobbered -Wmissing-parameter-type -Wold-style-declaration -Wstrict-aliasing=3 -Wtrampolines -Wformat=2 -Warray-bounds=2 -ftree-vrp -Wduplicated-cond -Wnull-dereference -fdelete-null-pointer-checks -Wshift-negative-value -Wshift-overflow=2 -Walloc-zero -Wduplicated-branches -Wformat-overflow=2 -Wformat-truncation=2 -Wimplicit-fallthrough -Wrestrict -Warith-conversion -Wdouble-promotion -Wenum-conversion -Wpragmas -Wunused-const-variable  CMakeFiles/cmTC_27de6.dir/HAVE_FCNTL_H.c.o -o cmTC_27de6 
gmake[4]: 离开目录“/home/wtc/realsense_src/build/libcurl/src/libcurl-build/CMakeFiles/CMakeTmp”
gmake[3]: 离开目录“/home/wtc/realsense_src/build/libcurl/src/libcurl-build/CMakeFiles/CMakeTmp”



Determining if files sys/wait.h;sys/ioctl.h;sys/param.h;sys/poll.h;sys/resource.h;sys/select.h;sys/socket.h;sys/stat.h;sys/time.h;sys/types.h;sys/un.h;sys/xattr.h;arpa/inet.h;dirent.h;fcntl.h;ifaddrs.h exist passed with the following output:
Change Dir: /home/wtc/realsense_src/build/libcurl/src/libcurl-build/CMakeFiles/CMakeTmp

Run Build Command(s):/usr/bin/gmake -f Makefile cmTC_ba060/fast && gmake[3]: 进入目录“/home/wtc/realsense_src/build/libcurl/src/libcurl-build/CMakeFiles/CMakeTmp”
/usr/bin/gmake  -f CMakeFiles/cmTC_ba060.dir/build.make CMakeFiles/cmTC_ba060.dir/build
gmake[4]: 进入目录“/home/wtc/realsense_src/build/libcurl/src/libcurl-build/CMakeFiles/CMakeTmp”
Building C object CMakeFiles/cmTC_ba060.dir/HAVE_IFADDRS_H.c.o
/usr/bin/cc   -pedantic -D_DEFAULT_SOURCE   -ffp-contract=off   -mssse3 -pthread  -W -Wall -pedantic -Wbad-function-cast -Wconversion -Winline -Wmissing-declarations -Wmissing-prototypes -Wnested-externs -Wno-long-long -Wno-multichar -Wpointer-arith -Wshadow -Wsign-compare -Wundef -Wunused -Wwrite-strings -Waddress -Wattributes -Wcast-align -Wdeclaration-after-statement -Wdiv-by-zero -Wempty-body -Wendif-labels -Wfloat-equal -Wformat-security -Wignored-qualifiers -Wmissing-field-initializers -Wmissing-noreturn -Wno-format-nonliteral -Wno-system-headers -Wold-style-definition -Wredundant-decls -Wsign-conversion -Wno-error=sign-conversion -Wstrict-prototypes -Wtype-limits -Wunreachable-code -Wunused-parameter -Wvla -Wclobbered -Wmissing-parameter-type -Wold-style-declaration -Wstrict-aliasing=3 -Wtrampolines -Wformat=2 -Warray-bounds=2 -ftree-vrp -Wduplicated-cond -Wnull-dereference -fdelete-null-pointer-checks -Wshift-negative-value -Wshift-overflow=2 -Walloc-zero -Wduplicated-branches -Wformat-overflow=2 -Wformat-truncation=2 -Wimplicit-fallthrough -Wrestrict -Warith-conversion -Wdouble-promotion -Wenum-conversion -Wpragmas -Wunused-const-variable  -o CMakeFiles/cmTC_ba060.dir/HAVE_IFADDRS_H.c.o -c /home/wtc/realsense_src/build/libcurl/src/libcurl-build/CMakeFiles/CheckIncludeFiles/HAVE_IFADDRS_H.c
Linking C executable cmTC_ba060
/usr/bin/cmake -E cmake_link_script CMakeFiles/cmTC_ba060.dir/link.txt --verbose=1
/usr/bin/cc    -pedantic -D_DEFAULT_SOURCE   -ffp-contract=off   -mssse3 -pthread  -W -Wall -pedantic -Wbad-function-cast -Wconversion -Winline -Wmissing-declarations -Wmissing-prototypes -Wnested-externs -Wno-long-long -Wno-multichar -Wpointer-arith -Wshadow -Wsign-compare -Wundef -Wunused -Wwrite-strings -Waddress -Wattributes -Wcast-align -Wdeclaration-after-statement -Wdiv-by-zero -Wempty-body -Wendif-labels -Wfloat-equal -Wformat-security -Wignored-qualifiers -Wmissing-field-initializers -Wmissing-noreturn -Wno-format-nonliteral -Wno-system-headers -Wold-style-definition -Wredundant-decls -Wsign-conversion -Wno-error=sign-conversion -Wstrict-prototypes -Wtype-limits -Wunreachable-code -Wunused-parameter -Wvla -Wclobbered -Wmissing-parameter-type -Wold-style-declaration -Wstrict-aliasing=3 -Wtrampolines -Wformat=2 -Warray-bounds=2 -ftree-vrp -Wduplicated-cond -Wnull-dereference -fdelete-null-pointer-checks -Wshift-negative-value -Wshift-overflow=2 -Walloc-zero -Wduplicated-branches -Wformat-overflow=2 -Wformat-truncation=2 -Wimplicit-fallthrough -Wrestrict -Warith-conversion -Wdouble-promotion -Wenum-conversion -Wpragmas -Wunused-const-variable  CMakeFiles/cmTC_ba060.dir/HAVE_IFADDRS_H.c.o -o cmTC_ba060 
gmake[4]: 离开目录“/home/wtc/realsense_src/build/libcurl/src/libcurl-build/CMakeFiles/CMakeTmp”
gmake[3]: 离开目录“/home/wtc/realsense_src/build/libcurl/src/libcurl-build/CMakeFiles/CMakeTmp”



Determining if files sys/wait.h;sys/ioctl.h;sys/param.h;sys/poll.h;sys/resource.h;sys/select.h;sys/socket.h;sys/stat.h;sys/time.h;sys/types.h;sys/un.h;sys/xattr.h;arpa/inet.h;dirent.h;fcntl.h;ifaddrs.h;libgen.h exist passed with the following output:
Change Dir: /home/wtc/realsense_src/build/libcurl/src/libcurl-build/CMakeFiles/CMakeTmp

Run Build Command(s):/usr/bin/gmake -f Makefile cmTC_5165e/fast && gmake[3]: 进入目录“/home/wtc/realsense_src/build/libcurl/src/libcurl-build/CMakeFiles/CMakeTmp”
/usr/bin/gmake  -f CMakeFiles/cmTC_5165e.dir/build.make CMakeFiles/cmTC_5165e.dir/build
gmake[4]: 进入目录“/home/wtc/realsense_src/build/libcurl/src/libcurl-build/CMakeFiles/CMakeTmp”
Building C object CMakeFiles/cmTC_5165e.dir/HAVE_LIBGEN_H.c.o
/usr/bin/cc   -pedantic -D_DEFAULT_SOURCE   -ffp-contract=off   -mssse3 -pthread  -W -Wall -pedantic -Wbad-function-cast -Wconversion -Winline -Wmissing-declarations -Wmissing-prototypes -Wnested-externs -Wno-long-long -Wno-multichar -Wpointer-arith -Wshadow -Wsign-compare -Wundef -Wunused -Wwrite-strings -Waddress -Wattributes -Wcast-align -Wdeclaration-after-statement -Wdiv-by-zero -Wempty-body -Wendif-labels -Wfloat-equal -Wformat-security -Wignored-qualifiers -Wmissing-field-initializers -Wmissing-noreturn -Wno-format-nonliteral -Wno-system-headers -Wold-style-definition -Wredundant-decls -Wsign-conversion -Wno-error=sign-conversion -Wstrict-prototypes -Wtype-limits -Wunreachable-code -Wunused-parameter -Wvla -Wclobbered -Wmissing-parameter-type -Wold-style-declaration -Wstrict-aliasing=3 -Wtrampolines -Wformat=2 -Warray-bounds=2 -ftree-vrp -Wduplicated-cond -Wnull-dereference -fdelete-null-pointer-checks -Wshift-negative-value -Wshift-overflow=2 -Walloc-zero -Wduplicated-branches -Wformat-overflow=2 -Wformat-truncation=2 -Wimplicit-fallthrough -Wrestrict -Warith-conversion -Wdouble-promotion -Wenum-conversion -Wpragmas -Wunused-const-variable  -o CMakeFiles/cmTC_5165e.dir/HAVE_LIBGEN_H.c.o -c /home/wtc/realsense_src/build/libcurl/src/libcurl-build/CMakeFiles/CheckIncludeFiles/HAVE_LIBGEN_H.c
Linking C executable cmTC_5165e
/usr/bin/cmake -E cmake_link_script CMakeFiles/cmTC_5165e.dir/link.txt --verbose=1
/usr/bin/cc    -pedantic -D_DEFAULT_SOURCE   -ffp-contract=off   -mssse3 -pthread  -W -Wall -pedantic -Wbad-function-cast -Wconversion -Winline -Wmissing-declarations -Wmissing-prototypes -Wnested-externs -Wno-long-long -Wno-multichar -Wpointer-arith -Wshadow -Wsign-compare -Wundef -Wunused -Wwrite-strings -Waddress -Wattributes -Wcast-align -Wdeclaration-after-statement -Wdiv-by-zero -Wempty-body -Wendif-labels -Wfloat-equal -Wformat-security -Wignored-qualifiers -Wmissing-field-initializers -Wmissing-noreturn -Wno-format-nonliteral -Wno-system-headers -Wold-style-definition -Wredundant-decls -Wsign-conversion -Wno-error=sign-conversion -Wstrict-prototypes -Wtype-limits -Wunreachable-code -Wunused-parameter -Wvla -Wclobbered -Wmissing-parameter-type -Wold-style-declaration -Wstrict-aliasing=3 -Wtrampolines -Wformat=2 -Warray-bounds=2 -ftree-vrp -Wduplicated-cond -Wnull-dereference -fdelete-null-pointer-checks -Wshift-negative-value -Wshift-overflow=2 -Walloc-zero -Wduplicated-branches -Wformat-overflow=2 -Wformat-truncation=2 -Wimplicit-fallthrough -Wrestrict -Warith-conversion -Wdouble-promotion -Wenum-conversion -Wpragmas -Wunused-const-variable  CMakeFiles/cmTC_5165e.dir/HAVE_LIBGEN_H.c.o -o cmTC_5165e 
gmake[4]: 离开目录“/home/wtc/realsense_src/build/libcurl/src/libcurl-build/CMakeFiles/CMakeTmp”
gmake[3]: 离开目录“/home/wtc/realsense_src/build/libcurl/src/libcurl-build/CMakeFiles/CMakeTmp”



Determining if files sys/wait.h;sys/ioctl.h;sys/param.h;sys/poll.h;sys/resource.h;sys/select.h;sys/socket.h;sys/stat.h;sys/time.h;sys/types.h;sys/un.h;sys/xattr.h;arpa/inet.h;dirent.h;fcntl.h;ifaddrs.h;libgen.h;locale.h exist passed with the following output:
Change Dir: /home/wtc/realsense_src/build/libcurl/src/libcurl-build/CMakeFiles/CMakeTmp

Run Build Command(s):/usr/bin/gmake -f Makefile cmTC_12517/fast && gmake[3]: 进入目录“/home/wtc/realsense_src/build/libcurl/src/libcurl-build/CMakeFiles/CMakeTmp”
/usr/bin/gmake  -f CMakeFiles/cmTC_12517.dir/build.make CMakeFiles/cmTC_12517.dir/build
gmake[4]: 进入目录“/home/wtc/realsense_src/build/libcurl/src/libcurl-build/CMakeFiles/CMakeTmp”
Building C object CMakeFiles/cmTC_12517.dir/HAVE_LOCALE_H.c.o
/usr/bin/cc   -pedantic -D_DEFAULT_SOURCE   -ffp-contract=off   -mssse3 -pthread  -W -Wall -pedantic -Wbad-function-cast -Wconversion -Winline -Wmissing-declarations -Wmissing-prototypes -Wnested-externs -Wno-long-long -Wno-multichar -Wpointer-arith -Wshadow -Wsign-compare -Wundef -Wunused -Wwrite-strings -Waddress -Wattributes -Wcast-align -Wdeclaration-after-statement -Wdiv-by-zero -Wempty-body -Wendif-labels -Wfloat-equal -Wformat-security -Wignored-qualifiers -Wmissing-field-initializers -Wmissing-noreturn -Wno-format-nonliteral -Wno-system-headers -Wold-style-definition -Wredundant-decls -Wsign-conversion -Wno-error=sign-conversion -Wstrict-prototypes -Wtype-limits -Wunreachable-code -Wunused-parameter -Wvla -Wclobbered -Wmissing-parameter-type -Wold-style-declaration -Wstrict-aliasing=3 -Wtrampolines -Wformat=2 -Warray-bounds=2 -ftree-vrp -Wduplicated-cond -Wnull-dereference -fdelete-null-pointer-checks -Wshift-negative-value -Wshift-overflow=2 -Walloc-zero -Wduplicated-branches -Wformat-overflow=2 -Wformat-truncation=2 -Wimplicit-fallthrough -Wrestrict -Warith-conversion -Wdouble-promotion -Wenum-conversion -Wpragmas -Wunused-const-variable  -o CMakeFiles/cmTC_12517.dir/HAVE_LOCALE_H.c.o -c /home/wtc/realsense_src/build/libcurl/src/libcurl-build/CMakeFiles/CheckIncludeFiles/HAVE_LOCALE_H.c
Linking C executable cmTC_12517
/usr/bin/cmake -E cmake_link_script CMakeFiles/cmTC_12517.dir/link.txt --verbose=1
/usr/bin/cc    -pedantic -D_DEFAULT_SOURCE   -ffp-contract=off   -mssse3 -pthread  -W -Wall -pedantic -Wbad-function-cast -Wconversion -Winline -Wmissing-declarations -Wmissing-prototypes -Wnested-externs -Wno-long-long -Wno-multichar -Wpointer-arith -Wshadow -Wsign-compare -Wundef -Wunused -Wwrite-strings -Waddress -Wattributes -Wcast-align -Wdeclaration-after-statement -Wdiv-by-zero -Wempty-body -Wendif-labels -Wfloat-equal -Wformat-security -Wignored-qualifiers -Wmissing-field-initializers -Wmissing-noreturn -Wno-format-nonliteral -Wno-system-headers -Wold-style-definition -Wredundant-decls -Wsign-conversion -Wno-error=sign-conversion -Wstrict-prototypes -Wtype-limits -Wunreachable-code -Wunused-parameter -Wvla -Wclobbered -Wmissing-parameter-type -Wold-style-declaration -Wstrict-aliasing=3 -Wtrampolines -Wformat=2 -Warray-bounds=2 -ftree-vrp -Wduplicated-cond -Wnull-dereference -fdelete-null-pointer-checks -Wshift-negative-value -Wshift-overflow=2 -Walloc-zero -Wduplicated-branches -Wformat-overflow=2 -Wformat-truncation=2 -Wimplicit-fallthrough -Wrestrict -Warith-conversion -Wdouble-promotion -Wenum-conversion -Wpragmas -Wunused-const-variable  CMakeFiles/cmTC_12517.dir/HAVE_LOCALE_H.c.o -o cmTC_12517 
gmake[4]: 离开目录“/home/wtc/realsense_src/build/libcurl/src/libcurl-build/CMakeFiles/CMakeTmp”
gmake[3]: 离开目录“/home/wtc/realsense_src/build/libcurl/src/libcurl-build/CMakeFiles/CMakeTmp”



Determining if files sys/wait.h;sys/ioctl.h;sys/param.h;sys/poll.h;sys/resource.h;sys/select.h;sys/socket.h;sys/stat.h;sys/time.h;sys/types.h;sys/un.h;sys/xattr.h;arpa/inet.h;dirent.h;fcntl.h;ifaddrs.h;libgen.h;locale.h;net/if.h exist passed with the following output:
Change Dir: /home/wtc/realsense_src/build/libcurl/src/libcurl-build/CMakeFiles/CMakeTmp

Run Build Command(s):/usr/bin/gmake -f Makefile cmTC_b7b16/fast && gmake[3]: 进入目录“/home/wtc/realsense_src/build/libcurl/src/libcurl-build/CMakeFiles/CMakeTmp”
/usr/bin/gmake  -f CMakeFiles/cmTC_b7b16.dir/build.make CMakeFiles/cmTC_b7b16.dir/build
gmake[4]: 进入目录“/home/wtc/realsense_src/build/libcurl/src/libcurl-build/CMakeFiles/CMakeTmp”
Building C object CMakeFiles/cmTC_b7b16.dir/HAVE_NET_IF_H.c.o
/usr/bin/cc   -pedantic -D_DEFAULT_SOURCE   -ffp-contract=off   -mssse3 -pthread  -W -Wall -pedantic -Wbad-function-cast -Wconversion -Winline -Wmissing-declarations -Wmissing-prototypes -Wnested-externs -Wno-long-long -Wno-multichar -Wpointer-arith -Wshadow -Wsign-compare -Wundef -Wunused -Wwrite-strings -Waddress -Wattributes -Wcast-align -Wdeclaration-after-statement -Wdiv-by-zero -Wempty-body -Wendif-labels -Wfloat-equal -Wformat-security -Wignored-qualifiers -Wmissing-field-initializers -Wmissing-noreturn -Wno-format-nonliteral -Wno-system-headers -Wold-style-definition -Wredundant-decls -Wsign-conversion -Wno-error=sign-conversion -Wstrict-prototypes -Wtype-limits -Wunreachable-code -Wunused-parameter -Wvla -Wclobbered -Wmissing-parameter-type -Wold-style-declaration -Wstrict-aliasing=3 -Wtrampolines -Wformat=2 -Warray-bounds=2 -ftree-vrp -Wduplicated-cond -Wnull-dereference -fdelete-null-pointer-checks -Wshift-negative-value -Wshift-overflow=2 -Walloc-zero -Wduplicated-branches -Wformat-overflow=2 -Wformat-truncation=2 -Wimplicit-fallthrough -Wrestrict -Warith-conversion -Wdouble-promotion -Wenum-conversion -Wpragmas -Wunused-const-variable  -o CMakeFiles/cmTC_b7b16.dir/HAVE_NET_IF_H.c.o -c /home/wtc/realsense_src/build/libcurl/src/libcurl-build/CMakeFiles/CheckIncludeFiles/HAVE_NET_IF_H.c
Linking C executable cmTC_b7b16
/usr/bin/cmake -E cmake_link_script CMakeFiles/cmTC_b7b16.dir/link.txt --verbose=1
/usr/bin/cc    -pedantic -D_DEFAULT_SOURCE   -ffp-contract=off   -mssse3 -pthread  -W -Wall -pedantic -Wbad-function-cast -Wconversion -Winline -Wmissing-declarations -Wmissing-prototypes -Wnested-externs -Wno-long-long -Wno-multichar -Wpointer-arith -Wshadow -Wsign-compare -Wundef -Wunused -Wwrite-strings -Waddress -Wattributes -Wcast-align -Wdeclaration-after-statement -Wdiv-by-zero -Wempty-body -Wendif-labels -Wfloat-equal -Wformat-security -Wignored-qualifiers -Wmissing-field-initializers -Wmissing-noreturn -Wno-format-nonliteral -Wno-system-headers -Wold-style-definition -Wredundant-decls -Wsign-conversion -Wno-error=sign-conversion -Wstrict-prototypes -Wtype-limits -Wunreachable-code -Wunused-parameter -Wvla -Wclobbered -Wmissing-parameter-type -Wold-style-declaration -Wstrict-aliasing=3 -Wtrampolines -Wformat=2 -Warray-bounds=2 -ftree-vrp -Wduplicated-cond -Wnull-dereference -fdelete-null-pointer-checks -Wshift-negative-value -Wshift-overflow=2 -Walloc-zero -Wduplicated-branches -Wformat-overflow=2 -Wformat-truncation=2 -Wimplicit-fallthrough -Wrestrict -Warith-conversion -Wdouble-promotion -Wenum-conversion -Wpragmas -Wunused-const-variable  CMakeFiles/cmTC_b7b16.dir/HAVE_NET_IF_H.c.o -o cmTC_b7b16 
gmake[4]: 离开目录“/home/wtc/realsense_src/build/libcurl/src/libcurl-build/CMakeFiles/CMakeTmp”
gmake[3]: 离开目录“/home/wtc/realsense_src/build/libcurl/src/libcurl-build/CMakeFiles/CMakeTmp”



Determining if files sys/wait.h;sys/ioctl.h;sys/param.h;sys/poll.h;sys/resource.h;sys/select.h;sys/socket.h;sys/stat.h;sys/time.h;sys/types.h;sys/un.h;sys/xattr.h;arpa/inet.h;dirent.h;fcntl.h;ifaddrs.h;libgen.h;locale.h;net/if.h;netdb.h exist passed with the following output:
Change Dir: /home/wtc/realsense_src/build/libcurl/src/libcurl-build/CMakeFiles/CMakeTmp

Run Build Command(s):/usr/bin/gmake -f Makefile cmTC_f694e/fast && gmake[3]: 进入目录“/home/wtc/realsense_src/build/libcurl/src/libcurl-build/CMakeFiles/CMakeTmp”
/usr/bin/gmake  -f CMakeFiles/cmTC_f694e.dir/build.make CMakeFiles/cmTC_f694e.dir/build
gmake[4]: 进入目录“/home/wtc/realsense_src/build/libcurl/src/libcurl-build/CMakeFiles/CMakeTmp”
Building C object CMakeFiles/cmTC_f694e.dir/HAVE_NETDB_H.c.o
/usr/bin/cc   -pedantic -D_DEFAULT_SOURCE   -ffp-contract=off   -mssse3 -pthread  -W -Wall -pedantic -Wbad-function-cast -Wconversion -Winline -Wmissing-declarations -Wmissing-prototypes -Wnested-externs -Wno-long-long -Wno-multichar -Wpointer-arith -Wshadow -Wsign-compare -Wundef -Wunused -Wwrite-strings -Waddress -Wattributes -Wcast-align -Wdeclaration-after-statement -Wdiv-by-zero -Wempty-body -Wendif-labels -Wfloat-equal -Wformat-security -Wignored-qualifiers -Wmissing-field-initializers -Wmissing-noreturn -Wno-format-nonliteral -Wno-system-headers -Wold-style-definition -Wredundant-decls -Wsign-conversion -Wno-error=sign-conversion -Wstrict-prototypes -Wtype-limits -Wunreachable-code -Wunused-parameter -Wvla -Wclobbered -Wmissing-parameter-type -Wold-style-declaration -Wstrict-aliasing=3 -Wtrampolines -Wformat=2 -Warray-bounds=2 -ftree-vrp -Wduplicated-cond -Wnull-dereference -fdelete-null-pointer-checks -Wshift-negative-value -Wshift-overflow=2 -Walloc-zero -Wduplicated-branches -Wformat-overflow=2 -Wformat-truncation=2 -Wimplicit-fallthrough -Wrestrict -Warith-conversion -Wdouble-promotion -Wenum-conversion -Wpragmas -Wunused-const-variable  -o CMakeFiles/cmTC_f694e.dir/HAVE_NETDB_H.c.o -c /home/wtc/realsense_src/build/libcurl/src/libcurl-build/CMakeFiles/CheckIncludeFiles/HAVE_NETDB_H.c
Linking C executable cmTC_f694e
/usr/bin/cmake -E cmake_link_script CMakeFiles/cmTC_f694e.dir/link.txt --verbose=1
/usr/bin/cc    -pedantic -D_DEFAULT_SOURCE   -ffp-contract=off   -mssse3 -pthread  -W -Wall -pedantic -Wbad-function-cast -Wconversion -Winline -Wmissing-declarations -Wmissing-prototypes -Wnested-externs -Wno-long-long -Wno-multichar -Wpointer-arith -Wshadow -Wsign-compare -Wundef -Wunused -Wwrite-strings -Waddress -Wattributes -Wcast-align -Wdeclaration-after-statement -Wdiv-by-zero -Wempty-body -Wendif-labels -Wfloat-equal -Wformat-security -Wignored-qualifiers -Wmissing-field-initializers -Wmissing-noreturn -Wno-format-nonliteral -Wno-system-headers -Wold-style-definition -Wredundant-decls -Wsign-conversion -Wno-error=sign-conversion -Wstrict-prototypes -Wtype-limits -Wunreachable-code -Wunused-parameter -Wvla -Wclobbered -Wmissing-parameter-type -Wold-style-declaration -Wstrict-aliasing=3 -Wtrampolines -Wformat=2 -Warray-bounds=2 -ftree-vrp -Wduplicated-cond -Wnull-dereference -fdelete-null-pointer-checks -Wshift-negative-value -Wshift-overflow=2 -Walloc-zero -Wduplicated-branches -Wformat-overflow=2 -Wformat-truncation=2 -Wimplicit-fallthrough -Wrestrict -Warith-conversion -Wdouble-promotion -Wenum-conversion -Wpragmas -Wunused-const-variable  CMakeFiles/cmTC_f694e.dir/HAVE_NETDB_H.c.o -o cmTC_f694e 
gmake[4]: 离开目录“/home/wtc/realsense_src/build/libcurl/src/libcurl-build/CMakeFiles/CMakeTmp”
gmake[3]: 离开目录“/home/wtc/realsense_src/build/libcurl/src/libcurl-build/CMakeFiles/CMakeTmp”



Determining if files sys/wait.h;sys/ioctl.h;sys/param.h;sys/poll.h;sys/resource.h;sys/select.h;sys/socket.h;sys/stat.h;sys/time.h;sys/types.h;sys/un.h;sys/xattr.h;arpa/inet.h;dirent.h;fcntl.h;ifaddrs.h;libgen.h;locale.h;net/if.h;netdb.h;netinet/in.h exist passed with the following output:
Change Dir: /home/wtc/realsense_src/build/libcurl/src/libcurl-build/CMakeFiles/CMakeTmp

Run Build Command(s):/usr/bin/gmake -f Makefile cmTC_91570/fast && gmake[3]: 进入目录“/home/wtc/realsense_src/build/libcurl/src/libcurl-build/CMakeFiles/CMakeTmp”
/usr/bin/gmake  -f CMakeFiles/cmTC_91570.dir/build.make CMakeFiles/cmTC_91570.dir/build
gmake[4]: 进入目录“/home/wtc/realsense_src/build/libcurl/src/libcurl-build/CMakeFiles/CMakeTmp”
Building C object CMakeFiles/cmTC_91570.dir/HAVE_NETINET_IN_H.c.o
/usr/bin/cc   -pedantic -D_DEFAULT_SOURCE   -ffp-contract=off   -mssse3 -pthread  -W -Wall -pedantic -Wbad-function-cast -Wconversion -Winline -Wmissing-declarations -Wmissing-prototypes -Wnested-externs -Wno-long-long -Wno-multichar -Wpointer-arith -Wshadow -Wsign-compare -Wundef -Wunused -Wwrite-strings -Waddress -Wattributes -Wcast-align -Wdeclaration-after-statement -Wdiv-by-zero -Wempty-body -Wendif-labels -Wfloat-equal -Wformat-security -Wignored-qualifiers -Wmissing-field-initializers -Wmissing-noreturn -Wno-format-nonliteral -Wno-system-headers -Wold-style-definition -Wredundant-decls -Wsign-conversion -Wno-error=sign-conversion -Wstrict-prototypes -Wtype-limits -Wunreachable-code -Wunused-parameter -Wvla -Wclobbered -Wmissing-parameter-type -Wold-style-declaration -Wstrict-aliasing=3 -Wtrampolines -Wformat=2 -Warray-bounds=2 -ftree-vrp -Wduplicated-cond -Wnull-dereference -fdelete-null-pointer-checks -Wshift-negative-value -Wshift-overflow=2 -Walloc-zero -Wduplicated-branches -Wformat-overflow=2 -Wformat-truncation=2 -Wimplicit-fallthrough -Wrestrict -Warith-conversion -Wdouble-promotion -Wenum-conversion -Wpragmas -Wunused-const-variable  -o CMakeFiles/cmTC_91570.dir/HAVE_NETINET_IN_H.c.o -c /home/wtc/realsense_src/build/libcurl/src/libcurl-build/CMakeFiles/CheckIncludeFiles/HAVE_NETINET_IN_H.c
Linking C executable cmTC_91570
/usr/bin/cmake -E cmake_link_script CMakeFiles/cmTC_91570.dir/link.txt --verbose=1
/usr/bin/cc    -pedantic -D_DEFAULT_SOURCE   -ffp-contract=off   -mssse3 -pthread  -W -Wall -pedantic -Wbad-function-cast -Wconversion -Winline -Wmissing-declarations -Wmissing-prototypes -Wnested-externs -Wno-long-long -Wno-multichar -Wpointer-arith -Wshadow -Wsign-compare -Wundef -Wunused -Wwrite-strings -Waddress -Wattributes -Wcast-align -Wdeclaration-after-statement -Wdiv-by-zero -Wempty-body -Wendif-labels -Wfloat-equal -Wformat-security -Wignored-qualifiers -Wmissing-field-initializers -Wmissing-noreturn -Wno-format-nonliteral -Wno-system-headers -Wold-style-definition -Wredundant-decls -Wsign-conversion -Wno-error=sign-conversion -Wstrict-prototypes -Wtype-limits -Wunreachable-code -Wunused-parameter -Wvla -Wclobbered -Wmissing-parameter-type -Wold-style-declaration -Wstrict-aliasing=3 -Wtrampolines -Wformat=2 -Warray-bounds=2 -ftree-vrp -Wduplicated-cond -Wnull-dereference -fdelete-null-pointer-checks -Wshift-negative-value -Wshift-overflow=2 -Walloc-zero -Wduplicated-branches -Wformat-overflow=2 -Wformat-truncation=2 -Wimplicit-fallthrough -Wrestrict -Warith-conversion -Wdouble-promotion -Wenum-conversion -Wpragmas -Wunused-const-variable  CMakeFiles/cmTC_91570.dir/HAVE_NETINET_IN_H.c.o -o cmTC_91570 
gmake[4]: 离开目录“/home/wtc/realsense_src/build/libcurl/src/libcurl-build/CMakeFiles/CMakeTmp”
gmake[3]: 离开目录“/home/wtc/realsense_src/build/libcurl/src/libcurl-build/CMakeFiles/CMakeTmp”



Determining if files sys/wait.h;sys/ioctl.h;sys/param.h;sys/poll.h;sys/resource.h;sys/select.h;sys/socket.h;sys/stat.h;sys/time.h;sys/types.h;sys/un.h;sys/xattr.h;arpa/inet.h;dirent.h;fcntl.h;ifaddrs.h;libgen.h;locale.h;net/if.h;netdb.h;netinet/in.h;netinet/tcp.h exist passed with the following output:
Change Dir: /home/wtc/realsense_src/build/libcurl/src/libcurl-build/CMakeFiles/CMakeTmp

Run Build Command(s):/usr/bin/gmake -f Makefile cmTC_76f2a/fast && gmake[3]: 进入目录“/home/wtc/realsense_src/build/libcurl/src/libcurl-build/CMakeFiles/CMakeTmp”
/usr/bin/gmake  -f CMakeFiles/cmTC_76f2a.dir/build.make CMakeFiles/cmTC_76f2a.dir/build
gmake[4]: 进入目录“/home/wtc/realsense_src/build/libcurl/src/libcurl-build/CMakeFiles/CMakeTmp”
Building C object CMakeFiles/cmTC_76f2a.dir/HAVE_NETINET_TCP_H.c.o
/usr/bin/cc   -pedantic -D_DEFAULT_SOURCE   -ffp-contract=off   -mssse3 -pthread  -W -Wall -pedantic -Wbad-function-cast -Wconversion -Winline -Wmissing-declarations -Wmissing-prototypes -Wnested-externs -Wno-long-long -Wno-multichar -Wpointer-arith -Wshadow -Wsign-compare -Wundef -Wunused -Wwrite-strings -Waddress -Wattributes -Wcast-align -Wdeclaration-after-statement -Wdiv-by-zero -Wempty-body -Wendif-labels -Wfloat-equal -Wformat-security -Wignored-qualifiers -Wmissing-field-initializers -Wmissing-noreturn -Wno-format-nonliteral -Wno-system-headers -Wold-style-definition -Wredundant-decls -Wsign-conversion -Wno-error=sign-conversion -Wstrict-prototypes -Wtype-limits -Wunreachable-code -Wunused-parameter -Wvla -Wclobbered -Wmissing-parameter-type -Wold-style-declaration -Wstrict-aliasing=3 -Wtrampolines -Wformat=2 -Warray-bounds=2 -ftree-vrp -Wduplicated-cond -Wnull-dereference -fdelete-null-pointer-checks -Wshift-negative-value -Wshift-overflow=2 -Walloc-zero -Wduplicated-branches -Wformat-overflow=2 -Wformat-truncation=2 -Wimplicit-fallthrough -Wrestrict -Warith-conversion -Wdouble-promotion -Wenum-conversion -Wpragmas -Wunused-const-variable  -o CMakeFiles/cmTC_76f2a.dir/HAVE_NETINET_TCP_H.c.o -c /home/wtc/realsense_src/build/libcurl/src/libcurl-build/CMakeFiles/CheckIncludeFiles/HAVE_NETINET_TCP_H.c
Linking C executable cmTC_76f2a
/usr/bin/cmake -E cmake_link_script CMakeFiles/cmTC_76f2a.dir/link.txt --verbose=1
/usr/bin/cc    -pedantic -D_DEFAULT_SOURCE   -ffp-contract=off   -mssse3 -pthread  -W -Wall -pedantic -Wbad-function-cast -Wconversion -Winline -Wmissing-declarations -Wmissing-prototypes -Wnested-externs -Wno-long-long -Wno-multichar -Wpointer-arith -Wshadow -Wsign-compare -Wundef -Wunused -Wwrite-strings -Waddress -Wattributes -Wcast-align -Wdeclaration-after-statement -Wdiv-by-zero -Wempty-body -Wendif-labels -Wfloat-equal -Wformat-security -Wignored-qualifiers -Wmissing-field-initializers -Wmissing-noreturn -Wno-format-nonliteral -Wno-system-headers -Wold-style-definition -Wredundant-decls -Wsign-conversion -Wno-error=sign-conversion -Wstrict-prototypes -Wtype-limits -Wunreachable-code -Wunused-parameter -Wvla -Wclobbered -Wmissing-parameter-type -Wold-style-declaration -Wstrict-aliasing=3 -Wtrampolines -Wformat=2 -Warray-bounds=2 -ftree-vrp -Wduplicated-cond -Wnull-dereference -fdelete-null-pointer-checks -Wshift-negative-value -Wshift-overflow=2 -Walloc-zero -Wduplicated-branches -Wformat-overflow=2 -Wformat-truncation=2 -Wimplicit-fallthrough -Wrestrict -Warith-conversion -Wdouble-promotion -Wenum-conversion -Wpragmas -Wunused-const-variable  CMakeFiles/cmTC_76f2a.dir/HAVE_NETINET_TCP_H.c.o -o cmTC_76f2a 
gmake[4]: 离开目录“/home/wtc/realsense_src/build/libcurl/src/libcurl-build/CMakeFiles/CMakeTmp”
gmake[3]: 离开目录“/home/wtc/realsense_src/build/libcurl/src/libcurl-build/CMakeFiles/CMakeTmp”



Determining if files sys/wait.h;sys/ioctl.h;sys/param.h;sys/poll.h;sys/resource.h;sys/select.h;sys/socket.h;sys/stat.h;sys/time.h;sys/types.h;sys/un.h;sys/xattr.h;arpa/inet.h;dirent.h;fcntl.h;ifaddrs.h;libgen.h;locale.h;net/if.h;netdb.h;netinet/in.h;netinet/tcp.h;netinet/udp.h exist passed with the following output:
Change Dir: /home/wtc/realsense_src/build/libcurl/src/libcurl-build/CMakeFiles/CMakeTmp

Run Build Command(s):/usr/bin/gmake -f Makefile cmTC_e307f/fast && gmake[3]: 进入目录“/home/wtc/realsense_src/build/libcurl/src/libcurl-build/CMakeFiles/CMakeTmp”
/usr/bin/gmake  -f CMakeFiles/cmTC_e307f.dir/build.make CMakeFiles/cmTC_e307f.dir/build
gmake[4]: 进入目录“/home/wtc/realsense_src/build/libcurl/src/libcurl-build/CMakeFiles/CMakeTmp”
Building C object CMakeFiles/cmTC_e307f.dir/HAVE_NETINET_UDP_H.c.o
/usr/bin/cc   -pedantic -D_DEFAULT_SOURCE   -ffp-contract=off   -mssse3 -pthread  -W -Wall -pedantic -Wbad-function-cast -Wconversion -Winline -Wmissing-declarations -Wmissing-prototypes -Wnested-externs -Wno-long-long -Wno-multichar -Wpointer-arith -Wshadow -Wsign-compare -Wundef -Wunused -Wwrite-strings -Waddress -Wattributes -Wcast-align -Wdeclaration-after-statement -Wdiv-by-zero -Wempty-body -Wendif-labels -Wfloat-equal -Wformat-security -Wignored-qualifiers -Wmissing-field-initializers -Wmissing-noreturn -Wno-format-nonliteral -Wno-system-headers -Wold-style-definition -Wredundant-decls -Wsign-conversion -Wno-error=sign-conversion -Wstrict-prototypes -Wtype-limits -Wunreachable-code -Wunused-parameter -Wvla -Wclobbered -Wmissing-parameter-type -Wold-style-declaration -Wstrict-aliasing=3 -Wtrampolines -Wformat=2 -Warray-bounds=2 -ftree-vrp -Wduplicated-cond -Wnull-dereference -fdelete-null-pointer-checks -Wshift-negative-value -Wshift-overflow=2 -Walloc-zero -Wduplicated-branches -Wformat-overflow=2 -Wformat-truncation=2 -Wimplicit-fallthrough -Wrestrict -Warith-conversion -Wdouble-promotion -Wenum-conversion -Wpragmas -Wunused-const-variable  -o CMakeFiles/cmTC_e307f.dir/HAVE_NETINET_UDP_H.c.o -c /home/wtc/realsense_src/build/libcurl/src/libcurl-build/CMakeFiles/CheckIncludeFiles/HAVE_NETINET_UDP_H.c
Linking C executable cmTC_e307f
/usr/bin/cmake -E cmake_link_script CMakeFiles/cmTC_e307f.dir/link.txt --verbose=1
/usr/bin/cc    -pedantic -D_DEFAULT_SOURCE   -ffp-contract=off   -mssse3 -pthread  -W -Wall -pedantic -Wbad-function-cast -Wconversion -Winline -Wmissing-declarations -Wmissing-prototypes -Wnested-externs -Wno-long-long -Wno-multichar -Wpointer-arith -Wshadow -Wsign-compare -Wundef -Wunused -Wwrite-strings -Waddress -Wattributes -Wcast-align -Wdeclaration-after-statement -Wdiv-by-zero -Wempty-body -Wendif-labels -Wfloat-equal -Wformat-security -Wignored-qualifiers -Wmissing-field-initializers -Wmissing-noreturn -Wno-format-nonliteral -Wno-system-headers -Wold-style-definition -Wredundant-decls -Wsign-conversion -Wno-error=sign-conversion -Wstrict-prototypes -Wtype-limits -Wunreachable-code -Wunused-parameter -Wvla -Wclobbered -Wmissing-parameter-type -Wold-style-declaration -Wstrict-aliasing=3 -Wtrampolines -Wformat=2 -Warray-bounds=2 -ftree-vrp -Wduplicated-cond -Wnull-dereference -fdelete-null-pointer-checks -Wshift-negative-value -Wshift-overflow=2 -Walloc-zero -Wduplicated-branches -Wformat-overflow=2 -Wformat-truncation=2 -Wimplicit-fallthrough -Wrestrict -Warith-conversion -Wdouble-promotion -Wenum-conversion -Wpragmas -Wunused-const-variable  CMakeFiles/cmTC_e307f.dir/HAVE_NETINET_UDP_H.c.o -o cmTC_e307f 
gmake[4]: 离开目录“/home/wtc/realsense_src/build/libcurl/src/libcurl-build/CMakeFiles/CMakeTmp”
gmake[3]: 离开目录“/home/wtc/realsense_src/build/libcurl/src/libcurl-build/CMakeFiles/CMakeTmp”



Determining if the include file linux/tcp.h exists passed with the following output:
Change Dir: /home/wtc/realsense_src/build/libcurl/src/libcurl-build/CMakeFiles/CMakeTmp

Run Build Command(s):/usr/bin/gmake -f Makefile cmTC_377cf/fast && gmake[3]: 进入目录“/home/wtc/realsense_src/build/libcurl/src/libcurl-build/CMakeFiles/CMakeTmp”
/usr/bin/gmake  -f CMakeFiles/cmTC_377cf.dir/build.make CMakeFiles/cmTC_377cf.dir/build
gmake[4]: 进入目录“/home/wtc/realsense_src/build/libcurl/src/libcurl-build/CMakeFiles/CMakeTmp”
Building C object CMakeFiles/cmTC_377cf.dir/CheckIncludeFile.c.o
/usr/bin/cc   -pedantic -D_DEFAULT_SOURCE   -ffp-contract=off   -mssse3 -pthread  -W -Wall -pedantic -Wbad-function-cast -Wconversion -Winline -Wmissing-declarations -Wmissing-prototypes -Wnested-externs -Wno-long-long -Wno-multichar -Wpointer-arith -Wshadow -Wsign-compare -Wundef -Wunused -Wwrite-strings -Waddress -Wattributes -Wcast-align -Wdeclaration-after-statement -Wdiv-by-zero -Wempty-body -Wendif-labels -Wfloat-equal -Wformat-security -Wignored-qualifiers -Wmissing-field-initializers -Wmissing-noreturn -Wno-format-nonliteral -Wno-system-headers -Wold-style-definition -Wredundant-decls -Wsign-conversion -Wno-error=sign-conversion -Wstrict-prototypes -Wtype-limits -Wunreachable-code -Wunused-parameter -Wvla -Wclobbered -Wmissing-parameter-type -Wold-style-declaration -Wstrict-aliasing=3 -Wtrampolines -Wformat=2 -Warray-bounds=2 -ftree-vrp -Wduplicated-cond -Wnull-dereference -fdelete-null-pointer-checks -Wshift-negative-value -Wshift-overflow=2 -Walloc-zero -Wduplicated-branches -Wformat-overflow=2 -Wformat-truncation=2 -Wimplicit-fallthrough -Wrestrict -Warith-conversion -Wdouble-promotion -Wenum-conversion -Wpragmas -Wunused-const-variable  -o CMakeFiles/cmTC_377cf.dir/CheckIncludeFile.c.o -c /home/wtc/realsense_src/build/libcurl/src/libcurl-build/CMakeFiles/CMakeTmp/CheckIncludeFile.c
Linking C executable cmTC_377cf
/usr/bin/cmake -E cmake_link_script CMakeFiles/cmTC_377cf.dir/link.txt --verbose=1
/usr/bin/cc    -pedantic -D_DEFAULT_SOURCE   -ffp-contract=off   -mssse3 -pthread  -W -Wall -pedantic -Wbad-function-cast -Wconversion -Winline -Wmissing-declarations -Wmissing-prototypes -Wnested-externs -Wno-long-long -Wno-multichar -Wpointer-arith -Wshadow -Wsign-compare -Wundef -Wunused -Wwrite-strings -Waddress -Wattributes -Wcast-align -Wdeclaration-after-statement -Wdiv-by-zero -Wempty-body -Wendif-labels -Wfloat-equal -Wformat-security -Wignored-qualifiers -Wmissing-field-initializers -Wmissing-noreturn -Wno-format-nonliteral -Wno-system-headers -Wold-style-definition -Wredundant-decls -Wsign-conversion -Wno-error=sign-conversion -Wstrict-prototypes -Wtype-limits -Wunreachable-code -Wunused-parameter -Wvla -Wclobbered -Wmissing-parameter-type -Wold-style-declaration -Wstrict-aliasing=3 -Wtrampolines -Wformat=2 -Warray-bounds=2 -ftree-vrp -Wduplicated-cond -Wnull-dereference -fdelete-null-pointer-checks -Wshift-negative-value -Wshift-overflow=2 -Walloc-zero -Wduplicated-branches -Wformat-overflow=2 -Wformat-truncation=2 -Wimplicit-fallthrough -Wrestrict -Warith-conversion -Wdouble-promotion -Wenum-conversion -Wpragmas -Wunused-const-variable  CMakeFiles/cmTC_377cf.dir/CheckIncludeFile.c.o -o cmTC_377cf 
gmake[4]: 离开目录“/home/wtc/realsense_src/build/libcurl/src/libcurl-build/CMakeFiles/CMakeTmp”
gmake[3]: 离开目录“/home/wtc/realsense_src/build/libcurl/src/libcurl-build/CMakeFiles/CMakeTmp”



Determining if files sys/wait.h;sys/ioctl.h;sys/param.h;sys/poll.h;sys/resource.h;sys/select.h;sys/socket.h;sys/stat.h;sys/time.h;sys/types.h;sys/un.h;sys/xattr.h;arpa/inet.h;dirent.h;fcntl.h;ifaddrs.h;libgen.h;locale.h;net/if.h;netdb.h;netinet/in.h;netinet/tcp.h;netinet/udp.h;poll.h exist passed with the following output:
Change Dir: /home/wtc/realsense_src/build/libcurl/src/libcurl-build/CMakeFiles/CMakeTmp

Run Build Command(s):/usr/bin/gmake -f Makefile cmTC_63c7a/fast && gmake[3]: 进入目录“/home/wtc/realsense_src/build/libcurl/src/libcurl-build/CMakeFiles/CMakeTmp”
/usr/bin/gmake  -f CMakeFiles/cmTC_63c7a.dir/build.make CMakeFiles/cmTC_63c7a.dir/build
gmake[4]: 进入目录“/home/wtc/realsense_src/build/libcurl/src/libcurl-build/CMakeFiles/CMakeTmp”
Building C object CMakeFiles/cmTC_63c7a.dir/HAVE_POLL_H.c.o
/usr/bin/cc   -pedantic -D_DEFAULT_SOURCE   -ffp-contract=off   -mssse3 -pthread  -W -Wall -pedantic -Wbad-function-cast -Wconversion -Winline -Wmissing-declarations -Wmissing-prototypes -Wnested-externs -Wno-long-long -Wno-multichar -Wpointer-arith -Wshadow -Wsign-compare -Wundef -Wunused -Wwrite-strings -Waddress -Wattributes -Wcast-align -Wdeclaration-after-statement -Wdiv-by-zero -Wempty-body -Wendif-labels -Wfloat-equal -Wformat-security -Wignored-qualifiers -Wmissing-field-initializers -Wmissing-noreturn -Wno-format-nonliteral -Wno-system-headers -Wold-style-definition -Wredundant-decls -Wsign-conversion -Wno-error=sign-conversion -Wstrict-prototypes -Wtype-limits -Wunreachable-code -Wunused-parameter -Wvla -Wclobbered -Wmissing-parameter-type -Wold-style-declaration -Wstrict-aliasing=3 -Wtrampolines -Wformat=2 -Warray-bounds=2 -ftree-vrp -Wduplicated-cond -Wnull-dereference -fdelete-null-pointer-checks -Wshift-negative-value -Wshift-overflow=2 -Walloc-zero -Wduplicated-branches -Wformat-overflow=2 -Wformat-truncation=2 -Wimplicit-fallthrough -Wrestrict -Warith-conversion -Wdouble-promotion -Wenum-conversion -Wpragmas -Wunused-const-variable  -o CMakeFiles/cmTC_63c7a.dir/HAVE_POLL_H.c.o -c /home/wtc/realsense_src/build/libcurl/src/libcurl-build/CMakeFiles/CheckIncludeFiles/HAVE_POLL_H.c
Linking C executable cmTC_63c7a
/usr/bin/cmake -E cmake_link_script CMakeFiles/cmTC_63c7a.dir/link.txt --verbose=1
/usr/bin/cc    -pedantic -D_DEFAULT_SOURCE   -ffp-contract=off   -mssse3 -pthread  -W -Wall -pedantic -Wbad-function-cast -Wconversion -Winline -Wmissing-declarations -Wmissing-prototypes -Wnested-externs -Wno-long-long -Wno-multichar -Wpointer-arith -Wshadow -Wsign-compare -Wundef -Wunused -Wwrite-strings -Waddress -Wattributes -Wcast-align -Wdeclaration-after-statement -Wdiv-by-zero -Wempty-body -Wendif-labels -Wfloat-equal -Wformat-security -Wignored-qualifiers -Wmissing-field-initializers -Wmissing-noreturn -Wno-format-nonliteral -Wno-system-headers -Wold-style-definition -Wredundant-decls -Wsign-conversion -Wno-error=sign-conversion -Wstrict-prototypes -Wtype-limits -Wunreachable-code -Wunused-parameter -Wvla -Wclobbered -Wmissing-parameter-type -Wold-style-declaration -Wstrict-aliasing=3 -Wtrampolines -Wformat=2 -Warray-bounds=2 -ftree-vrp -Wduplicated-cond -Wnull-dereference -fdelete-null-pointer-checks -Wshift-negative-value -Wshift-overflow=2 -Walloc-zero -Wduplicated-branches -Wformat-overflow=2 -Wformat-truncation=2 -Wimplicit-fallthrough -Wrestrict -Warith-conversion -Wdouble-promotion -Wenum-conversion -Wpragmas -Wunused-const-variable  CMakeFiles/cmTC_63c7a.dir/HAVE_POLL_H.c.o -o cmTC_63c7a 
gmake[4]: 离开目录“/home/wtc/realsense_src/build/libcurl/src/libcurl-build/CMakeFiles/CMakeTmp”
gmake[3]: 离开目录“/home/wtc/realsense_src/build/libcurl/src/libcurl-build/CMakeFiles/CMakeTmp”



Determining if files sys/wait.h;sys/ioctl.h;sys/param.h;sys/poll.h;sys/resource.h;sys/select.h;sys/socket.h;sys/stat.h;sys/time.h;sys/types.h;sys/un.h;sys/xattr.h;arpa/inet.h;dirent.h;fcntl.h;ifaddrs.h;libgen.h;locale.h;net/if.h;netdb.h;netinet/in.h;netinet/tcp.h;netinet/udp.h;poll.h;pwd.h exist passed with the following output:
Change Dir: /home/wtc/realsense_src/build/libcurl/src/libcurl-build/CMakeFiles/CMakeTmp

Run Build Command(s):/usr/bin/gmake -f Makefile cmTC_b5af0/fast && gmake[3]: 进入目录“/home/wtc/realsense_src/build/libcurl/src/libcurl-build/CMakeFiles/CMakeTmp”
/usr/bin/gmake  -f CMakeFiles/cmTC_b5af0.dir/build.make CMakeFiles/cmTC_b5af0.dir/build
gmake[4]: 进入目录“/home/wtc/realsense_src/build/libcurl/src/libcurl-build/CMakeFiles/CMakeTmp”
Building C object CMakeFiles/cmTC_b5af0.dir/HAVE_PWD_H.c.o
/usr/bin/cc   -pedantic -D_DEFAULT_SOURCE   -ffp-contract=off   -mssse3 -pthread  -W -Wall -pedantic -Wbad-function-cast -Wconversion -Winline -Wmissing-declarations -Wmissing-prototypes -Wnested-externs -Wno-long-long -Wno-multichar -Wpointer-arith -Wshadow -Wsign-compare -Wundef -Wunused -Wwrite-strings -Waddress -Wattributes -Wcast-align -Wdeclaration-after-statement -Wdiv-by-zero -Wempty-body -Wendif-labels -Wfloat-equal -Wformat-security -Wignored-qualifiers -Wmissing-field-initializers -Wmissing-noreturn -Wno-format-nonliteral -Wno-system-headers -Wold-style-definition -Wredundant-decls -Wsign-conversion -Wno-error=sign-conversion -Wstrict-prototypes -Wtype-limits -Wunreachable-code -Wunused-parameter -Wvla -Wclobbered -Wmissing-parameter-type -Wold-style-declaration -Wstrict-aliasing=3 -Wtrampolines -Wformat=2 -Warray-bounds=2 -ftree-vrp -Wduplicated-cond -Wnull-dereference -fdelete-null-pointer-checks -Wshift-negative-value -Wshift-overflow=2 -Walloc-zero -Wduplicated-branches -Wformat-overflow=2 -Wformat-truncation=2 -Wimplicit-fallthrough -Wrestrict -Warith-conversion -Wdouble-promotion -Wenum-conversion -Wpragmas -Wunused-const-variable  -o CMakeFiles/cmTC_b5af0.dir/HAVE_PWD_H.c.o -c /home/wtc/realsense_src/build/libcurl/src/libcurl-build/CMakeFiles/CheckIncludeFiles/HAVE_PWD_H.c
Linking C executable cmTC_b5af0
/usr/bin/cmake -E cmake_link_script CMakeFiles/cmTC_b5af0.dir/link.txt --verbose=1
/usr/bin/cc    -pedantic -D_DEFAULT_SOURCE   -ffp-contract=off   -mssse3 -pthread  -W -Wall -pedantic -Wbad-function-cast -Wconversion -Winline -Wmissing-declarations -Wmissing-prototypes -Wnested-externs -Wno-long-long -Wno-multichar -Wpointer-arith -Wshadow -Wsign-compare -Wundef -Wunused -Wwrite-strings -Waddress -Wattributes -Wcast-align -Wdeclaration-after-statement -Wdiv-by-zero -Wempty-body -Wendif-labels -Wfloat-equal -Wformat-security -Wignored-qualifiers -Wmissing-field-initializers -Wmissing-noreturn -Wno-format-nonliteral -Wno-system-headers -Wold-style-definition -Wredundant-decls -Wsign-conversion -Wno-error=sign-conversion -Wstrict-prototypes -Wtype-limits -Wunreachable-code -Wunused-parameter -Wvla -Wclobbered -Wmissing-parameter-type -Wold-style-declaration -Wstrict-aliasing=3 -Wtrampolines -Wformat=2 -Warray-bounds=2 -ftree-vrp -Wduplicated-cond -Wnull-dereference -fdelete-null-pointer-checks -Wshift-negative-value -Wshift-overflow=2 -Walloc-zero -Wduplicated-branches -Wformat-overflow=2 -Wformat-truncation=2 -Wimplicit-fallthrough -Wrestrict -Warith-conversion -Wdouble-promotion -Wenum-conversion -Wpragmas -Wunused-const-variable  CMakeFiles/cmTC_b5af0.dir/HAVE_PWD_H.c.o -o cmTC_b5af0 
gmake[4]: 离开目录“/home/wtc/realsense_src/build/libcurl/src/libcurl-build/CMakeFiles/CMakeTmp”
gmake[3]: 离开目录“/home/wtc/realsense_src/build/libcurl/src/libcurl-build/CMakeFiles/CMakeTmp”



Determining if files sys/wait.h;sys/ioctl.h;sys/param.h;sys/poll.h;sys/resource.h;sys/select.h;sys/socket.h;sys/stat.h;sys/time.h;sys/types.h;sys/un.h;sys/xattr.h;arpa/inet.h;dirent.h;fcntl.h;ifaddrs.h;libgen.h;locale.h;net/if.h;netdb.h;netinet/in.h;netinet/tcp.h;netinet/udp.h;poll.h;pwd.h;stdatomic.h exist passed with the following output:
Change Dir: /home/wtc/realsense_src/build/libcurl/src/libcurl-build/CMakeFiles/CMakeTmp

Run Build Command(s):/usr/bin/gmake -f Makefile cmTC_b0eb3/fast && gmake[3]: 进入目录“/home/wtc/realsense_src/build/libcurl/src/libcurl-build/CMakeFiles/CMakeTmp”
/usr/bin/gmake  -f CMakeFiles/cmTC_b0eb3.dir/build.make CMakeFiles/cmTC_b0eb3.dir/build
gmake[4]: 进入目录“/home/wtc/realsense_src/build/libcurl/src/libcurl-build/CMakeFiles/CMakeTmp”
Building C object CMakeFiles/cmTC_b0eb3.dir/HAVE_STDATOMIC_H.c.o
/usr/bin/cc   -pedantic -D_DEFAULT_SOURCE   -ffp-contract=off   -mssse3 -pthread  -W -Wall -pedantic -Wbad-function-cast -Wconversion -Winline -Wmissing-declarations -Wmissing-prototypes -Wnested-externs -Wno-long-long -Wno-multichar -Wpointer-arith -Wshadow -Wsign-compare -Wundef -Wunused -Wwrite-strings -Waddress -Wattributes -Wcast-align -Wdeclaration-after-statement -Wdiv-by-zero -Wempty-body -Wendif-labels -Wfloat-equal -Wformat-security -Wignored-qualifiers -Wmissing-field-initializers -Wmissing-noreturn -Wno-format-nonliteral -Wno-system-headers -Wold-style-definition -Wredundant-decls -Wsign-conversion -Wno-error=sign-conversion -Wstrict-prototypes -Wtype-limits -Wunreachable-code -Wunused-parameter -Wvla -Wclobbered -Wmissing-parameter-type -Wold-style-declaration -Wstrict-aliasing=3 -Wtrampolines -Wformat=2 -Warray-bounds=2 -ftree-vrp -Wduplicated-cond -Wnull-dereference -fdelete-null-pointer-checks -Wshift-negative-value -Wshift-overflow=2 -Walloc-zero -Wduplicated-branches -Wformat-overflow=2 -Wformat-truncation=2 -Wimplicit-fallthrough -Wrestrict -Warith-conversion -Wdouble-promotion -Wenum-conversion -Wpragmas -Wunused-const-variable  -o CMakeFiles/cmTC_b0eb3.dir/HAVE_STDATOMIC_H.c.o -c /home/wtc/realsense_src/build/libcurl/src/libcurl-build/CMakeFiles/CheckIncludeFiles/HAVE_STDATOMIC_H.c
Linking C executable cmTC_b0eb3
/usr/bin/cmake -E cmake_link_script CMakeFiles/cmTC_b0eb3.dir/link.txt --verbose=1
/usr/bin/cc    -pedantic -D_DEFAULT_SOURCE   -ffp-contract=off   -mssse3 -pthread  -W -Wall -pedantic -Wbad-function-cast -Wconversion -Winline -Wmissing-declarations -Wmissing-prototypes -Wnested-externs -Wno-long-long -Wno-multichar -Wpointer-arith -Wshadow -Wsign-compare -Wundef -Wunused -Wwrite-strings -Waddress -Wattributes -Wcast-align -Wdeclaration-after-statement -Wdiv-by-zero -Wempty-body -Wendif-labels -Wfloat-equal -Wformat-security -Wignored-qualifiers -Wmissing-field-initializers -Wmissing-noreturn -Wno-format-nonliteral -Wno-system-headers -Wold-style-definition -Wredundant-decls -Wsign-conversion -Wno-error=sign-conversion -Wstrict-prototypes -Wtype-limits -Wunreachable-code -Wunused-parameter -Wvla -Wclobbered -Wmissing-parameter-type -Wold-style-declaration -Wstrict-aliasing=3 -Wtrampolines -Wformat=2 -Warray-bounds=2 -ftree-vrp -Wduplicated-cond -Wnull-dereference -fdelete-null-pointer-checks -Wshift-negative-value -Wshift-overflow=2 -Walloc-zero -Wduplicated-branches -Wformat-overflow=2 -Wformat-truncation=2 -Wimplicit-fallthrough -Wrestrict -Warith-conversion -Wdouble-promotion -Wenum-conversion -Wpragmas -Wunused-const-variable  CMakeFiles/cmTC_b0eb3.dir/HAVE_STDATOMIC_H.c.o -o cmTC_b0eb3 
gmake[4]: 离开目录“/home/wtc/realsense_src/build/libcurl/src/libcurl-build/CMakeFiles/CMakeTmp”
gmake[3]: 离开目录“/home/wtc/realsense_src/build/libcurl/src/libcurl-build/CMakeFiles/CMakeTmp”



Determining if files sys/wait.h;sys/ioctl.h;sys/param.h;sys/poll.h;sys/resource.h;sys/select.h;sys/socket.h;sys/stat.h;sys/time.h;sys/types.h;sys/un.h;sys/xattr.h;arpa/inet.h;dirent.h;fcntl.h;ifaddrs.h;libgen.h;locale.h;net/if.h;netdb.h;netinet/in.h;netinet/tcp.h;netinet/udp.h;poll.h;pwd.h;stdatomic.h;stdbool.h exist passed with the following output:
Change Dir: /home/wtc/realsense_src/build/libcurl/src/libcurl-build/CMakeFiles/CMakeTmp

Run Build Command(s):/usr/bin/gmake -f Makefile cmTC_79550/fast && gmake[3]: 进入目录“/home/wtc/realsense_src/build/libcurl/src/libcurl-build/CMakeFiles/CMakeTmp”
/usr/bin/gmake  -f CMakeFiles/cmTC_79550.dir/build.make CMakeFiles/cmTC_79550.dir/build
gmake[4]: 进入目录“/home/wtc/realsense_src/build/libcurl/src/libcurl-build/CMakeFiles/CMakeTmp”
Building C object CMakeFiles/cmTC_79550.dir/HAVE_STDBOOL_H.c.o
/usr/bin/cc   -pedantic -D_DEFAULT_SOURCE   -ffp-contract=off   -mssse3 -pthread  -W -Wall -pedantic -Wbad-function-cast -Wconversion -Winline -Wmissing-declarations -Wmissing-prototypes -Wnested-externs -Wno-long-long -Wno-multichar -Wpointer-arith -Wshadow -Wsign-compare -Wundef -Wunused -Wwrite-strings -Waddress -Wattributes -Wcast-align -Wdeclaration-after-statement -Wdiv-by-zero -Wempty-body -Wendif-labels -Wfloat-equal -Wformat-security -Wignored-qualifiers -Wmissing-field-initializers -Wmissing-noreturn -Wno-format-nonliteral -Wno-system-headers -Wold-style-definition -Wredundant-decls -Wsign-conversion -Wno-error=sign-conversion -Wstrict-prototypes -Wtype-limits -Wunreachable-code -Wunused-parameter -Wvla -Wclobbered -Wmissing-parameter-type -Wold-style-declaration -Wstrict-aliasing=3 -Wtrampolines -Wformat=2 -Warray-bounds=2 -ftree-vrp -Wduplicated-cond -Wnull-dereference -fdelete-null-pointer-checks -Wshift-negative-value -Wshift-overflow=2 -Walloc-zero -Wduplicated-branches -Wformat-overflow=2 -Wformat-truncation=2 -Wimplicit-fallthrough -Wrestrict -Warith-conversion -Wdouble-promotion -Wenum-conversion -Wpragmas -Wunused-const-variable  -o CMakeFiles/cmTC_79550.dir/HAVE_STDBOOL_H.c.o -c /home/wtc/realsense_src/build/libcurl/src/libcurl-build/CMakeFiles/CheckIncludeFiles/HAVE_STDBOOL_H.c
Linking C executable cmTC_79550
/usr/bin/cmake -E cmake_link_script CMakeFiles/cmTC_79550.dir/link.txt --verbose=1
/usr/bin/cc    -pedantic -D_DEFAULT_SOURCE   -ffp-contract=off   -mssse3 -pthread  -W -Wall -pedantic -Wbad-function-cast -Wconversion -Winline -Wmissing-declarations -Wmissing-prototypes -Wnested-externs -Wno-long-long -Wno-multichar -Wpointer-arith -Wshadow -Wsign-compare -Wundef -Wunused -Wwrite-strings -Waddress -Wattributes -Wcast-align -Wdeclaration-after-statement -Wdiv-by-zero -Wempty-body -Wendif-labels -Wfloat-equal -Wformat-security -Wignored-qualifiers -Wmissing-field-initializers -Wmissing-noreturn -Wno-format-nonliteral -Wno-system-headers -Wold-style-definition -Wredundant-decls -Wsign-conversion -Wno-error=sign-conversion -Wstrict-prototypes -Wtype-limits -Wunreachable-code -Wunused-parameter -Wvla -Wclobbered -Wmissing-parameter-type -Wold-style-declaration -Wstrict-aliasing=3 -Wtrampolines -Wformat=2 -Warray-bounds=2 -ftree-vrp -Wduplicated-cond -Wnull-dereference -fdelete-null-pointer-checks -Wshift-negative-value -Wshift-overflow=2 -Walloc-zero -Wduplicated-branches -Wformat-overflow=2 -Wformat-truncation=2 -Wimplicit-fallthrough -Wrestrict -Warith-conversion -Wdouble-promotion -Wenum-conversion -Wpragmas -Wunused-const-variable  CMakeFiles/cmTC_79550.dir/HAVE_STDBOOL_H.c.o -o cmTC_79550 
gmake[4]: 离开目录“/home/wtc/realsense_src/build/libcurl/src/libcurl-build/CMakeFiles/CMakeTmp”
gmake[3]: 离开目录“/home/wtc/realsense_src/build/libcurl/src/libcurl-build/CMakeFiles/CMakeTmp”



Determining if files sys/wait.h;sys/ioctl.h;sys/param.h;sys/poll.h;sys/resource.h;sys/select.h;sys/socket.h;sys/stat.h;sys/time.h;sys/types.h;sys/un.h;sys/xattr.h;arpa/inet.h;dirent.h;fcntl.h;ifaddrs.h;libgen.h;locale.h;net/if.h;netdb.h;netinet/in.h;netinet/tcp.h;netinet/udp.h;poll.h;pwd.h;stdatomic.h;stdbool.h;strings.h exist passed with the following output:
Change Dir: /home/wtc/realsense_src/build/libcurl/src/libcurl-build/CMakeFiles/CMakeTmp

Run Build Command(s):/usr/bin/gmake -f Makefile cmTC_8b0b6/fast && gmake[3]: 进入目录“/home/wtc/realsense_src/build/libcurl/src/libcurl-build/CMakeFiles/CMakeTmp”
/usr/bin/gmake  -f CMakeFiles/cmTC_8b0b6.dir/build.make CMakeFiles/cmTC_8b0b6.dir/build
gmake[4]: 进入目录“/home/wtc/realsense_src/build/libcurl/src/libcurl-build/CMakeFiles/CMakeTmp”
Building C object CMakeFiles/cmTC_8b0b6.dir/HAVE_STRINGS_H.c.o
/usr/bin/cc   -pedantic -D_DEFAULT_SOURCE   -ffp-contract=off   -mssse3 -pthread  -W -Wall -pedantic -Wbad-function-cast -Wconversion -Winline -Wmissing-declarations -Wmissing-prototypes -Wnested-externs -Wno-long-long -Wno-multichar -Wpointer-arith -Wshadow -Wsign-compare -Wundef -Wunused -Wwrite-strings -Waddress -Wattributes -Wcast-align -Wdeclaration-after-statement -Wdiv-by-zero -Wempty-body -Wendif-labels -Wfloat-equal -Wformat-security -Wignored-qualifiers -Wmissing-field-initializers -Wmissing-noreturn -Wno-format-nonliteral -Wno-system-headers -Wold-style-definition -Wredundant-decls -Wsign-conversion -Wno-error=sign-conversion -Wstrict-prototypes -Wtype-limits -Wunreachable-code -Wunused-parameter -Wvla -Wclobbered -Wmissing-parameter-type -Wold-style-declaration -Wstrict-aliasing=3 -Wtrampolines -Wformat=2 -Warray-bounds=2 -ftree-vrp -Wduplicated-cond -Wnull-dereference -fdelete-null-pointer-checks -Wshift-negative-value -Wshift-overflow=2 -Walloc-zero -Wduplicated-branches -Wformat-overflow=2 -Wformat-truncation=2 -Wimplicit-fallthrough -Wrestrict -Warith-conversion -Wdouble-promotion -Wenum-conversion -Wpragmas -Wunused-const-variable  -o CMakeFiles/cmTC_8b0b6.dir/HAVE_STRINGS_H.c.o -c /home/wtc/realsense_src/build/libcurl/src/libcurl-build/CMakeFiles/CheckIncludeFiles/HAVE_STRINGS_H.c
Linking C executable cmTC_8b0b6
/usr/bin/cmake -E cmake_link_script CMakeFiles/cmTC_8b0b6.dir/link.txt --verbose=1
/usr/bin/cc    -pedantic -D_DEFAULT_SOURCE   -ffp-contract=off   -mssse3 -pthread  -W -Wall -pedantic -Wbad-function-cast -Wconversion -Winline -Wmissing-declarations -Wmissing-prototypes -Wnested-externs -Wno-long-long -Wno-multichar -Wpointer-arith -Wshadow -Wsign-compare -Wundef -Wunused -Wwrite-strings -Waddress -Wattributes -Wcast-align -Wdeclaration-after-statement -Wdiv-by-zero -Wempty-body -Wendif-labels -Wfloat-equal -Wformat-security -Wignored-qualifiers -Wmissing-field-initializers -Wmissing-noreturn -Wno-format-nonliteral -Wno-system-headers -Wold-style-definition -Wredundant-decls -Wsign-conversion -Wno-error=sign-conversion -Wstrict-prototypes -Wtype-limits -Wunreachable-code -Wunused-parameter -Wvla -Wclobbered -Wmissing-parameter-type -Wold-style-declaration -Wstrict-aliasing=3 -Wtrampolines -Wformat=2 -Warray-bounds=2 -ftree-vrp -Wduplicated-cond -Wnull-dereference -fdelete-null-pointer-checks -Wshift-negative-value -Wshift-overflow=2 -Walloc-zero -Wduplicated-branches -Wformat-overflow=2 -Wformat-truncation=2 -Wimplicit-fallthrough -Wrestrict -Warith-conversion -Wdouble-promotion -Wenum-conversion -Wpragmas -Wunused-const-variable  CMakeFiles/cmTC_8b0b6.dir/HAVE_STRINGS_H.c.o -o cmTC_8b0b6 
gmake[4]: 离开目录“/home/wtc/realsense_src/build/libcurl/src/libcurl-build/CMakeFiles/CMakeTmp”
gmake[3]: 离开目录“/home/wtc/realsense_src/build/libcurl/src/libcurl-build/CMakeFiles/CMakeTmp”



Determining if files sys/wait.h;sys/ioctl.h;sys/param.h;sys/poll.h;sys/resource.h;sys/select.h;sys/socket.h;sys/stat.h;sys/time.h;sys/types.h;sys/un.h;sys/xattr.h;arpa/inet.h;dirent.h;fcntl.h;ifaddrs.h;libgen.h;locale.h;net/if.h;netdb.h;netinet/in.h;netinet/tcp.h;netinet/udp.h;poll.h;pwd.h;stdatomic.h;stdbool.h;strings.h;termio.h exist passed with the following output:
Change Dir: /home/wtc/realsense_src/build/libcurl/src/libcurl-build/CMakeFiles/CMakeTmp

Run Build Command(s):/usr/bin/gmake -f Makefile cmTC_50c86/fast && gmake[3]: 进入目录“/home/wtc/realsense_src/build/libcurl/src/libcurl-build/CMakeFiles/CMakeTmp”
/usr/bin/gmake  -f CMakeFiles/cmTC_50c86.dir/build.make CMakeFiles/cmTC_50c86.dir/build
gmake[4]: 进入目录“/home/wtc/realsense_src/build/libcurl/src/libcurl-build/CMakeFiles/CMakeTmp”
Building C object CMakeFiles/cmTC_50c86.dir/HAVE_TERMIO_H.c.o
/usr/bin/cc   -pedantic -D_DEFAULT_SOURCE   -ffp-contract=off   -mssse3 -pthread  -W -Wall -pedantic -Wbad-function-cast -Wconversion -Winline -Wmissing-declarations -Wmissing-prototypes -Wnested-externs -Wno-long-long -Wno-multichar -Wpointer-arith -Wshadow -Wsign-compare -Wundef -Wunused -Wwrite-strings -Waddress -Wattributes -Wcast-align -Wdeclaration-after-statement -Wdiv-by-zero -Wempty-body -Wendif-labels -Wfloat-equal -Wformat-security -Wignored-qualifiers -Wmissing-field-initializers -Wmissing-noreturn -Wno-format-nonliteral -Wno-system-headers -Wold-style-definition -Wredundant-decls -Wsign-conversion -Wno-error=sign-conversion -Wstrict-prototypes -Wtype-limits -Wunreachable-code -Wunused-parameter -Wvla -Wclobbered -Wmissing-parameter-type -Wold-style-declaration -Wstrict-aliasing=3 -Wtrampolines -Wformat=2 -Warray-bounds=2 -ftree-vrp -Wduplicated-cond -Wnull-dereference -fdelete-null-pointer-checks -Wshift-negative-value -Wshift-overflow=2 -Walloc-zero -Wduplicated-branches -Wformat-overflow=2 -Wformat-truncation=2 -Wimplicit-fallthrough -Wrestrict -Warith-conversion -Wdouble-promotion -Wenum-conversion -Wpragmas -Wunused-const-variable  -o CMakeFiles/cmTC_50c86.dir/HAVE_TERMIO_H.c.o -c /home/wtc/realsense_src/build/libcurl/src/libcurl-build/CMakeFiles/CheckIncludeFiles/HAVE_TERMIO_H.c
Linking C executable cmTC_50c86
/usr/bin/cmake -E cmake_link_script CMakeFiles/cmTC_50c86.dir/link.txt --verbose=1
/usr/bin/cc    -pedantic -D_DEFAULT_SOURCE   -ffp-contract=off   -mssse3 -pthread  -W -Wall -pedantic -Wbad-function-cast -Wconversion -Winline -Wmissing-declarations -Wmissing-prototypes -Wnested-externs -Wno-long-long -Wno-multichar -Wpointer-arith -Wshadow -Wsign-compare -Wundef -Wunused -Wwrite-strings -Waddress -Wattributes -Wcast-align -Wdeclaration-after-statement -Wdiv-by-zero -Wempty-body -Wendif-labels -Wfloat-equal -Wformat-security -Wignored-qualifiers -Wmissing-field-initializers -Wmissing-noreturn -Wno-format-nonliteral -Wno-system-headers -Wold-style-definition -Wredundant-decls -Wsign-conversion -Wno-error=sign-conversion -Wstrict-prototypes -Wtype-limits -Wunreachable-code -Wunused-parameter -Wvla -Wclobbered -Wmissing-parameter-type -Wold-style-declaration -Wstrict-aliasing=3 -Wtrampolines -Wformat=2 -Warray-bounds=2 -ftree-vrp -Wduplicated-cond -Wnull-dereference -fdelete-null-pointer-checks -Wshift-negative-value -Wshift-overflow=2 -Walloc-zero -Wduplicated-branches -Wformat-overflow=2 -Wformat-truncation=2 -Wimplicit-fallthrough -Wrestrict -Warith-conversion -Wdouble-promotion -Wenum-conversion -Wpragmas -Wunused-const-variable  CMakeFiles/cmTC_50c86.dir/HAVE_TERMIO_H.c.o -o cmTC_50c86 
gmake[4]: 离开目录“/home/wtc/realsense_src/build/libcurl/src/libcurl-build/CMakeFiles/CMakeTmp”
gmake[3]: 离开目录“/home/wtc/realsense_src/build/libcurl/src/libcurl-build/CMakeFiles/CMakeTmp”



Determining if files sys/wait.h;sys/ioctl.h;sys/param.h;sys/poll.h;sys/resource.h;sys/select.h;sys/socket.h;sys/stat.h;sys/time.h;sys/types.h;sys/un.h;sys/xattr.h;arpa/inet.h;dirent.h;fcntl.h;ifaddrs.h;libgen.h;locale.h;net/if.h;netdb.h;netinet/in.h;netinet/tcp.h;netinet/udp.h;poll.h;pwd.h;stdatomic.h;stdbool.h;strings.h;termio.h;termios.h exist passed with the following output:
Change Dir: /home/wtc/realsense_src/build/libcurl/src/libcurl-build/CMakeFiles/CMakeTmp

Run Build Command(s):/usr/bin/gmake -f Makefile cmTC_4f72e/fast && gmake[3]: 进入目录“/home/wtc/realsense_src/build/libcurl/src/libcurl-build/CMakeFiles/CMakeTmp”
/usr/bin/gmake  -f CMakeFiles/cmTC_4f72e.dir/build.make CMakeFiles/cmTC_4f72e.dir/build
gmake[4]: 进入目录“/home/wtc/realsense_src/build/libcurl/src/libcurl-build/CMakeFiles/CMakeTmp”
Building C object CMakeFiles/cmTC_4f72e.dir/HAVE_TERMIOS_H.c.o
/usr/bin/cc   -pedantic -D_DEFAULT_SOURCE   -ffp-contract=off   -mssse3 -pthread  -W -Wall -pedantic -Wbad-function-cast -Wconversion -Winline -Wmissing-declarations -Wmissing-prototypes -Wnested-externs -Wno-long-long -Wno-multichar -Wpointer-arith -Wshadow -Wsign-compare -Wundef -Wunused -Wwrite-strings -Waddress -Wattributes -Wcast-align -Wdeclaration-after-statement -Wdiv-by-zero -Wempty-body -Wendif-labels -Wfloat-equal -Wformat-security -Wignored-qualifiers -Wmissing-field-initializers -Wmissing-noreturn -Wno-format-nonliteral -Wno-system-headers -Wold-style-definition -Wredundant-decls -Wsign-conversion -Wno-error=sign-conversion -Wstrict-prototypes -Wtype-limits -Wunreachable-code -Wunused-parameter -Wvla -Wclobbered -Wmissing-parameter-type -Wold-style-declaration -Wstrict-aliasing=3 -Wtrampolines -Wformat=2 -Warray-bounds=2 -ftree-vrp -Wduplicated-cond -Wnull-dereference -fdelete-null-pointer-checks -Wshift-negative-value -Wshift-overflow=2 -Walloc-zero -Wduplicated-branches -Wformat-overflow=2 -Wformat-truncation=2 -Wimplicit-fallthrough -Wrestrict -Warith-conversion -Wdouble-promotion -Wenum-conversion -Wpragmas -Wunused-const-variable  -o CMakeFiles/cmTC_4f72e.dir/HAVE_TERMIOS_H.c.o -c /home/wtc/realsense_src/build/libcurl/src/libcurl-build/CMakeFiles/CheckIncludeFiles/HAVE_TERMIOS_H.c
Linking C executable cmTC_4f72e
/usr/bin/cmake -E cmake_link_script CMakeFiles/cmTC_4f72e.dir/link.txt --verbose=1
/usr/bin/cc    -pedantic -D_DEFAULT_SOURCE   -ffp-contract=off   -mssse3 -pthread  -W -Wall -pedantic -Wbad-function-cast -Wconversion -Winline -Wmissing-declarations -Wmissing-prototypes -Wnested-externs -Wno-long-long -Wno-multichar -Wpointer-arith -Wshadow -Wsign-compare -Wundef -Wunused -Wwrite-strings -Waddress -Wattributes -Wcast-align -Wdeclaration-after-statement -Wdiv-by-zero -Wempty-body -Wendif-labels -Wfloat-equal -Wformat-security -Wignored-qualifiers -Wmissing-field-initializers -Wmissing-noreturn -Wno-format-nonliteral -Wno-system-headers -Wold-style-definition -Wredundant-decls -Wsign-conversion -Wno-error=sign-conversion -Wstrict-prototypes -Wtype-limits -Wunreachable-code -Wunused-parameter -Wvla -Wclobbered -Wmissing-parameter-type -Wold-style-declaration -Wstrict-aliasing=3 -Wtrampolines -Wformat=2 -Warray-bounds=2 -ftree-vrp -Wduplicated-cond -Wnull-dereference -fdelete-null-pointer-checks -Wshift-negative-value -Wshift-overflow=2 -Walloc-zero -Wduplicated-branches -Wformat-overflow=2 -Wformat-truncation=2 -Wimplicit-fallthrough -Wrestrict -Warith-conversion -Wdouble-promotion -Wenum-conversion -Wpragmas -Wunused-const-variable  CMakeFiles/cmTC_4f72e.dir/HAVE_TERMIOS_H.c.o -o cmTC_4f72e 
gmake[4]: 离开目录“/home/wtc/realsense_src/build/libcurl/src/libcurl-build/CMakeFiles/CMakeTmp”
gmake[3]: 离开目录“/home/wtc/realsense_src/build/libcurl/src/libcurl-build/CMakeFiles/CMakeTmp”



Determining if files sys/wait.h;sys/ioctl.h;sys/param.h;sys/poll.h;sys/resource.h;sys/select.h;sys/socket.h;sys/stat.h;sys/time.h;sys/types.h;sys/un.h;sys/xattr.h;arpa/inet.h;dirent.h;fcntl.h;ifaddrs.h;libgen.h;locale.h;net/if.h;netdb.h;netinet/in.h;netinet/tcp.h;netinet/udp.h;poll.h;pwd.h;stdatomic.h;stdbool.h;strings.h;termio.h;termios.h;unistd.h exist passed with the following output:
Change Dir: /home/wtc/realsense_src/build/libcurl/src/libcurl-build/CMakeFiles/CMakeTmp

Run Build Command(s):/usr/bin/gmake -f Makefile cmTC_0cb7e/fast && gmake[3]: 进入目录“/home/wtc/realsense_src/build/libcurl/src/libcurl-build/CMakeFiles/CMakeTmp”
/usr/bin/gmake  -f CMakeFiles/cmTC_0cb7e.dir/build.make CMakeFiles/cmTC_0cb7e.dir/build
gmake[4]: 进入目录“/home/wtc/realsense_src/build/libcurl/src/libcurl-build/CMakeFiles/CMakeTmp”
Building C object CMakeFiles/cmTC_0cb7e.dir/HAVE_UNISTD_H.c.o
/usr/bin/cc   -pedantic -D_DEFAULT_SOURCE   -ffp-contract=off   -mssse3 -pthread  -W -Wall -pedantic -Wbad-function-cast -Wconversion -Winline -Wmissing-declarations -Wmissing-prototypes -Wnested-externs -Wno-long-long -Wno-multichar -Wpointer-arith -Wshadow -Wsign-compare -Wundef -Wunused -Wwrite-strings -Waddress -Wattributes -Wcast-align -Wdeclaration-after-statement -Wdiv-by-zero -Wempty-body -Wendif-labels -Wfloat-equal -Wformat-security -Wignored-qualifiers -Wmissing-field-initializers -Wmissing-noreturn -Wno-format-nonliteral -Wno-system-headers -Wold-style-definition -Wredundant-decls -Wsign-conversion -Wno-error=sign-conversion -Wstrict-prototypes -Wtype-limits -Wunreachable-code -Wunused-parameter -Wvla -Wclobbered -Wmissing-parameter-type -Wold-style-declaration -Wstrict-aliasing=3 -Wtrampolines -Wformat=2 -Warray-bounds=2 -ftree-vrp -Wduplicated-cond -Wnull-dereference -fdelete-null-pointer-checks -Wshift-negative-value -Wshift-overflow=2 -Walloc-zero -Wduplicated-branches -Wformat-overflow=2 -Wformat-truncation=2 -Wimplicit-fallthrough -Wrestrict -Warith-conversion -Wdouble-promotion -Wenum-conversion -Wpragmas -Wunused-const-variable  -o CMakeFiles/cmTC_0cb7e.dir/HAVE_UNISTD_H.c.o -c /home/wtc/realsense_src/build/libcurl/src/libcurl-build/CMakeFiles/CheckIncludeFiles/HAVE_UNISTD_H.c
Linking C executable cmTC_0cb7e
/usr/bin/cmake -E cmake_link_script CMakeFiles/cmTC_0cb7e.dir/link.txt --verbose=1
/usr/bin/cc    -pedantic -D_DEFAULT_SOURCE   -ffp-contract=off   -mssse3 -pthread  -W -Wall -pedantic -Wbad-function-cast -Wconversion -Winline -Wmissing-declarations -Wmissing-prototypes -Wnested-externs -Wno-long-long -Wno-multichar -Wpointer-arith -Wshadow -Wsign-compare -Wundef -Wunused -Wwrite-strings -Waddress -Wattributes -Wcast-align -Wdeclaration-after-statement -Wdiv-by-zero -Wempty-body -Wendif-labels -Wfloat-equal -Wformat-security -Wignored-qualifiers -Wmissing-field-initializers -Wmissing-noreturn -Wno-format-nonliteral -Wno-system-headers -Wold-style-definition -Wredundant-decls -Wsign-conversion -Wno-error=sign-conversion -Wstrict-prototypes -Wtype-limits -Wunreachable-code -Wunused-parameter -Wvla -Wclobbered -Wmissing-parameter-type -Wold-style-declaration -Wstrict-aliasing=3 -Wtrampolines -Wformat=2 -Warray-bounds=2 -ftree-vrp -Wduplicated-cond -Wnull-dereference -fdelete-null-pointer-checks -Wshift-negative-value -Wshift-overflow=2 -Walloc-zero -Wduplicated-branches -Wformat-overflow=2 -Wformat-truncation=2 -Wimplicit-fallthrough -Wrestrict -Warith-conversion -Wdouble-promotion -Wenum-conversion -Wpragmas -Wunused-const-variable  CMakeFiles/cmTC_0cb7e.dir/HAVE_UNISTD_H.c.o -o cmTC_0cb7e 
gmake[4]: 离开目录“/home/wtc/realsense_src/build/libcurl/src/libcurl-build/CMakeFiles/CMakeTmp”
gmake[3]: 离开目录“/home/wtc/realsense_src/build/libcurl/src/libcurl-build/CMakeFiles/CMakeTmp”



Determining if files sys/wait.h;sys/ioctl.h;sys/param.h;sys/poll.h;sys/resource.h;sys/select.h;sys/socket.h;sys/stat.h;sys/time.h;sys/types.h;sys/un.h;sys/xattr.h;arpa/inet.h;dirent.h;fcntl.h;ifaddrs.h;libgen.h;locale.h;net/if.h;netdb.h;netinet/in.h;netinet/tcp.h;netinet/udp.h;poll.h;pwd.h;stdatomic.h;stdbool.h;strings.h;termio.h;termios.h;unistd.h;utime.h exist passed with the following output:
Change Dir: /home/wtc/realsense_src/build/libcurl/src/libcurl-build/CMakeFiles/CMakeTmp

Run Build Command(s):/usr/bin/gmake -f Makefile cmTC_e047e/fast && gmake[3]: 进入目录“/home/wtc/realsense_src/build/libcurl/src/libcurl-build/CMakeFiles/CMakeTmp”
/usr/bin/gmake  -f CMakeFiles/cmTC_e047e.dir/build.make CMakeFiles/cmTC_e047e.dir/build
gmake[4]: 进入目录“/home/wtc/realsense_src/build/libcurl/src/libcurl-build/CMakeFiles/CMakeTmp”
Building C object CMakeFiles/cmTC_e047e.dir/HAVE_UTIME_H.c.o
/usr/bin/cc   -pedantic -D_DEFAULT_SOURCE   -ffp-contract=off   -mssse3 -pthread  -W -Wall -pedantic -Wbad-function-cast -Wconversion -Winline -Wmissing-declarations -Wmissing-prototypes -Wnested-externs -Wno-long-long -Wno-multichar -Wpointer-arith -Wshadow -Wsign-compare -Wundef -Wunused -Wwrite-strings -Waddress -Wattributes -Wcast-align -Wdeclaration-after-statement -Wdiv-by-zero -Wempty-body -Wendif-labels -Wfloat-equal -Wformat-security -Wignored-qualifiers -Wmissing-field-initializers -Wmissing-noreturn -Wno-format-nonliteral -Wno-system-headers -Wold-style-definition -Wredundant-decls -Wsign-conversion -Wno-error=sign-conversion -Wstrict-prototypes -Wtype-limits -Wunreachable-code -Wunused-parameter -Wvla -Wclobbered -Wmissing-parameter-type -Wold-style-declaration -Wstrict-aliasing=3 -Wtrampolines -Wformat=2 -Warray-bounds=2 -ftree-vrp -Wduplicated-cond -Wnull-dereference -fdelete-null-pointer-checks -Wshift-negative-value -Wshift-overflow=2 -Walloc-zero -Wduplicated-branches -Wformat-overflow=2 -Wformat-truncation=2 -Wimplicit-fallthrough -Wrestrict -Warith-conversion -Wdouble-promotion -Wenum-conversion -Wpragmas -Wunused-const-variable  -o CMakeFiles/cmTC_e047e.dir/HAVE_UTIME_H.c.o -c /home/wtc/realsense_src/build/libcurl/src/libcurl-build/CMakeFiles/CheckIncludeFiles/HAVE_UTIME_H.c
Linking C executable cmTC_e047e
/usr/bin/cmake -E cmake_link_script CMakeFiles/cmTC_e047e.dir/link.txt --verbose=1
/usr/bin/cc    -pedantic -D_DEFAULT_SOURCE   -ffp-contract=off   -mssse3 -pthread  -W -Wall -pedantic -Wbad-function-cast -Wconversion -Winline -Wmissing-declarations -Wmissing-prototypes -Wnested-externs -Wno-long-long -Wno-multichar -Wpointer-arith -Wshadow -Wsign-compare -Wundef -Wunused -Wwrite-strings -Waddress -Wattributes -Wcast-align -Wdeclaration-after-statement -Wdiv-by-zero -Wempty-body -Wendif-labels -Wfloat-equal -Wformat-security -Wignored-qualifiers -Wmissing-field-initializers -Wmissing-noreturn -Wno-format-nonliteral -Wno-system-headers -Wold-style-definition -Wredundant-decls -Wsign-conversion -Wno-error=sign-conversion -Wstrict-prototypes -Wtype-limits -Wunreachable-code -Wunused-parameter -Wvla -Wclobbered -Wmissing-parameter-type -Wold-style-declaration -Wstrict-aliasing=3 -Wtrampolines -Wformat=2 -Warray-bounds=2 -ftree-vrp -Wduplicated-cond -Wnull-dereference -fdelete-null-pointer-checks -Wshift-negative-value -Wshift-overflow=2 -Walloc-zero -Wduplicated-branches -Wformat-overflow=2 -Wformat-truncation=2 -Wimplicit-fallthrough -Wrestrict -Warith-conversion -Wdouble-promotion -Wenum-conversion -Wpragmas -Wunused-const-variable  CMakeFiles/cmTC_e047e.dir/HAVE_UTIME_H.c.o -o cmTC_e047e 
gmake[4]: 离开目录“/home/wtc/realsense_src/build/libcurl/src/libcurl-build/CMakeFiles/CMakeTmp”
gmake[3]: 离开目录“/home/wtc/realsense_src/build/libcurl/src/libcurl-build/CMakeFiles/CMakeTmp”



Determining if the include file stdint.h exists passed with the following output:
Change Dir: /home/wtc/realsense_src/build/libcurl/src/libcurl-build/CMakeFiles/CMakeTmp

Run Build Command(s):/usr/bin/gmake -f Makefile cmTC_cf8fd/fast && gmake[3]: 进入目录“/home/wtc/realsense_src/build/libcurl/src/libcurl-build/CMakeFiles/CMakeTmp”
/usr/bin/gmake  -f CMakeFiles/cmTC_cf8fd.dir/build.make CMakeFiles/cmTC_cf8fd.dir/build
gmake[4]: 进入目录“/home/wtc/realsense_src/build/libcurl/src/libcurl-build/CMakeFiles/CMakeTmp”
Building C object CMakeFiles/cmTC_cf8fd.dir/CheckIncludeFile.c.o
/usr/bin/cc   -pedantic -D_DEFAULT_SOURCE   -ffp-contract=off   -mssse3 -pthread  -W -Wall -pedantic -Wbad-function-cast -Wconversion -Winline -Wmissing-declarations -Wmissing-prototypes -Wnested-externs -Wno-long-long -Wno-multichar -Wpointer-arith -Wshadow -Wsign-compare -Wundef -Wunused -Wwrite-strings -Waddress -Wattributes -Wcast-align -Wdeclaration-after-statement -Wdiv-by-zero -Wempty-body -Wendif-labels -Wfloat-equal -Wformat-security -Wignored-qualifiers -Wmissing-field-initializers -Wmissing-noreturn -Wno-format-nonliteral -Wno-system-headers -Wold-style-definition -Wredundant-decls -Wsign-conversion -Wno-error=sign-conversion -Wstrict-prototypes -Wtype-limits -Wunreachable-code -Wunused-parameter -Wvla -Wclobbered -Wmissing-parameter-type -Wold-style-declaration -Wstrict-aliasing=3 -Wtrampolines -Wformat=2 -Warray-bounds=2 -ftree-vrp -Wduplicated-cond -Wnull-dereference -fdelete-null-pointer-checks -Wshift-negative-value -Wshift-overflow=2 -Walloc-zero -Wduplicated-branches -Wformat-overflow=2 -Wformat-truncation=2 -Wimplicit-fallthrough -Wrestrict -Warith-conversion -Wdouble-promotion -Wenum-conversion -Wpragmas -Wunused-const-variable  -o CMakeFiles/cmTC_cf8fd.dir/CheckIncludeFile.c.o -c /home/wtc/realsense_src/build/libcurl/src/libcurl-build/CMakeFiles/CMakeTmp/CheckIncludeFile.c
Linking C executable cmTC_cf8fd
/usr/bin/cmake -E cmake_link_script CMakeFiles/cmTC_cf8fd.dir/link.txt --verbose=1
/usr/bin/cc    -pedantic -D_DEFAULT_SOURCE   -ffp-contract=off   -mssse3 -pthread  -W -Wall -pedantic -Wbad-function-cast -Wconversion -Winline -Wmissing-declarations -Wmissing-prototypes -Wnested-externs -Wno-long-long -Wno-multichar -Wpointer-arith -Wshadow -Wsign-compare -Wundef -Wunused -Wwrite-strings -Waddress -Wattributes -Wcast-align -Wdeclaration-after-statement -Wdiv-by-zero -Wempty-body -Wendif-labels -Wfloat-equal -Wformat-security -Wignored-qualifiers -Wmissing-field-initializers -Wmissing-noreturn -Wno-format-nonliteral -Wno-system-headers -Wold-style-definition -Wredundant-decls -Wsign-conversion -Wno-error=sign-conversion -Wstrict-prototypes -Wtype-limits -Wunreachable-code -Wunused-parameter -Wvla -Wclobbered -Wmissing-parameter-type -Wold-style-declaration -Wstrict-aliasing=3 -Wtrampolines -Wformat=2 -Warray-bounds=2 -ftree-vrp -Wduplicated-cond -Wnull-dereference -fdelete-null-pointer-checks -Wshift-negative-value -Wshift-overflow=2 -Walloc-zero -Wduplicated-branches -Wformat-overflow=2 -Wformat-truncation=2 -Wimplicit-fallthrough -Wrestrict -Warith-conversion -Wdouble-promotion -Wenum-conversion -Wpragmas -Wunused-const-variable  CMakeFiles/cmTC_cf8fd.dir/CheckIncludeFile.c.o -o cmTC_cf8fd 
gmake[4]: 离开目录“/home/wtc/realsense_src/build/libcurl/src/libcurl-build/CMakeFiles/CMakeTmp”
gmake[3]: 离开目录“/home/wtc/realsense_src/build/libcurl/src/libcurl-build/CMakeFiles/CMakeTmp”



Determining if the include file stddef.h exists passed with the following output:
Change Dir: /home/wtc/realsense_src/build/libcurl/src/libcurl-build/CMakeFiles/CMakeTmp

Run Build Command(s):/usr/bin/gmake -f Makefile cmTC_b2342/fast && gmake[3]: 进入目录“/home/wtc/realsense_src/build/libcurl/src/libcurl-build/CMakeFiles/CMakeTmp”
/usr/bin/gmake  -f CMakeFiles/cmTC_b2342.dir/build.make CMakeFiles/cmTC_b2342.dir/build
gmake[4]: 进入目录“/home/wtc/realsense_src/build/libcurl/src/libcurl-build/CMakeFiles/CMakeTmp”
Building C object CMakeFiles/cmTC_b2342.dir/CheckIncludeFile.c.o
/usr/bin/cc   -pedantic -D_DEFAULT_SOURCE   -ffp-contract=off   -mssse3 -pthread  -W -Wall -pedantic -Wbad-function-cast -Wconversion -Winline -Wmissing-declarations -Wmissing-prototypes -Wnested-externs -Wno-long-long -Wno-multichar -Wpointer-arith -Wshadow -Wsign-compare -Wundef -Wunused -Wwrite-strings -Waddress -Wattributes -Wcast-align -Wdeclaration-after-statement -Wdiv-by-zero -Wempty-body -Wendif-labels -Wfloat-equal -Wformat-security -Wignored-qualifiers -Wmissing-field-initializers -Wmissing-noreturn -Wno-format-nonliteral -Wno-system-headers -Wold-style-definition -Wredundant-decls -Wsign-conversion -Wno-error=sign-conversion -Wstrict-prototypes -Wtype-limits -Wunreachable-code -Wunused-parameter -Wvla -Wclobbered -Wmissing-parameter-type -Wold-style-declaration -Wstrict-aliasing=3 -Wtrampolines -Wformat=2 -Warray-bounds=2 -ftree-vrp -Wduplicated-cond -Wnull-dereference -fdelete-null-pointer-checks -Wshift-negative-value -Wshift-overflow=2 -Walloc-zero -Wduplicated-branches -Wformat-overflow=2 -Wformat-truncation=2 -Wimplicit-fallthrough -Wrestrict -Warith-conversion -Wdouble-promotion -Wenum-conversion -Wpragmas -Wunused-const-variable  -o CMakeFiles/cmTC_b2342.dir/CheckIncludeFile.c.o -c /home/wtc/realsense_src/build/libcurl/src/libcurl-build/CMakeFiles/CMakeTmp/CheckIncludeFile.c
Linking C executable cmTC_b2342
/usr/bin/cmake -E cmake_link_script CMakeFiles/cmTC_b2342.dir/link.txt --verbose=1
/usr/bin/cc    -pedantic -D_DEFAULT_SOURCE   -ffp-contract=off   -mssse3 -pthread  -W -Wall -pedantic -Wbad-function-cast -Wconversion -Winline -Wmissing-declarations -Wmissing-prototypes -Wnested-externs -Wno-long-long -Wno-multichar -Wpointer-arith -Wshadow -Wsign-compare -Wundef -Wunused -Wwrite-strings -Waddress -Wattributes -Wcast-align -Wdeclaration-after-statement -Wdiv-by-zero -Wempty-body -Wendif-labels -Wfloat-equal -Wformat-security -Wignored-qualifiers -Wmissing-field-initializers -Wmissing-noreturn -Wno-format-nonliteral -Wno-system-headers -Wold-style-definition -Wredundant-decls -Wsign-conversion -Wno-error=sign-conversion -Wstrict-prototypes -Wtype-limits -Wunreachable-code -Wunused-parameter -Wvla -Wclobbered -Wmissing-parameter-type -Wold-style-declaration -Wstrict-aliasing=3 -Wtrampolines -Wformat=2 -Warray-bounds=2 -ftree-vrp -Wduplicated-cond -Wnull-dereference -fdelete-null-pointer-checks -Wshift-negative-value -Wshift-overflow=2 -Walloc-zero -Wduplicated-branches -Wformat-overflow=2 -Wformat-truncation=2 -Wimplicit-fallthrough -Wrestrict -Warith-conversion -Wdouble-promotion -Wenum-conversion -Wpragmas -Wunused-const-variable  CMakeFiles/cmTC_b2342.dir/CheckIncludeFile.c.o -o cmTC_b2342 
gmake[4]: 离开目录“/home/wtc/realsense_src/build/libcurl/src/libcurl-build/CMakeFiles/CMakeTmp”
gmake[3]: 离开目录“/home/wtc/realsense_src/build/libcurl/src/libcurl-build/CMakeFiles/CMakeTmp”



Determining size of size_t passed with the following output:
Change Dir: /home/wtc/realsense_src/build/libcurl/src/libcurl-build/CMakeFiles/CMakeTmp

Run Build Command(s):/usr/bin/gmake -f Makefile cmTC_adf1e/fast && gmake[3]: 进入目录“/home/wtc/realsense_src/build/libcurl/src/libcurl-build/CMakeFiles/CMakeTmp”
/usr/bin/gmake  -f CMakeFiles/cmTC_adf1e.dir/build.make CMakeFiles/cmTC_adf1e.dir/build
gmake[4]: 进入目录“/home/wtc/realsense_src/build/libcurl/src/libcurl-build/CMakeFiles/CMakeTmp”
Building C object CMakeFiles/cmTC_adf1e.dir/SIZEOF_SIZE_T.c.o
/usr/bin/cc   -pedantic -D_DEFAULT_SOURCE   -ffp-contract=off   -mssse3 -pthread  -W -Wall -pedantic -Wbad-function-cast -Wconversion -Winline -Wmissing-declarations -Wmissing-prototypes -Wnested-externs -Wno-long-long -Wno-multichar -Wpointer-arith -Wshadow -Wsign-compare -Wundef -Wunused -Wwrite-strings -Waddress -Wattributes -Wcast-align -Wdeclaration-after-statement -Wdiv-by-zero -Wempty-body -Wendif-labels -Wfloat-equal -Wformat-security -Wignored-qualifiers -Wmissing-field-initializers -Wmissing-noreturn -Wno-format-nonliteral -Wno-system-headers -Wold-style-definition -Wredundant-decls -Wsign-conversion -Wno-error=sign-conversion -Wstrict-prototypes -Wtype-limits -Wunreachable-code -Wunused-parameter -Wvla -Wclobbered -Wmissing-parameter-type -Wold-style-declaration -Wstrict-aliasing=3 -Wtrampolines -Wformat=2 -Warray-bounds=2 -ftree-vrp -Wduplicated-cond -Wnull-dereference -fdelete-null-pointer-checks -Wshift-negative-value -Wshift-overflow=2 -Walloc-zero -Wduplicated-branches -Wformat-overflow=2 -Wformat-truncation=2 -Wimplicit-fallthrough -Wrestrict -Warith-conversion -Wdouble-promotion -Wenum-conversion -Wpragmas -Wunused-const-variable  -o CMakeFiles/cmTC_adf1e.dir/SIZEOF_SIZE_T.c.o -c /home/wtc/realsense_src/build/libcurl/src/libcurl-build/CMakeFiles/CheckTypeSize/SIZEOF_SIZE_T.c
Linking C executable cmTC_adf1e
/usr/bin/cmake -E cmake_link_script CMakeFiles/cmTC_adf1e.dir/link.txt --verbose=1
/usr/bin/cc    -pedantic -D_DEFAULT_SOURCE   -ffp-contract=off   -mssse3 -pthread  -W -Wall -pedantic -Wbad-function-cast -Wconversion -Winline -Wmissing-declarations -Wmissing-prototypes -Wnested-externs -Wno-long-long -Wno-multichar -Wpointer-arith -Wshadow -Wsign-compare -Wundef -Wunused -Wwrite-strings -Waddress -Wattributes -Wcast-align -Wdeclaration-after-statement -Wdiv-by-zero -Wempty-body -Wendif-labels -Wfloat-equal -Wformat-security -Wignored-qualifiers -Wmissing-field-initializers -Wmissing-noreturn -Wno-format-nonliteral -Wno-system-headers -Wold-style-definition -Wredundant-decls -Wsign-conversion -Wno-error=sign-conversion -Wstrict-prototypes -Wtype-limits -Wunreachable-code -Wunused-parameter -Wvla -Wclobbered -Wmissing-parameter-type -Wold-style-declaration -Wstrict-aliasing=3 -Wtrampolines -Wformat=2 -Warray-bounds=2 -ftree-vrp -Wduplicated-cond -Wnull-dereference -fdelete-null-pointer-checks -Wshift-negative-value -Wshift-overflow=2 -Walloc-zero -Wduplicated-branches -Wformat-overflow=2 -Wformat-truncation=2 -Wimplicit-fallthrough -Wrestrict -Warith-conversion -Wdouble-promotion -Wenum-conversion -Wpragmas -Wunused-const-variable  CMakeFiles/cmTC_adf1e.dir/SIZEOF_SIZE_T.c.o -o cmTC_adf1e 
gmake[4]: 离开目录“/home/wtc/realsense_src/build/libcurl/src/libcurl-build/CMakeFiles/CMakeTmp”
gmake[3]: 离开目录“/home/wtc/realsense_src/build/libcurl/src/libcurl-build/CMakeFiles/CMakeTmp”



Determining size of ssize_t passed with the following output:
Change Dir: /home/wtc/realsense_src/build/libcurl/src/libcurl-build/CMakeFiles/CMakeTmp

Run Build Command(s):/usr/bin/gmake -f Makefile cmTC_a1c0f/fast && gmake[3]: 进入目录“/home/wtc/realsense_src/build/libcurl/src/libcurl-build/CMakeFiles/CMakeTmp”
/usr/bin/gmake  -f CMakeFiles/cmTC_a1c0f.dir/build.make CMakeFiles/cmTC_a1c0f.dir/build
gmake[4]: 进入目录“/home/wtc/realsense_src/build/libcurl/src/libcurl-build/CMakeFiles/CMakeTmp”
Building C object CMakeFiles/cmTC_a1c0f.dir/SIZEOF_SSIZE_T.c.o
/usr/bin/cc   -pedantic -D_DEFAULT_SOURCE   -ffp-contract=off   -mssse3 -pthread  -W -Wall -pedantic -Wbad-function-cast -Wconversion -Winline -Wmissing-declarations -Wmissing-prototypes -Wnested-externs -Wno-long-long -Wno-multichar -Wpointer-arith -Wshadow -Wsign-compare -Wundef -Wunused -Wwrite-strings -Waddress -Wattributes -Wcast-align -Wdeclaration-after-statement -Wdiv-by-zero -Wempty-body -Wendif-labels -Wfloat-equal -Wformat-security -Wignored-qualifiers -Wmissing-field-initializers -Wmissing-noreturn -Wno-format-nonliteral -Wno-system-headers -Wold-style-definition -Wredundant-decls -Wsign-conversion -Wno-error=sign-conversion -Wstrict-prototypes -Wtype-limits -Wunreachable-code -Wunused-parameter -Wvla -Wclobbered -Wmissing-parameter-type -Wold-style-declaration -Wstrict-aliasing=3 -Wtrampolines -Wformat=2 -Warray-bounds=2 -ftree-vrp -Wduplicated-cond -Wnull-dereference -fdelete-null-pointer-checks -Wshift-negative-value -Wshift-overflow=2 -Walloc-zero -Wduplicated-branches -Wformat-overflow=2 -Wformat-truncation=2 -Wimplicit-fallthrough -Wrestrict -Warith-conversion -Wdouble-promotion -Wenum-conversion -Wpragmas -Wunused-const-variable  -o CMakeFiles/cmTC_a1c0f.dir/SIZEOF_SSIZE_T.c.o -c /home/wtc/realsense_src/build/libcurl/src/libcurl-build/CMakeFiles/CheckTypeSize/SIZEOF_SSIZE_T.c
Linking C executable cmTC_a1c0f
/usr/bin/cmake -E cmake_link_script CMakeFiles/cmTC_a1c0f.dir/link.txt --verbose=1
/usr/bin/cc    -pedantic -D_DEFAULT_SOURCE   -ffp-contract=off   -mssse3 -pthread  -W -Wall -pedantic -Wbad-function-cast -Wconversion -Winline -Wmissing-declarations -Wmissing-prototypes -Wnested-externs -Wno-long-long -Wno-multichar -Wpointer-arith -Wshadow -Wsign-compare -Wundef -Wunused -Wwrite-strings -Waddress -Wattributes -Wcast-align -Wdeclaration-after-statement -Wdiv-by-zero -Wempty-body -Wendif-labels -Wfloat-equal -Wformat-security -Wignored-qualifiers -Wmissing-field-initializers -Wmissing-noreturn -Wno-format-nonliteral -Wno-system-headers -Wold-style-definition -Wredundant-decls -Wsign-conversion -Wno-error=sign-conversion -Wstrict-prototypes -Wtype-limits -Wunreachable-code -Wunused-parameter -Wvla -Wclobbered -Wmissing-parameter-type -Wold-style-declaration -Wstrict-aliasing=3 -Wtrampolines -Wformat=2 -Warray-bounds=2 -ftree-vrp -Wduplicated-cond -Wnull-dereference -fdelete-null-pointer-checks -Wshift-negative-value -Wshift-overflow=2 -Walloc-zero -Wduplicated-branches -Wformat-overflow=2 -Wformat-truncation=2 -Wimplicit-fallthrough -Wrestrict -Warith-conversion -Wdouble-promotion -Wenum-conversion -Wpragmas -Wunused-const-variable  CMakeFiles/cmTC_a1c0f.dir/SIZEOF_SSIZE_T.c.o -o cmTC_a1c0f 
gmake[4]: 离开目录“/home/wtc/realsense_src/build/libcurl/src/libcurl-build/CMakeFiles/CMakeTmp”
gmake[3]: 离开目录“/home/wtc/realsense_src/build/libcurl/src/libcurl-build/CMakeFiles/CMakeTmp”



Determining size of long long passed with the following output:
Change Dir: /home/wtc/realsense_src/build/libcurl/src/libcurl-build/CMakeFiles/CMakeTmp

Run Build Command(s):/usr/bin/gmake -f Makefile cmTC_dfc59/fast && gmake[3]: 进入目录“/home/wtc/realsense_src/build/libcurl/src/libcurl-build/CMakeFiles/CMakeTmp”
/usr/bin/gmake  -f CMakeFiles/cmTC_dfc59.dir/build.make CMakeFiles/cmTC_dfc59.dir/build
gmake[4]: 进入目录“/home/wtc/realsense_src/build/libcurl/src/libcurl-build/CMakeFiles/CMakeTmp”
Building C object CMakeFiles/cmTC_dfc59.dir/SIZEOF_LONG_LONG.c.o
/usr/bin/cc   -pedantic -D_DEFAULT_SOURCE   -ffp-contract=off   -mssse3 -pthread  -W -Wall -pedantic -Wbad-function-cast -Wconversion -Winline -Wmissing-declarations -Wmissing-prototypes -Wnested-externs -Wno-long-long -Wno-multichar -Wpointer-arith -Wshadow -Wsign-compare -Wundef -Wunused -Wwrite-strings -Waddress -Wattributes -Wcast-align -Wdeclaration-after-statement -Wdiv-by-zero -Wempty-body -Wendif-labels -Wfloat-equal -Wformat-security -Wignored-qualifiers -Wmissing-field-initializers -Wmissing-noreturn -Wno-format-nonliteral -Wno-system-headers -Wold-style-definition -Wredundant-decls -Wsign-conversion -Wno-error=sign-conversion -Wstrict-prototypes -Wtype-limits -Wunreachable-code -Wunused-parameter -Wvla -Wclobbered -Wmissing-parameter-type -Wold-style-declaration -Wstrict-aliasing=3 -Wtrampolines -Wformat=2 -Warray-bounds=2 -ftree-vrp -Wduplicated-cond -Wnull-dereference -fdelete-null-pointer-checks -Wshift-negative-value -Wshift-overflow=2 -Walloc-zero -Wduplicated-branches -Wformat-overflow=2 -Wformat-truncation=2 -Wimplicit-fallthrough -Wrestrict -Warith-conversion -Wdouble-promotion -Wenum-conversion -Wpragmas -Wunused-const-variable  -o CMakeFiles/cmTC_dfc59.dir/SIZEOF_LONG_LONG.c.o -c /home/wtc/realsense_src/build/libcurl/src/libcurl-build/CMakeFiles/CheckTypeSize/SIZEOF_LONG_LONG.c
Linking C executable cmTC_dfc59
/usr/bin/cmake -E cmake_link_script CMakeFiles/cmTC_dfc59.dir/link.txt --verbose=1
/usr/bin/cc    -pedantic -D_DEFAULT_SOURCE   -ffp-contract=off   -mssse3 -pthread  -W -Wall -pedantic -Wbad-function-cast -Wconversion -Winline -Wmissing-declarations -Wmissing-prototypes -Wnested-externs -Wno-long-long -Wno-multichar -Wpointer-arith -Wshadow -Wsign-compare -Wundef -Wunused -Wwrite-strings -Waddress -Wattributes -Wcast-align -Wdeclaration-after-statement -Wdiv-by-zero -Wempty-body -Wendif-labels -Wfloat-equal -Wformat-security -Wignored-qualifiers -Wmissing-field-initializers -Wmissing-noreturn -Wno-format-nonliteral -Wno-system-headers -Wold-style-definition -Wredundant-decls -Wsign-conversion -Wno-error=sign-conversion -Wstrict-prototypes -Wtype-limits -Wunreachable-code -Wunused-parameter -Wvla -Wclobbered -Wmissing-parameter-type -Wold-style-declaration -Wstrict-aliasing=3 -Wtrampolines -Wformat=2 -Warray-bounds=2 -ftree-vrp -Wduplicated-cond -Wnull-dereference -fdelete-null-pointer-checks -Wshift-negative-value -Wshift-overflow=2 -Walloc-zero -Wduplicated-branches -Wformat-overflow=2 -Wformat-truncation=2 -Wimplicit-fallthrough -Wrestrict -Warith-conversion -Wdouble-promotion -Wenum-conversion -Wpragmas -Wunused-const-variable  CMakeFiles/cmTC_dfc59.dir/SIZEOF_LONG_LONG.c.o -o cmTC_dfc59 
gmake[4]: 离开目录“/home/wtc/realsense_src/build/libcurl/src/libcurl-build/CMakeFiles/CMakeTmp”
gmake[3]: 离开目录“/home/wtc/realsense_src/build/libcurl/src/libcurl-build/CMakeFiles/CMakeTmp”



Determining size of long passed with the following output:
Change Dir: /home/wtc/realsense_src/build/libcurl/src/libcurl-build/CMakeFiles/CMakeTmp

Run Build Command(s):/usr/bin/gmake -f Makefile cmTC_5518f/fast && gmake[3]: 进入目录“/home/wtc/realsense_src/build/libcurl/src/libcurl-build/CMakeFiles/CMakeTmp”
/usr/bin/gmake  -f CMakeFiles/cmTC_5518f.dir/build.make CMakeFiles/cmTC_5518f.dir/build
gmake[4]: 进入目录“/home/wtc/realsense_src/build/libcurl/src/libcurl-build/CMakeFiles/CMakeTmp”
Building C object CMakeFiles/cmTC_5518f.dir/SIZEOF_LONG.c.o
/usr/bin/cc   -pedantic -D_DEFAULT_SOURCE   -ffp-contract=off   -mssse3 -pthread  -W -Wall -pedantic -Wbad-function-cast -Wconversion -Winline -Wmissing-declarations -Wmissing-prototypes -Wnested-externs -Wno-long-long -Wno-multichar -Wpointer-arith -Wshadow -Wsign-compare -Wundef -Wunused -Wwrite-strings -Waddress -Wattributes -Wcast-align -Wdeclaration-after-statement -Wdiv-by-zero -Wempty-body -Wendif-labels -Wfloat-equal -Wformat-security -Wignored-qualifiers -Wmissing-field-initializers -Wmissing-noreturn -Wno-format-nonliteral -Wno-system-headers -Wold-style-definition -Wredundant-decls -Wsign-conversion -Wno-error=sign-conversion -Wstrict-prototypes -Wtype-limits -Wunreachable-code -Wunused-parameter -Wvla -Wclobbered -Wmissing-parameter-type -Wold-style-declaration -Wstrict-aliasing=3 -Wtrampolines -Wformat=2 -Warray-bounds=2 -ftree-vrp -Wduplicated-cond -Wnull-dereference -fdelete-null-pointer-checks -Wshift-negative-value -Wshift-overflow=2 -Walloc-zero -Wduplicated-branches -Wformat-overflow=2 -Wformat-truncation=2 -Wimplicit-fallthrough -Wrestrict -Warith-conversion -Wdouble-promotion -Wenum-conversion -Wpragmas -Wunused-const-variable  -o CMakeFiles/cmTC_5518f.dir/SIZEOF_LONG.c.o -c /home/wtc/realsense_src/build/libcurl/src/libcurl-build/CMakeFiles/CheckTypeSize/SIZEOF_LONG.c
Linking C executable cmTC_5518f
/usr/bin/cmake -E cmake_link_script CMakeFiles/cmTC_5518f.dir/link.txt --verbose=1
/usr/bin/cc    -pedantic -D_DEFAULT_SOURCE   -ffp-contract=off   -mssse3 -pthread  -W -Wall -pedantic -Wbad-function-cast -Wconversion -Winline -Wmissing-declarations -Wmissing-prototypes -Wnested-externs -Wno-long-long -Wno-multichar -Wpointer-arith -Wshadow -Wsign-compare -Wundef -Wunused -Wwrite-strings -Waddress -Wattributes -Wcast-align -Wdeclaration-after-statement -Wdiv-by-zero -Wempty-body -Wendif-labels -Wfloat-equal -Wformat-security -Wignored-qualifiers -Wmissing-field-initializers -Wmissing-noreturn -Wno-format-nonliteral -Wno-system-headers -Wold-style-definition -Wredundant-decls -Wsign-conversion -Wno-error=sign-conversion -Wstrict-prototypes -Wtype-limits -Wunreachable-code -Wunused-parameter -Wvla -Wclobbered -Wmissing-parameter-type -Wold-style-declaration -Wstrict-aliasing=3 -Wtrampolines -Wformat=2 -Warray-bounds=2 -ftree-vrp -Wduplicated-cond -Wnull-dereference -fdelete-null-pointer-checks -Wshift-negative-value -Wshift-overflow=2 -Walloc-zero -Wduplicated-branches -Wformat-overflow=2 -Wformat-truncation=2 -Wimplicit-fallthrough -Wrestrict -Warith-conversion -Wdouble-promotion -Wenum-conversion -Wpragmas -Wunused-const-variable  CMakeFiles/cmTC_5518f.dir/SIZEOF_LONG.c.o -o cmTC_5518f 
gmake[4]: 离开目录“/home/wtc/realsense_src/build/libcurl/src/libcurl-build/CMakeFiles/CMakeTmp”
gmake[3]: 离开目录“/home/wtc/realsense_src/build/libcurl/src/libcurl-build/CMakeFiles/CMakeTmp”



Determining size of int passed with the following output:
Change Dir: /home/wtc/realsense_src/build/libcurl/src/libcurl-build/CMakeFiles/CMakeTmp

Run Build Command(s):/usr/bin/gmake -f Makefile cmTC_4e964/fast && gmake[3]: 进入目录“/home/wtc/realsense_src/build/libcurl/src/libcurl-build/CMakeFiles/CMakeTmp”
/usr/bin/gmake  -f CMakeFiles/cmTC_4e964.dir/build.make CMakeFiles/cmTC_4e964.dir/build
gmake[4]: 进入目录“/home/wtc/realsense_src/build/libcurl/src/libcurl-build/CMakeFiles/CMakeTmp”
Building C object CMakeFiles/cmTC_4e964.dir/SIZEOF_INT.c.o
/usr/bin/cc   -pedantic -D_DEFAULT_SOURCE   -ffp-contract=off   -mssse3 -pthread  -W -Wall -pedantic -Wbad-function-cast -Wconversion -Winline -Wmissing-declarations -Wmissing-prototypes -Wnested-externs -Wno-long-long -Wno-multichar -Wpointer-arith -Wshadow -Wsign-compare -Wundef -Wunused -Wwrite-strings -Waddress -Wattributes -Wcast-align -Wdeclaration-after-statement -Wdiv-by-zero -Wempty-body -Wendif-labels -Wfloat-equal -Wformat-security -Wignored-qualifiers -Wmissing-field-initializers -Wmissing-noreturn -Wno-format-nonliteral -Wno-system-headers -Wold-style-definition -Wredundant-decls -Wsign-conversion -Wno-error=sign-conversion -Wstrict-prototypes -Wtype-limits -Wunreachable-code -Wunused-parameter -Wvla -Wclobbered -Wmissing-parameter-type -Wold-style-declaration -Wstrict-aliasing=3 -Wtrampolines -Wformat=2 -Warray-bounds=2 -ftree-vrp -Wduplicated-cond -Wnull-dereference -fdelete-null-pointer-checks -Wshift-negative-value -Wshift-overflow=2 -Walloc-zero -Wduplicated-branches -Wformat-overflow=2 -Wformat-truncation=2 -Wimplicit-fallthrough -Wrestrict -Warith-conversion -Wdouble-promotion -Wenum-conversion -Wpragmas -Wunused-const-variable  -o CMakeFiles/cmTC_4e964.dir/SIZEOF_INT.c.o -c /home/wtc/realsense_src/build/libcurl/src/libcurl-build/CMakeFiles/CheckTypeSize/SIZEOF_INT.c
Linking C executable cmTC_4e964
/usr/bin/cmake -E cmake_link_script CMakeFiles/cmTC_4e964.dir/link.txt --verbose=1
/usr/bin/cc    -pedantic -D_DEFAULT_SOURCE   -ffp-contract=off   -mssse3 -pthread  -W -Wall -pedantic -Wbad-function-cast -Wconversion -Winline -Wmissing-declarations -Wmissing-prototypes -Wnested-externs -Wno-long-long -Wno-multichar -Wpointer-arith -Wshadow -Wsign-compare -Wundef -Wunused -Wwrite-strings -Waddress -Wattributes -Wcast-align -Wdeclaration-after-statement -Wdiv-by-zero -Wempty-body -Wendif-labels -Wfloat-equal -Wformat-security -Wignored-qualifiers -Wmissing-field-initializers -Wmissing-noreturn -Wno-format-nonliteral -Wno-system-headers -Wold-style-definition -Wredundant-decls -Wsign-conversion -Wno-error=sign-conversion -Wstrict-prototypes -Wtype-limits -Wunreachable-code -Wunused-parameter -Wvla -Wclobbered -Wmissing-parameter-type -Wold-style-declaration -Wstrict-aliasing=3 -Wtrampolines -Wformat=2 -Warray-bounds=2 -ftree-vrp -Wduplicated-cond -Wnull-dereference -fdelete-null-pointer-checks -Wshift-negative-value -Wshift-overflow=2 -Walloc-zero -Wduplicated-branches -Wformat-overflow=2 -Wformat-truncation=2 -Wimplicit-fallthrough -Wrestrict -Warith-conversion -Wdouble-promotion -Wenum-conversion -Wpragmas -Wunused-const-variable  CMakeFiles/cmTC_4e964.dir/SIZEOF_INT.c.o -o cmTC_4e964 
gmake[4]: 离开目录“/home/wtc/realsense_src/build/libcurl/src/libcurl-build/CMakeFiles/CMakeTmp”
gmake[3]: 离开目录“/home/wtc/realsense_src/build/libcurl/src/libcurl-build/CMakeFiles/CMakeTmp”



Determining size of time_t passed with the following output:
Change Dir: /home/wtc/realsense_src/build/libcurl/src/libcurl-build/CMakeFiles/CMakeTmp

Run Build Command(s):/usr/bin/gmake -f Makefile cmTC_86246/fast && gmake[3]: 进入目录“/home/wtc/realsense_src/build/libcurl/src/libcurl-build/CMakeFiles/CMakeTmp”
/usr/bin/gmake  -f CMakeFiles/cmTC_86246.dir/build.make CMakeFiles/cmTC_86246.dir/build
gmake[4]: 进入目录“/home/wtc/realsense_src/build/libcurl/src/libcurl-build/CMakeFiles/CMakeTmp”
Building C object CMakeFiles/cmTC_86246.dir/SIZEOF_TIME_T.c.o
/usr/bin/cc   -pedantic -D_DEFAULT_SOURCE   -ffp-contract=off   -mssse3 -pthread  -W -Wall -pedantic -Wbad-function-cast -Wconversion -Winline -Wmissing-declarations -Wmissing-prototypes -Wnested-externs -Wno-long-long -Wno-multichar -Wpointer-arith -Wshadow -Wsign-compare -Wundef -Wunused -Wwrite-strings -Waddress -Wattributes -Wcast-align -Wdeclaration-after-statement -Wdiv-by-zero -Wempty-body -Wendif-labels -Wfloat-equal -Wformat-security -Wignored-qualifiers -Wmissing-field-initializers -Wmissing-noreturn -Wno-format-nonliteral -Wno-system-headers -Wold-style-definition -Wredundant-decls -Wsign-conversion -Wno-error=sign-conversion -Wstrict-prototypes -Wtype-limits -Wunreachable-code -Wunused-parameter -Wvla -Wclobbered -Wmissing-parameter-type -Wold-style-declaration -Wstrict-aliasing=3 -Wtrampolines -Wformat=2 -Warray-bounds=2 -ftree-vrp -Wduplicated-cond -Wnull-dereference -fdelete-null-pointer-checks -Wshift-negative-value -Wshift-overflow=2 -Walloc-zero -Wduplicated-branches -Wformat-overflow=2 -Wformat-truncation=2 -Wimplicit-fallthrough -Wrestrict -Warith-conversion -Wdouble-promotion -Wenum-conversion -Wpragmas -Wunused-const-variable  -o CMakeFiles/cmTC_86246.dir/SIZEOF_TIME_T.c.o -c /home/wtc/realsense_src/build/libcurl/src/libcurl-build/CMakeFiles/CheckTypeSize/SIZEOF_TIME_T.c
Linking C executable cmTC_86246
/usr/bin/cmake -E cmake_link_script CMakeFiles/cmTC_86246.dir/link.txt --verbose=1
/usr/bin/cc    -pedantic -D_DEFAULT_SOURCE   -ffp-contract=off   -mssse3 -pthread  -W -Wall -pedantic -Wbad-function-cast -Wconversion -Winline -Wmissing-declarations -Wmissing-prototypes -Wnested-externs -Wno-long-long -Wno-multichar -Wpointer-arith -Wshadow -Wsign-compare -Wundef -Wunused -Wwrite-strings -Waddress -Wattributes -Wcast-align -Wdeclaration-after-statement -Wdiv-by-zero -Wempty-body -Wendif-labels -Wfloat-equal -Wformat-security -Wignored-qualifiers -Wmissing-field-initializers -Wmissing-noreturn -Wno-format-nonliteral -Wno-system-headers -Wold-style-definition -Wredundant-decls -Wsign-conversion -Wno-error=sign-conversion -Wstrict-prototypes -Wtype-limits -Wunreachable-code -Wunused-parameter -Wvla -Wclobbered -Wmissing-parameter-type -Wold-style-declaration -Wstrict-aliasing=3 -Wtrampolines -Wformat=2 -Warray-bounds=2 -ftree-vrp -Wduplicated-cond -Wnull-dereference -fdelete-null-pointer-checks -Wshift-negative-value -Wshift-overflow=2 -Walloc-zero -Wduplicated-branches -Wformat-overflow=2 -Wformat-truncation=2 -Wimplicit-fallthrough -Wrestrict -Warith-conversion -Wdouble-promotion -Wenum-conversion -Wpragmas -Wunused-const-variable  CMakeFiles/cmTC_86246.dir/SIZEOF_TIME_T.c.o -o cmTC_86246 
gmake[4]: 离开目录“/home/wtc/realsense_src/build/libcurl/src/libcurl-build/CMakeFiles/CMakeTmp”
gmake[3]: 离开目录“/home/wtc/realsense_src/build/libcurl/src/libcurl-build/CMakeFiles/CMakeTmp”



Determining size of suseconds_t passed with the following output:
Change Dir: /home/wtc/realsense_src/build/libcurl/src/libcurl-build/CMakeFiles/CMakeTmp

Run Build Command(s):/usr/bin/gmake -f Makefile cmTC_7142f/fast && gmake[3]: 进入目录“/home/wtc/realsense_src/build/libcurl/src/libcurl-build/CMakeFiles/CMakeTmp”
/usr/bin/gmake  -f CMakeFiles/cmTC_7142f.dir/build.make CMakeFiles/cmTC_7142f.dir/build
gmake[4]: 进入目录“/home/wtc/realsense_src/build/libcurl/src/libcurl-build/CMakeFiles/CMakeTmp”
Building C object CMakeFiles/cmTC_7142f.dir/SIZEOF_SUSECONDS_T.c.o
/usr/bin/cc   -pedantic -D_DEFAULT_SOURCE   -ffp-contract=off   -mssse3 -pthread  -W -Wall -pedantic -Wbad-function-cast -Wconversion -Winline -Wmissing-declarations -Wmissing-prototypes -Wnested-externs -Wno-long-long -Wno-multichar -Wpointer-arith -Wshadow -Wsign-compare -Wundef -Wunused -Wwrite-strings -Waddress -Wattributes -Wcast-align -Wdeclaration-after-statement -Wdiv-by-zero -Wempty-body -Wendif-labels -Wfloat-equal -Wformat-security -Wignored-qualifiers -Wmissing-field-initializers -Wmissing-noreturn -Wno-format-nonliteral -Wno-system-headers -Wold-style-definition -Wredundant-decls -Wsign-conversion -Wno-error=sign-conversion -Wstrict-prototypes -Wtype-limits -Wunreachable-code -Wunused-parameter -Wvla -Wclobbered -Wmissing-parameter-type -Wold-style-declaration -Wstrict-aliasing=3 -Wtrampolines -Wformat=2 -Warray-bounds=2 -ftree-vrp -Wduplicated-cond -Wnull-dereference -fdelete-null-pointer-checks -Wshift-negative-value -Wshift-overflow=2 -Walloc-zero -Wduplicated-branches -Wformat-overflow=2 -Wformat-truncation=2 -Wimplicit-fallthrough -Wrestrict -Warith-conversion -Wdouble-promotion -Wenum-conversion -Wpragmas -Wunused-const-variable  -o CMakeFiles/cmTC_7142f.dir/SIZEOF_SUSECONDS_T.c.o -c /home/wtc/realsense_src/build/libcurl/src/libcurl-build/CMakeFiles/CheckTypeSize/SIZEOF_SUSECONDS_T.c
Linking C executable cmTC_7142f
/usr/bin/cmake -E cmake_link_script CMakeFiles/cmTC_7142f.dir/link.txt --verbose=1
/usr/bin/cc    -pedantic -D_DEFAULT_SOURCE   -ffp-contract=off   -mssse3 -pthread  -W -Wall -pedantic -Wbad-function-cast -Wconversion -Winline -Wmissing-declarations -Wmissing-prototypes -Wnested-externs -Wno-long-long -Wno-multichar -Wpointer-arith -Wshadow -Wsign-compare -Wundef -Wunused -Wwrite-strings -Waddress -Wattributes -Wcast-align -Wdeclaration-after-statement -Wdiv-by-zero -Wempty-body -Wendif-labels -Wfloat-equal -Wformat-security -Wignored-qualifiers -Wmissing-field-initializers -Wmissing-noreturn -Wno-format-nonliteral -Wno-system-headers -Wold-style-definition -Wredundant-decls -Wsign-conversion -Wno-error=sign-conversion -Wstrict-prototypes -Wtype-limits -Wunreachable-code -Wunused-parameter -Wvla -Wclobbered -Wmissing-parameter-type -Wold-style-declaration -Wstrict-aliasing=3 -Wtrampolines -Wformat=2 -Warray-bounds=2 -ftree-vrp -Wduplicated-cond -Wnull-dereference -fdelete-null-pointer-checks -Wshift-negative-value -Wshift-overflow=2 -Walloc-zero -Wduplicated-branches -Wformat-overflow=2 -Wformat-truncation=2 -Wimplicit-fallthrough -Wrestrict -Warith-conversion -Wdouble-promotion -Wenum-conversion -Wpragmas -Wunused-const-variable  CMakeFiles/cmTC_7142f.dir/SIZEOF_SUSECONDS_T.c.o -o cmTC_7142f 
gmake[4]: 离开目录“/home/wtc/realsense_src/build/libcurl/src/libcurl-build/CMakeFiles/CMakeTmp”
gmake[3]: 离开目录“/home/wtc/realsense_src/build/libcurl/src/libcurl-build/CMakeFiles/CMakeTmp”



Determining if the fnmatch exist passed with the following output:
Change Dir: /home/wtc/realsense_src/build/libcurl/src/libcurl-build/CMakeFiles/CMakeTmp

Run Build Command(s):/usr/bin/gmake -f Makefile cmTC_d58fe/fast && gmake[3]: 进入目录“/home/wtc/realsense_src/build/libcurl/src/libcurl-build/CMakeFiles/CMakeTmp”
/usr/bin/gmake  -f CMakeFiles/cmTC_d58fe.dir/build.make CMakeFiles/cmTC_d58fe.dir/build
gmake[4]: 进入目录“/home/wtc/realsense_src/build/libcurl/src/libcurl-build/CMakeFiles/CMakeTmp”
Building C object CMakeFiles/cmTC_d58fe.dir/CheckSymbolExists.c.o
/usr/bin/cc   -pedantic -D_DEFAULT_SOURCE   -ffp-contract=off   -mssse3 -pthread  -W -Wall -pedantic -Wbad-function-cast -Wconversion -Winline -Wmissing-declarations -Wmissing-prototypes -Wnested-externs -Wno-long-long -Wno-multichar -Wpointer-arith -Wshadow -Wsign-compare -Wundef -Wunused -Wwrite-strings -Waddress -Wattributes -Wcast-align -Wdeclaration-after-statement -Wdiv-by-zero -Wempty-body -Wendif-labels -Wfloat-equal -Wformat-security -Wignored-qualifiers -Wmissing-field-initializers -Wmissing-noreturn -Wno-format-nonliteral -Wno-system-headers -Wold-style-definition -Wredundant-decls -Wsign-conversion -Wno-error=sign-conversion -Wstrict-prototypes -Wtype-limits -Wunreachable-code -Wunused-parameter -Wvla -Wclobbered -Wmissing-parameter-type -Wold-style-declaration -Wstrict-aliasing=3 -Wtrampolines -Wformat=2 -Warray-bounds=2 -ftree-vrp -Wduplicated-cond -Wnull-dereference -fdelete-null-pointer-checks -Wshift-negative-value -Wshift-overflow=2 -Walloc-zero -Wduplicated-branches -Wformat-overflow=2 -Wformat-truncation=2 -Wimplicit-fallthrough -Wrestrict -Warith-conversion -Wdouble-promotion -Wenum-conversion -Wpragmas -Wunused-const-variable  -o CMakeFiles/cmTC_d58fe.dir/CheckSymbolExists.c.o -c /home/wtc/realsense_src/build/libcurl/src/libcurl-build/CMakeFiles/CMakeTmp/CheckSymbolExists.c
/home/wtc/realsense_src/build/libcurl/src/libcurl-build/CMakeFiles/CMakeTmp/CheckSymbolExists.c: In function ‘main’:
/home/wtc/realsense_src/build/libcurl/src/libcurl-build/CMakeFiles/CMakeTmp/CheckSymbolExists.c:40:11: warning: ISO C forbids conversion of function pointer to object pointer type [-Wpedantic]
   40 |   return ((int*)(&fnmatch))[argc];
      |           ^
Linking C executable cmTC_d58fe
/usr/bin/cmake -E cmake_link_script CMakeFiles/cmTC_d58fe.dir/link.txt --verbose=1
/usr/bin/cc    -pedantic -D_DEFAULT_SOURCE   -ffp-contract=off   -mssse3 -pthread  -W -Wall -pedantic -Wbad-function-cast -Wconversion -Winline -Wmissing-declarations -Wmissing-prototypes -Wnested-externs -Wno-long-long -Wno-multichar -Wpointer-arith -Wshadow -Wsign-compare -Wundef -Wunused -Wwrite-strings -Waddress -Wattributes -Wcast-align -Wdeclaration-after-statement -Wdiv-by-zero -Wempty-body -Wendif-labels -Wfloat-equal -Wformat-security -Wignored-qualifiers -Wmissing-field-initializers -Wmissing-noreturn -Wno-format-nonliteral -Wno-system-headers -Wold-style-definition -Wredundant-decls -Wsign-conversion -Wno-error=sign-conversion -Wstrict-prototypes -Wtype-limits -Wunreachable-code -Wunused-parameter -Wvla -Wclobbered -Wmissing-parameter-type -Wold-style-declaration -Wstrict-aliasing=3 -Wtrampolines -Wformat=2 -Warray-bounds=2 -ftree-vrp -Wduplicated-cond -Wnull-dereference -fdelete-null-pointer-checks -Wshift-negative-value -Wshift-overflow=2 -Walloc-zero -Wduplicated-branches -Wformat-overflow=2 -Wformat-truncation=2 -Wimplicit-fallthrough -Wrestrict -Warith-conversion -Wdouble-promotion -Wenum-conversion -Wpragmas -Wunused-const-variable  CMakeFiles/cmTC_d58fe.dir/CheckSymbolExists.c.o -o cmTC_d58fe 
gmake[4]: 离开目录“/home/wtc/realsense_src/build/libcurl/src/libcurl-build/CMakeFiles/CMakeTmp”
gmake[3]: 离开目录“/home/wtc/realsense_src/build/libcurl/src/libcurl-build/CMakeFiles/CMakeTmp”


File /home/wtc/realsense_src/build/libcurl/src/libcurl-build/CMakeFiles/CMakeTmp/CheckSymbolExists.c:
/* */
#include <sys/wait.h>
#include <sys/ioctl.h>
#include <sys/param.h>
#include <sys/poll.h>
#include <sys/resource.h>
#include <sys/select.h>
#include <sys/socket.h>
#include <sys/stat.h>
#include <sys/time.h>
#include <sys/types.h>
#include <sys/un.h>
#include <sys/xattr.h>
#include <arpa/inet.h>
#include <dirent.h>
#include <fcntl.h>
#include <ifaddrs.h>
#include <libgen.h>
#include <locale.h>
#include <net/if.h>
#include <netdb.h>
#include <netinet/in.h>
#include <netinet/tcp.h>
#include <netinet/udp.h>
#include <poll.h>
#include <pwd.h>
#include <stdatomic.h>
#include <stdbool.h>
#include <strings.h>
#include <termio.h>
#include <termios.h>
#include <unistd.h>
#include <utime.h>
#include <fnmatch.h>

int main(int argc, char** argv)
{
  (void)argv;
#ifndef fnmatch
  return ((int*)(&fnmatch))[argc];
#else
  (void)argc;
  return 0;
#endif
}
Determining if the basename exist passed with the following output:
Change Dir: /home/wtc/realsense_src/build/libcurl/src/libcurl-build/CMakeFiles/CMakeTmp

Run Build Command(s):/usr/bin/gmake -f Makefile cmTC_6e8d6/fast && gmake[3]: 进入目录“/home/wtc/realsense_src/build/libcurl/src/libcurl-build/CMakeFiles/CMakeTmp”
/usr/bin/gmake  -f CMakeFiles/cmTC_6e8d6.dir/build.make CMakeFiles/cmTC_6e8d6.dir/build
gmake[4]: 进入目录“/home/wtc/realsense_src/build/libcurl/src/libcurl-build/CMakeFiles/CMakeTmp”
Building C object CMakeFiles/cmTC_6e8d6.dir/CheckSymbolExists.c.o
/usr/bin/cc   -pedantic -D_DEFAULT_SOURCE   -ffp-contract=off   -mssse3 -pthread  -W -Wall -pedantic -Wbad-function-cast -Wconversion -Winline -Wmissing-declarations -Wmissing-prototypes -Wnested-externs -Wno-long-long -Wno-multichar -Wpointer-arith -Wshadow -Wsign-compare -Wundef -Wunused -Wwrite-strings -Waddress -Wattributes -Wcast-align -Wdeclaration-after-statement -Wdiv-by-zero -Wempty-body -Wendif-labels -Wfloat-equal -Wformat-security -Wignored-qualifiers -Wmissing-field-initializers -Wmissing-noreturn -Wno-format-nonliteral -Wno-system-headers -Wold-style-definition -Wredundant-decls -Wsign-conversion -Wno-error=sign-conversion -Wstrict-prototypes -Wtype-limits -Wunreachable-code -Wunused-parameter -Wvla -Wclobbered -Wmissing-parameter-type -Wold-style-declaration -Wstrict-aliasing=3 -Wtrampolines -Wformat=2 -Warray-bounds=2 -ftree-vrp -Wduplicated-cond -Wnull-dereference -fdelete-null-pointer-checks -Wshift-negative-value -Wshift-overflow=2 -Walloc-zero -Wduplicated-branches -Wformat-overflow=2 -Wformat-truncation=2 -Wimplicit-fallthrough -Wrestrict -Warith-conversion -Wdouble-promotion -Wenum-conversion -Wpragmas -Wunused-const-variable  -o CMakeFiles/cmTC_6e8d6.dir/CheckSymbolExists.c.o -c /home/wtc/realsense_src/build/libcurl/src/libcurl-build/CMakeFiles/CMakeTmp/CheckSymbolExists.c
Linking C executable cmTC_6e8d6
/usr/bin/cmake -E cmake_link_script CMakeFiles/cmTC_6e8d6.dir/link.txt --verbose=1
/usr/bin/cc    -pedantic -D_DEFAULT_SOURCE   -ffp-contract=off   -mssse3 -pthread  -W -Wall -pedantic -Wbad-function-cast -Wconversion -Winline -Wmissing-declarations -Wmissing-prototypes -Wnested-externs -Wno-long-long -Wno-multichar -Wpointer-arith -Wshadow -Wsign-compare -Wundef -Wunused -Wwrite-strings -Waddress -Wattributes -Wcast-align -Wdeclaration-after-statement -Wdiv-by-zero -Wempty-body -Wendif-labels -Wfloat-equal -Wformat-security -Wignored-qualifiers -Wmissing-field-initializers -Wmissing-noreturn -Wno-format-nonliteral -Wno-system-headers -Wold-style-definition -Wredundant-decls -Wsign-conversion -Wno-error=sign-conversion -Wstrict-prototypes -Wtype-limits -Wunreachable-code -Wunused-parameter -Wvla -Wclobbered -Wmissing-parameter-type -Wold-style-declaration -Wstrict-aliasing=3 -Wtrampolines -Wformat=2 -Warray-bounds=2 -ftree-vrp -Wduplicated-cond -Wnull-dereference -fdelete-null-pointer-checks -Wshift-negative-value -Wshift-overflow=2 -Walloc-zero -Wduplicated-branches -Wformat-overflow=2 -Wformat-truncation=2 -Wimplicit-fallthrough -Wrestrict -Warith-conversion -Wdouble-promotion -Wenum-conversion -Wpragmas -Wunused-const-variable  CMakeFiles/cmTC_6e8d6.dir/CheckSymbolExists.c.o -o cmTC_6e8d6 
gmake[4]: 离开目录“/home/wtc/realsense_src/build/libcurl/src/libcurl-build/CMakeFiles/CMakeTmp”
gmake[3]: 离开目录“/home/wtc/realsense_src/build/libcurl/src/libcurl-build/CMakeFiles/CMakeTmp”


File /home/wtc/realsense_src/build/libcurl/src/libcurl-build/CMakeFiles/CMakeTmp/CheckSymbolExists.c:
/* */
#include <sys/wait.h>
#include <sys/ioctl.h>
#include <sys/param.h>
#include <sys/poll.h>
#include <sys/resource.h>
#include <sys/select.h>
#include <sys/socket.h>
#include <sys/stat.h>
#include <sys/time.h>
#include <sys/types.h>
#include <sys/un.h>
#include <sys/xattr.h>
#include <arpa/inet.h>
#include <dirent.h>
#include <fcntl.h>
#include <ifaddrs.h>
#include <libgen.h>
#include <locale.h>
#include <net/if.h>
#include <netdb.h>
#include <netinet/in.h>
#include <netinet/tcp.h>
#include <netinet/udp.h>
#include <poll.h>
#include <pwd.h>
#include <stdatomic.h>
#include <stdbool.h>
#include <strings.h>
#include <termio.h>
#include <termios.h>
#include <unistd.h>
#include <utime.h>
#include <string.h>

int main(int argc, char** argv)
{
  (void)argv;
#ifndef basename
  return ((int*)(&basename))[argc];
#else
  (void)argc;
  return 0;
#endif
}
Determining if the opendir exist passed with the following output:
Change Dir: /home/wtc/realsense_src/build/libcurl/src/libcurl-build/CMakeFiles/CMakeTmp

Run Build Command(s):/usr/bin/gmake -f Makefile cmTC_1f7d7/fast && gmake[3]: 进入目录“/home/wtc/realsense_src/build/libcurl/src/libcurl-build/CMakeFiles/CMakeTmp”
/usr/bin/gmake  -f CMakeFiles/cmTC_1f7d7.dir/build.make CMakeFiles/cmTC_1f7d7.dir/build
gmake[4]: 进入目录“/home/wtc/realsense_src/build/libcurl/src/libcurl-build/CMakeFiles/CMakeTmp”
Building C object CMakeFiles/cmTC_1f7d7.dir/CheckSymbolExists.c.o
/usr/bin/cc   -pedantic -D_DEFAULT_SOURCE   -ffp-contract=off   -mssse3 -pthread  -W -Wall -pedantic -Wbad-function-cast -Wconversion -Winline -Wmissing-declarations -Wmissing-prototypes -Wnested-externs -Wno-long-long -Wno-multichar -Wpointer-arith -Wshadow -Wsign-compare -Wundef -Wunused -Wwrite-strings -Waddress -Wattributes -Wcast-align -Wdeclaration-after-statement -Wdiv-by-zero -Wempty-body -Wendif-labels -Wfloat-equal -Wformat-security -Wignored-qualifiers -Wmissing-field-initializers -Wmissing-noreturn -Wno-format-nonliteral -Wno-system-headers -Wold-style-definition -Wredundant-decls -Wsign-conversion -Wno-error=sign-conversion -Wstrict-prototypes -Wtype-limits -Wunreachable-code -Wunused-parameter -Wvla -Wclobbered -Wmissing-parameter-type -Wold-style-declaration -Wstrict-aliasing=3 -Wtrampolines -Wformat=2 -Warray-bounds=2 -ftree-vrp -Wduplicated-cond -Wnull-dereference -fdelete-null-pointer-checks -Wshift-negative-value -Wshift-overflow=2 -Walloc-zero -Wduplicated-branches -Wformat-overflow=2 -Wformat-truncation=2 -Wimplicit-fallthrough -Wrestrict -Warith-conversion -Wdouble-promotion -Wenum-conversion -Wpragmas -Wunused-const-variable  -o CMakeFiles/cmTC_1f7d7.dir/CheckSymbolExists.c.o -c /home/wtc/realsense_src/build/libcurl/src/libcurl-build/CMakeFiles/CMakeTmp/CheckSymbolExists.c
/home/wtc/realsense_src/build/libcurl/src/libcurl-build/CMakeFiles/CMakeTmp/CheckSymbolExists.c: In function ‘main’:
/home/wtc/realsense_src/build/libcurl/src/libcurl-build/CMakeFiles/CMakeTmp/CheckSymbolExists.c:40:11: warning: ISO C forbids conversion of function pointer to object pointer type [-Wpedantic]
   40 |   return ((int*)(&opendir))[argc];
      |           ^
Linking C executable cmTC_1f7d7
/usr/bin/cmake -E cmake_link_script CMakeFiles/cmTC_1f7d7.dir/link.txt --verbose=1
/usr/bin/cc    -pedantic -D_DEFAULT_SOURCE   -ffp-contract=off   -mssse3 -pthread  -W -Wall -pedantic -Wbad-function-cast -Wconversion -Winline -Wmissing-declarations -Wmissing-prototypes -Wnested-externs -Wno-long-long -Wno-multichar -Wpointer-arith -Wshadow -Wsign-compare -Wundef -Wunused -Wwrite-strings -Waddress -Wattributes -Wcast-align -Wdeclaration-after-statement -Wdiv-by-zero -Wempty-body -Wendif-labels -Wfloat-equal -Wformat-security -Wignored-qualifiers -Wmissing-field-initializers -Wmissing-noreturn -Wno-format-nonliteral -Wno-system-headers -Wold-style-definition -Wredundant-decls -Wsign-conversion -Wno-error=sign-conversion -Wstrict-prototypes -Wtype-limits -Wunreachable-code -Wunused-parameter -Wvla -Wclobbered -Wmissing-parameter-type -Wold-style-declaration -Wstrict-aliasing=3 -Wtrampolines -Wformat=2 -Warray-bounds=2 -ftree-vrp -Wduplicated-cond -Wnull-dereference -fdelete-null-pointer-checks -Wshift-negative-value -Wshift-overflow=2 -Walloc-zero -Wduplicated-branches -Wformat-overflow=2 -Wformat-truncation=2 -Wimplicit-fallthrough -Wrestrict -Warith-conversion -Wdouble-promotion -Wenum-conversion -Wpragmas -Wunused-const-variable  CMakeFiles/cmTC_1f7d7.dir/CheckSymbolExists.c.o -o cmTC_1f7d7 
gmake[4]: 离开目录“/home/wtc/realsense_src/build/libcurl/src/libcurl-build/CMakeFiles/CMakeTmp”
gmake[3]: 离开目录“/home/wtc/realsense_src/build/libcurl/src/libcurl-build/CMakeFiles/CMakeTmp”


File /home/wtc/realsense_src/build/libcurl/src/libcurl-build/CMakeFiles/CMakeTmp/CheckSymbolExists.c:
/* */
#include <sys/wait.h>
#include <sys/ioctl.h>
#include <sys/param.h>
#include <sys/poll.h>
#include <sys/resource.h>
#include <sys/select.h>
#include <sys/socket.h>
#include <sys/stat.h>
#include <sys/time.h>
#include <sys/types.h>
#include <sys/un.h>
#include <sys/xattr.h>
#include <arpa/inet.h>
#include <dirent.h>
#include <fcntl.h>
#include <ifaddrs.h>
#include <libgen.h>
#include <locale.h>
#include <net/if.h>
#include <netdb.h>
#include <netinet/in.h>
#include <netinet/tcp.h>
#include <netinet/udp.h>
#include <poll.h>
#include <pwd.h>
#include <stdatomic.h>
#include <stdbool.h>
#include <strings.h>
#include <termio.h>
#include <termios.h>
#include <unistd.h>
#include <utime.h>
#include <dirent.h>

int main(int argc, char** argv)
{
  (void)argv;
#ifndef opendir
  return ((int*)(&opendir))[argc];
#else
  (void)argc;
  return 0;
#endif
}
Determining if the socket exist passed with the following output:
Change Dir: /home/wtc/realsense_src/build/libcurl/src/libcurl-build/CMakeFiles/CMakeTmp

Run Build Command(s):/usr/bin/gmake -f Makefile cmTC_101c4/fast && gmake[3]: 进入目录“/home/wtc/realsense_src/build/libcurl/src/libcurl-build/CMakeFiles/CMakeTmp”
/usr/bin/gmake  -f CMakeFiles/cmTC_101c4.dir/build.make CMakeFiles/cmTC_101c4.dir/build
gmake[4]: 进入目录“/home/wtc/realsense_src/build/libcurl/src/libcurl-build/CMakeFiles/CMakeTmp”
Building C object CMakeFiles/cmTC_101c4.dir/CheckSymbolExists.c.o
/usr/bin/cc   -pedantic -D_DEFAULT_SOURCE   -ffp-contract=off   -mssse3 -pthread  -W -Wall -pedantic -Wbad-function-cast -Wconversion -Winline -Wmissing-declarations -Wmissing-prototypes -Wnested-externs -Wno-long-long -Wno-multichar -Wpointer-arith -Wshadow -Wsign-compare -Wundef -Wunused -Wwrite-strings -Waddress -Wattributes -Wcast-align -Wdeclaration-after-statement -Wdiv-by-zero -Wempty-body -Wendif-labels -Wfloat-equal -Wformat-security -Wignored-qualifiers -Wmissing-field-initializers -Wmissing-noreturn -Wno-format-nonliteral -Wno-system-headers -Wold-style-definition -Wredundant-decls -Wsign-conversion -Wno-error=sign-conversion -Wstrict-prototypes -Wtype-limits -Wunreachable-code -Wunused-parameter -Wvla -Wclobbered -Wmissing-parameter-type -Wold-style-declaration -Wstrict-aliasing=3 -Wtrampolines -Wformat=2 -Warray-bounds=2 -ftree-vrp -Wduplicated-cond -Wnull-dereference -fdelete-null-pointer-checks -Wshift-negative-value -Wshift-overflow=2 -Walloc-zero -Wduplicated-branches -Wformat-overflow=2 -Wformat-truncation=2 -Wimplicit-fallthrough -Wrestrict -Warith-conversion -Wdouble-promotion -Wenum-conversion -Wpragmas -Wunused-const-variable  -o CMakeFiles/cmTC_101c4.dir/CheckSymbolExists.c.o -c /home/wtc/realsense_src/build/libcurl/src/libcurl-build/CMakeFiles/CMakeTmp/CheckSymbolExists.c
/home/wtc/realsense_src/build/libcurl/src/libcurl-build/CMakeFiles/CMakeTmp/CheckSymbolExists.c: In function ‘main’:
/home/wtc/realsense_src/build/libcurl/src/libcurl-build/CMakeFiles/CMakeTmp/CheckSymbolExists.c:39:11: warning: ISO C forbids conversion of function pointer to object pointer type [-Wpedantic]
   39 |   return ((int*)(&socket))[argc];
      |           ^
Linking C executable cmTC_101c4
/usr/bin/cmake -E cmake_link_script CMakeFiles/cmTC_101c4.dir/link.txt --verbose=1
/usr/bin/cc    -pedantic -D_DEFAULT_SOURCE   -ffp-contract=off   -mssse3 -pthread  -W -Wall -pedantic -Wbad-function-cast -Wconversion -Winline -Wmissing-declarations -Wmissing-prototypes -Wnested-externs -Wno-long-long -Wno-multichar -Wpointer-arith -Wshadow -Wsign-compare -Wundef -Wunused -Wwrite-strings -Waddress -Wattributes -Wcast-align -Wdeclaration-after-statement -Wdiv-by-zero -Wempty-body -Wendif-labels -Wfloat-equal -Wformat-security -Wignored-qualifiers -Wmissing-field-initializers -Wmissing-noreturn -Wno-format-nonliteral -Wno-system-headers -Wold-style-definition -Wredundant-decls -Wsign-conversion -Wno-error=sign-conversion -Wstrict-prototypes -Wtype-limits -Wunreachable-code -Wunused-parameter -Wvla -Wclobbered -Wmissing-parameter-type -Wold-style-declaration -Wstrict-aliasing=3 -Wtrampolines -Wformat=2 -Warray-bounds=2 -ftree-vrp -Wduplicated-cond -Wnull-dereference -fdelete-null-pointer-checks -Wshift-negative-value -Wshift-overflow=2 -Walloc-zero -Wduplicated-branches -Wformat-overflow=2 -Wformat-truncation=2 -Wimplicit-fallthrough -Wrestrict -Warith-conversion -Wdouble-promotion -Wenum-conversion -Wpragmas -Wunused-const-variable  CMakeFiles/cmTC_101c4.dir/CheckSymbolExists.c.o -o cmTC_101c4 
gmake[4]: 离开目录“/home/wtc/realsense_src/build/libcurl/src/libcurl-build/CMakeFiles/CMakeTmp”
gmake[3]: 离开目录“/home/wtc/realsense_src/build/libcurl/src/libcurl-build/CMakeFiles/CMakeTmp”


File /home/wtc/realsense_src/build/libcurl/src/libcurl-build/CMakeFiles/CMakeTmp/CheckSymbolExists.c:
/* */
#include <sys/wait.h>
#include <sys/ioctl.h>
#include <sys/param.h>
#include <sys/poll.h>
#include <sys/resource.h>
#include <sys/select.h>
#include <sys/socket.h>
#include <sys/stat.h>
#include <sys/time.h>
#include <sys/types.h>
#include <sys/un.h>
#include <sys/xattr.h>
#include <arpa/inet.h>
#include <dirent.h>
#include <fcntl.h>
#include <ifaddrs.h>
#include <libgen.h>
#include <locale.h>
#include <net/if.h>
#include <netdb.h>
#include <netinet/in.h>
#include <netinet/tcp.h>
#include <netinet/udp.h>
#include <poll.h>
#include <pwd.h>
#include <stdatomic.h>
#include <stdbool.h>
#include <strings.h>
#include <termio.h>
#include <termios.h>
#include <unistd.h>
#include <utime.h>

int main(int argc, char** argv)
{
  (void)argv;
#ifndef socket
  return ((int*)(&socket))[argc];
#else
  (void)argc;
  return 0;
#endif
}
Determining if the sched_yield exist passed with the following output:
Change Dir: /home/wtc/realsense_src/build/libcurl/src/libcurl-build/CMakeFiles/CMakeTmp

Run Build Command(s):/usr/bin/gmake -f Makefile cmTC_61aec/fast && gmake[3]: 进入目录“/home/wtc/realsense_src/build/libcurl/src/libcurl-build/CMakeFiles/CMakeTmp”
/usr/bin/gmake  -f CMakeFiles/cmTC_61aec.dir/build.make CMakeFiles/cmTC_61aec.dir/build
gmake[4]: 进入目录“/home/wtc/realsense_src/build/libcurl/src/libcurl-build/CMakeFiles/CMakeTmp”
Building C object CMakeFiles/cmTC_61aec.dir/CheckSymbolExists.c.o
/usr/bin/cc   -pedantic -D_DEFAULT_SOURCE   -ffp-contract=off   -mssse3 -pthread  -W -Wall -pedantic -Wbad-function-cast -Wconversion -Winline -Wmissing-declarations -Wmissing-prototypes -Wnested-externs -Wno-long-long -Wno-multichar -Wpointer-arith -Wshadow -Wsign-compare -Wundef -Wunused -Wwrite-strings -Waddress -Wattributes -Wcast-align -Wdeclaration-after-statement -Wdiv-by-zero -Wempty-body -Wendif-labels -Wfloat-equal -Wformat-security -Wignored-qualifiers -Wmissing-field-initializers -Wmissing-noreturn -Wno-format-nonliteral -Wno-system-headers -Wold-style-definition -Wredundant-decls -Wsign-conversion -Wno-error=sign-conversion -Wstrict-prototypes -Wtype-limits -Wunreachable-code -Wunused-parameter -Wvla -Wclobbered -Wmissing-parameter-type -Wold-style-declaration -Wstrict-aliasing=3 -Wtrampolines -Wformat=2 -Warray-bounds=2 -ftree-vrp -Wduplicated-cond -Wnull-dereference -fdelete-null-pointer-checks -Wshift-negative-value -Wshift-overflow=2 -Walloc-zero -Wduplicated-branches -Wformat-overflow=2 -Wformat-truncation=2 -Wimplicit-fallthrough -Wrestrict -Warith-conversion -Wdouble-promotion -Wenum-conversion -Wpragmas -Wunused-const-variable  -o CMakeFiles/cmTC_61aec.dir/CheckSymbolExists.c.o -c /home/wtc/realsense_src/build/libcurl/src/libcurl-build/CMakeFiles/CMakeTmp/CheckSymbolExists.c
/home/wtc/realsense_src/build/libcurl/src/libcurl-build/CMakeFiles/CMakeTmp/CheckSymbolExists.c: In function ‘main’:
/home/wtc/realsense_src/build/libcurl/src/libcurl-build/CMakeFiles/CMakeTmp/CheckSymbolExists.c:40:11: warning: ISO C forbids conversion of function pointer to object pointer type [-Wpedantic]
   40 |   return ((int*)(&sched_yield))[argc];
      |           ^
Linking C executable cmTC_61aec
/usr/bin/cmake -E cmake_link_script CMakeFiles/cmTC_61aec.dir/link.txt --verbose=1
/usr/bin/cc    -pedantic -D_DEFAULT_SOURCE   -ffp-contract=off   -mssse3 -pthread  -W -Wall -pedantic -Wbad-function-cast -Wconversion -Winline -Wmissing-declarations -Wmissing-prototypes -Wnested-externs -Wno-long-long -Wno-multichar -Wpointer-arith -Wshadow -Wsign-compare -Wundef -Wunused -Wwrite-strings -Waddress -Wattributes -Wcast-align -Wdeclaration-after-statement -Wdiv-by-zero -Wempty-body -Wendif-labels -Wfloat-equal -Wformat-security -Wignored-qualifiers -Wmissing-field-initializers -Wmissing-noreturn -Wno-format-nonliteral -Wno-system-headers -Wold-style-definition -Wredundant-decls -Wsign-conversion -Wno-error=sign-conversion -Wstrict-prototypes -Wtype-limits -Wunreachable-code -Wunused-parameter -Wvla -Wclobbered -Wmissing-parameter-type -Wold-style-declaration -Wstrict-aliasing=3 -Wtrampolines -Wformat=2 -Warray-bounds=2 -ftree-vrp -Wduplicated-cond -Wnull-dereference -fdelete-null-pointer-checks -Wshift-negative-value -Wshift-overflow=2 -Walloc-zero -Wduplicated-branches -Wformat-overflow=2 -Wformat-truncation=2 -Wimplicit-fallthrough -Wrestrict -Warith-conversion -Wdouble-promotion -Wenum-conversion -Wpragmas -Wunused-const-variable  CMakeFiles/cmTC_61aec.dir/CheckSymbolExists.c.o -o cmTC_61aec 
gmake[4]: 离开目录“/home/wtc/realsense_src/build/libcurl/src/libcurl-build/CMakeFiles/CMakeTmp”
gmake[3]: 离开目录“/home/wtc/realsense_src/build/libcurl/src/libcurl-build/CMakeFiles/CMakeTmp”


File /home/wtc/realsense_src/build/libcurl/src/libcurl-build/CMakeFiles/CMakeTmp/CheckSymbolExists.c:
/* */
#include <sys/wait.h>
#include <sys/ioctl.h>
#include <sys/param.h>
#include <sys/poll.h>
#include <sys/resource.h>
#include <sys/select.h>
#include <sys/socket.h>
#include <sys/stat.h>
#include <sys/time.h>
#include <sys/types.h>
#include <sys/un.h>
#include <sys/xattr.h>
#include <arpa/inet.h>
#include <dirent.h>
#include <fcntl.h>
#include <ifaddrs.h>
#include <libgen.h>
#include <locale.h>
#include <net/if.h>
#include <netdb.h>
#include <netinet/in.h>
#include <netinet/tcp.h>
#include <netinet/udp.h>
#include <poll.h>
#include <pwd.h>
#include <stdatomic.h>
#include <stdbool.h>
#include <strings.h>
#include <termio.h>
#include <termios.h>
#include <unistd.h>
#include <utime.h>
#include <sched.h>

int main(int argc, char** argv)
{
  (void)argv;
#ifndef sched_yield
  return ((int*)(&sched_yield))[argc];
#else
  (void)argc;
  return 0;
#endif
}
Determining if the socketpair exist passed with the following output:
Change Dir: /home/wtc/realsense_src/build/libcurl/src/libcurl-build/CMakeFiles/CMakeTmp

Run Build Command(s):/usr/bin/gmake -f Makefile cmTC_8c2db/fast && gmake[3]: 进入目录“/home/wtc/realsense_src/build/libcurl/src/libcurl-build/CMakeFiles/CMakeTmp”
/usr/bin/gmake  -f CMakeFiles/cmTC_8c2db.dir/build.make CMakeFiles/cmTC_8c2db.dir/build
gmake[4]: 进入目录“/home/wtc/realsense_src/build/libcurl/src/libcurl-build/CMakeFiles/CMakeTmp”
Building C object CMakeFiles/cmTC_8c2db.dir/CheckSymbolExists.c.o
/usr/bin/cc   -pedantic -D_DEFAULT_SOURCE   -ffp-contract=off   -mssse3 -pthread  -W -Wall -pedantic -Wbad-function-cast -Wconversion -Winline -Wmissing-declarations -Wmissing-prototypes -Wnested-externs -Wno-long-long -Wno-multichar -Wpointer-arith -Wshadow -Wsign-compare -Wundef -Wunused -Wwrite-strings -Waddress -Wattributes -Wcast-align -Wdeclaration-after-statement -Wdiv-by-zero -Wempty-body -Wendif-labels -Wfloat-equal -Wformat-security -Wignored-qualifiers -Wmissing-field-initializers -Wmissing-noreturn -Wno-format-nonliteral -Wno-system-headers -Wold-style-definition -Wredundant-decls -Wsign-conversion -Wno-error=sign-conversion -Wstrict-prototypes -Wtype-limits -Wunreachable-code -Wunused-parameter -Wvla -Wclobbered -Wmissing-parameter-type -Wold-style-declaration -Wstrict-aliasing=3 -Wtrampolines -Wformat=2 -Warray-bounds=2 -ftree-vrp -Wduplicated-cond -Wnull-dereference -fdelete-null-pointer-checks -Wshift-negative-value -Wshift-overflow=2 -Walloc-zero -Wduplicated-branches -Wformat-overflow=2 -Wformat-truncation=2 -Wimplicit-fallthrough -Wrestrict -Warith-conversion -Wdouble-promotion -Wenum-conversion -Wpragmas -Wunused-const-variable  -o CMakeFiles/cmTC_8c2db.dir/CheckSymbolExists.c.o -c /home/wtc/realsense_src/build/libcurl/src/libcurl-build/CMakeFiles/CMakeTmp/CheckSymbolExists.c
/home/wtc/realsense_src/build/libcurl/src/libcurl-build/CMakeFiles/CMakeTmp/CheckSymbolExists.c: In function ‘main’:
/home/wtc/realsense_src/build/libcurl/src/libcurl-build/CMakeFiles/CMakeTmp/CheckSymbolExists.c:39:11: warning: ISO C forbids conversion of function pointer to object pointer type [-Wpedantic]
   39 |   return ((int*)(&socketpair))[argc];
      |           ^
Linking C executable cmTC_8c2db
/usr/bin/cmake -E cmake_link_script CMakeFiles/cmTC_8c2db.dir/link.txt --verbose=1
/usr/bin/cc    -pedantic -D_DEFAULT_SOURCE   -ffp-contract=off   -mssse3 -pthread  -W -Wall -pedantic -Wbad-function-cast -Wconversion -Winline -Wmissing-declarations -Wmissing-prototypes -Wnested-externs -Wno-long-long -Wno-multichar -Wpointer-arith -Wshadow -Wsign-compare -Wundef -Wunused -Wwrite-strings -Waddress -Wattributes -Wcast-align -Wdeclaration-after-statement -Wdiv-by-zero -Wempty-body -Wendif-labels -Wfloat-equal -Wformat-security -Wignored-qualifiers -Wmissing-field-initializers -Wmissing-noreturn -Wno-format-nonliteral -Wno-system-headers -Wold-style-definition -Wredundant-decls -Wsign-conversion -Wno-error=sign-conversion -Wstrict-prototypes -Wtype-limits -Wunreachable-code -Wunused-parameter -Wvla -Wclobbered -Wmissing-parameter-type -Wold-style-declaration -Wstrict-aliasing=3 -Wtrampolines -Wformat=2 -Warray-bounds=2 -ftree-vrp -Wduplicated-cond -Wnull-dereference -fdelete-null-pointer-checks -Wshift-negative-value -Wshift-overflow=2 -Walloc-zero -Wduplicated-branches -Wformat-overflow=2 -Wformat-truncation=2 -Wimplicit-fallthrough -Wrestrict -Warith-conversion -Wdouble-promotion -Wenum-conversion -Wpragmas -Wunused-const-variable  CMakeFiles/cmTC_8c2db.dir/CheckSymbolExists.c.o -o cmTC_8c2db 
gmake[4]: 离开目录“/home/wtc/realsense_src/build/libcurl/src/libcurl-build/CMakeFiles/CMakeTmp”
gmake[3]: 离开目录“/home/wtc/realsense_src/build/libcurl/src/libcurl-build/CMakeFiles/CMakeTmp”


File /home/wtc/realsense_src/build/libcurl/src/libcurl-build/CMakeFiles/CMakeTmp/CheckSymbolExists.c:
/* */
#include <sys/wait.h>
#include <sys/ioctl.h>
#include <sys/param.h>
#include <sys/poll.h>
#include <sys/resource.h>
#include <sys/select.h>
#include <sys/socket.h>
#include <sys/stat.h>
#include <sys/time.h>
#include <sys/types.h>
#include <sys/un.h>
#include <sys/xattr.h>
#include <arpa/inet.h>
#include <dirent.h>
#include <fcntl.h>
#include <ifaddrs.h>
#include <libgen.h>
#include <locale.h>
#include <net/if.h>
#include <netdb.h>
#include <netinet/in.h>
#include <netinet/tcp.h>
#include <netinet/udp.h>
#include <poll.h>
#include <pwd.h>
#include <stdatomic.h>
#include <stdbool.h>
#include <strings.h>
#include <termio.h>
#include <termios.h>
#include <unistd.h>
#include <utime.h>

int main(int argc, char** argv)
{
  (void)argv;
#ifndef socketpair
  return ((int*)(&socketpair))[argc];
#else
  (void)argc;
  return 0;
#endif
}
Determining if the recv exist passed with the following output:
Change Dir: /home/wtc/realsense_src/build/libcurl/src/libcurl-build/CMakeFiles/CMakeTmp

Run Build Command(s):/usr/bin/gmake -f Makefile cmTC_8423e/fast && gmake[3]: 进入目录“/home/wtc/realsense_src/build/libcurl/src/libcurl-build/CMakeFiles/CMakeTmp”
/usr/bin/gmake  -f CMakeFiles/cmTC_8423e.dir/build.make CMakeFiles/cmTC_8423e.dir/build
gmake[4]: 进入目录“/home/wtc/realsense_src/build/libcurl/src/libcurl-build/CMakeFiles/CMakeTmp”
Building C object CMakeFiles/cmTC_8423e.dir/CheckSymbolExists.c.o
/usr/bin/cc   -pedantic -D_DEFAULT_SOURCE   -ffp-contract=off   -mssse3 -pthread  -W -Wall -pedantic -Wbad-function-cast -Wconversion -Winline -Wmissing-declarations -Wmissing-prototypes -Wnested-externs -Wno-long-long -Wno-multichar -Wpointer-arith -Wshadow -Wsign-compare -Wundef -Wunused -Wwrite-strings -Waddress -Wattributes -Wcast-align -Wdeclaration-after-statement -Wdiv-by-zero -Wempty-body -Wendif-labels -Wfloat-equal -Wformat-security -Wignored-qualifiers -Wmissing-field-initializers -Wmissing-noreturn -Wno-format-nonliteral -Wno-system-headers -Wold-style-definition -Wredundant-decls -Wsign-conversion -Wno-error=sign-conversion -Wstrict-prototypes -Wtype-limits -Wunreachable-code -Wunused-parameter -Wvla -Wclobbered -Wmissing-parameter-type -Wold-style-declaration -Wstrict-aliasing=3 -Wtrampolines -Wformat=2 -Warray-bounds=2 -ftree-vrp -Wduplicated-cond -Wnull-dereference -fdelete-null-pointer-checks -Wshift-negative-value -Wshift-overflow=2 -Walloc-zero -Wduplicated-branches -Wformat-overflow=2 -Wformat-truncation=2 -Wimplicit-fallthrough -Wrestrict -Warith-conversion -Wdouble-promotion -Wenum-conversion -Wpragmas -Wunused-const-variable  -o CMakeFiles/cmTC_8423e.dir/CheckSymbolExists.c.o -c /home/wtc/realsense_src/build/libcurl/src/libcurl-build/CMakeFiles/CMakeTmp/CheckSymbolExists.c
/home/wtc/realsense_src/build/libcurl/src/libcurl-build/CMakeFiles/CMakeTmp/CheckSymbolExists.c: In function ‘main’:
/home/wtc/realsense_src/build/libcurl/src/libcurl-build/CMakeFiles/CMakeTmp/CheckSymbolExists.c:39:11: warning: ISO C forbids conversion of function pointer to object pointer type [-Wpedantic]
   39 |   return ((int*)(&recv))[argc];
      |           ^
Linking C executable cmTC_8423e
/usr/bin/cmake -E cmake_link_script CMakeFiles/cmTC_8423e.dir/link.txt --verbose=1
/usr/bin/cc    -pedantic -D_DEFAULT_SOURCE   -ffp-contract=off   -mssse3 -pthread  -W -Wall -pedantic -Wbad-function-cast -Wconversion -Winline -Wmissing-declarations -Wmissing-prototypes -Wnested-externs -Wno-long-long -Wno-multichar -Wpointer-arith -Wshadow -Wsign-compare -Wundef -Wunused -Wwrite-strings -Waddress -Wattributes -Wcast-align -Wdeclaration-after-statement -Wdiv-by-zero -Wempty-body -Wendif-labels -Wfloat-equal -Wformat-security -Wignored-qualifiers -Wmissing-field-initializers -Wmissing-noreturn -Wno-format-nonliteral -Wno-system-headers -Wold-style-definition -Wredundant-decls -Wsign-conversion -Wno-error=sign-conversion -Wstrict-prototypes -Wtype-limits -Wunreachable-code -Wunused-parameter -Wvla -Wclobbered -Wmissing-parameter-type -Wold-style-declaration -Wstrict-aliasing=3 -Wtrampolines -Wformat=2 -Warray-bounds=2 -ftree-vrp -Wduplicated-cond -Wnull-dereference -fdelete-null-pointer-checks -Wshift-negative-value -Wshift-overflow=2 -Walloc-zero -Wduplicated-branches -Wformat-overflow=2 -Wformat-truncation=2 -Wimplicit-fallthrough -Wrestrict -Warith-conversion -Wdouble-promotion -Wenum-conversion -Wpragmas -Wunused-const-variable  CMakeFiles/cmTC_8423e.dir/CheckSymbolExists.c.o -o cmTC_8423e 
gmake[4]: 离开目录“/home/wtc/realsense_src/build/libcurl/src/libcurl-build/CMakeFiles/CMakeTmp”
gmake[3]: 离开目录“/home/wtc/realsense_src/build/libcurl/src/libcurl-build/CMakeFiles/CMakeTmp”


File /home/wtc/realsense_src/build/libcurl/src/libcurl-build/CMakeFiles/CMakeTmp/CheckSymbolExists.c:
/* */
#include <sys/wait.h>
#include <sys/ioctl.h>
#include <sys/param.h>
#include <sys/poll.h>
#include <sys/resource.h>
#include <sys/select.h>
#include <sys/socket.h>
#include <sys/stat.h>
#include <sys/time.h>
#include <sys/types.h>
#include <sys/un.h>
#include <sys/xattr.h>
#include <arpa/inet.h>
#include <dirent.h>
#include <fcntl.h>
#include <ifaddrs.h>
#include <libgen.h>
#include <locale.h>
#include <net/if.h>
#include <netdb.h>
#include <netinet/in.h>
#include <netinet/tcp.h>
#include <netinet/udp.h>
#include <poll.h>
#include <pwd.h>
#include <stdatomic.h>
#include <stdbool.h>
#include <strings.h>
#include <termio.h>
#include <termios.h>
#include <unistd.h>
#include <utime.h>

int main(int argc, char** argv)
{
  (void)argv;
#ifndef recv
  return ((int*)(&recv))[argc];
#else
  (void)argc;
  return 0;
#endif
}
Determining if the send exist passed with the following output:
Change Dir: /home/wtc/realsense_src/build/libcurl/src/libcurl-build/CMakeFiles/CMakeTmp

Run Build Command(s):/usr/bin/gmake -f Makefile cmTC_e5183/fast && gmake[3]: 进入目录“/home/wtc/realsense_src/build/libcurl/src/libcurl-build/CMakeFiles/CMakeTmp”
/usr/bin/gmake  -f CMakeFiles/cmTC_e5183.dir/build.make CMakeFiles/cmTC_e5183.dir/build
gmake[4]: 进入目录“/home/wtc/realsense_src/build/libcurl/src/libcurl-build/CMakeFiles/CMakeTmp”
Building C object CMakeFiles/cmTC_e5183.dir/CheckSymbolExists.c.o
/usr/bin/cc   -pedantic -D_DEFAULT_SOURCE   -ffp-contract=off   -mssse3 -pthread  -W -Wall -pedantic -Wbad-function-cast -Wconversion -Winline -Wmissing-declarations -Wmissing-prototypes -Wnested-externs -Wno-long-long -Wno-multichar -Wpointer-arith -Wshadow -Wsign-compare -Wundef -Wunused -Wwrite-strings -Waddress -Wattributes -Wcast-align -Wdeclaration-after-statement -Wdiv-by-zero -Wempty-body -Wendif-labels -Wfloat-equal -Wformat-security -Wignored-qualifiers -Wmissing-field-initializers -Wmissing-noreturn -Wno-format-nonliteral -Wno-system-headers -Wold-style-definition -Wredundant-decls -Wsign-conversion -Wno-error=sign-conversion -Wstrict-prototypes -Wtype-limits -Wunreachable-code -Wunused-parameter -Wvla -Wclobbered -Wmissing-parameter-type -Wold-style-declaration -Wstrict-aliasing=3 -Wtrampolines -Wformat=2 -Warray-bounds=2 -ftree-vrp -Wduplicated-cond -Wnull-dereference -fdelete-null-pointer-checks -Wshift-negative-value -Wshift-overflow=2 -Walloc-zero -Wduplicated-branches -Wformat-overflow=2 -Wformat-truncation=2 -Wimplicit-fallthrough -Wrestrict -Warith-conversion -Wdouble-promotion -Wenum-conversion -Wpragmas -Wunused-const-variable  -o CMakeFiles/cmTC_e5183.dir/CheckSymbolExists.c.o -c /home/wtc/realsense_src/build/libcurl/src/libcurl-build/CMakeFiles/CMakeTmp/CheckSymbolExists.c
/home/wtc/realsense_src/build/libcurl/src/libcurl-build/CMakeFiles/CMakeTmp/CheckSymbolExists.c: In function ‘main’:
/home/wtc/realsense_src/build/libcurl/src/libcurl-build/CMakeFiles/CMakeTmp/CheckSymbolExists.c:39:11: warning: ISO C forbids conversion of function pointer to object pointer type [-Wpedantic]
   39 |   return ((int*)(&send))[argc];
      |           ^
Linking C executable cmTC_e5183
/usr/bin/cmake -E cmake_link_script CMakeFiles/cmTC_e5183.dir/link.txt --verbose=1
/usr/bin/cc    -pedantic -D_DEFAULT_SOURCE   -ffp-contract=off   -mssse3 -pthread  -W -Wall -pedantic -Wbad-function-cast -Wconversion -Winline -Wmissing-declarations -Wmissing-prototypes -Wnested-externs -Wno-long-long -Wno-multichar -Wpointer-arith -Wshadow -Wsign-compare -Wundef -Wunused -Wwrite-strings -Waddress -Wattributes -Wcast-align -Wdeclaration-after-statement -Wdiv-by-zero -Wempty-body -Wendif-labels -Wfloat-equal -Wformat-security -Wignored-qualifiers -Wmissing-field-initializers -Wmissing-noreturn -Wno-format-nonliteral -Wno-system-headers -Wold-style-definition -Wredundant-decls -Wsign-conversion -Wno-error=sign-conversion -Wstrict-prototypes -Wtype-limits -Wunreachable-code -Wunused-parameter -Wvla -Wclobbered -Wmissing-parameter-type -Wold-style-declaration -Wstrict-aliasing=3 -Wtrampolines -Wformat=2 -Warray-bounds=2 -ftree-vrp -Wduplicated-cond -Wnull-dereference -fdelete-null-pointer-checks -Wshift-negative-value -Wshift-overflow=2 -Walloc-zero -Wduplicated-branches -Wformat-overflow=2 -Wformat-truncation=2 -Wimplicit-fallthrough -Wrestrict -Warith-conversion -Wdouble-promotion -Wenum-conversion -Wpragmas -Wunused-const-variable  CMakeFiles/cmTC_e5183.dir/CheckSymbolExists.c.o -o cmTC_e5183 
gmake[4]: 离开目录“/home/wtc/realsense_src/build/libcurl/src/libcurl-build/CMakeFiles/CMakeTmp”
gmake[3]: 离开目录“/home/wtc/realsense_src/build/libcurl/src/libcurl-build/CMakeFiles/CMakeTmp”


File /home/wtc/realsense_src/build/libcurl/src/libcurl-build/CMakeFiles/CMakeTmp/CheckSymbolExists.c:
/* */
#include <sys/wait.h>
#include <sys/ioctl.h>
#include <sys/param.h>
#include <sys/poll.h>
#include <sys/resource.h>
#include <sys/select.h>
#include <sys/socket.h>
#include <sys/stat.h>
#include <sys/time.h>
#include <sys/types.h>
#include <sys/un.h>
#include <sys/xattr.h>
#include <arpa/inet.h>
#include <dirent.h>
#include <fcntl.h>
#include <ifaddrs.h>
#include <libgen.h>
#include <locale.h>
#include <net/if.h>
#include <netdb.h>
#include <netinet/in.h>
#include <netinet/tcp.h>
#include <netinet/udp.h>
#include <poll.h>
#include <pwd.h>
#include <stdatomic.h>
#include <stdbool.h>
#include <strings.h>
#include <termio.h>
#include <termios.h>
#include <unistd.h>
#include <utime.h>

int main(int argc, char** argv)
{
  (void)argv;
#ifndef send
  return ((int*)(&send))[argc];
#else
  (void)argc;
  return 0;
#endif
}
Determining if the sendmsg exist passed with the following output:
Change Dir: /home/wtc/realsense_src/build/libcurl/src/libcurl-build/CMakeFiles/CMakeTmp

Run Build Command(s):/usr/bin/gmake -f Makefile cmTC_92654/fast && gmake[3]: 进入目录“/home/wtc/realsense_src/build/libcurl/src/libcurl-build/CMakeFiles/CMakeTmp”
/usr/bin/gmake  -f CMakeFiles/cmTC_92654.dir/build.make CMakeFiles/cmTC_92654.dir/build
gmake[4]: 进入目录“/home/wtc/realsense_src/build/libcurl/src/libcurl-build/CMakeFiles/CMakeTmp”
Building C object CMakeFiles/cmTC_92654.dir/CheckSymbolExists.c.o
/usr/bin/cc   -pedantic -D_DEFAULT_SOURCE   -ffp-contract=off   -mssse3 -pthread  -W -Wall -pedantic -Wbad-function-cast -Wconversion -Winline -Wmissing-declarations -Wmissing-prototypes -Wnested-externs -Wno-long-long -Wno-multichar -Wpointer-arith -Wshadow -Wsign-compare -Wundef -Wunused -Wwrite-strings -Waddress -Wattributes -Wcast-align -Wdeclaration-after-statement -Wdiv-by-zero -Wempty-body -Wendif-labels -Wfloat-equal -Wformat-security -Wignored-qualifiers -Wmissing-field-initializers -Wmissing-noreturn -Wno-format-nonliteral -Wno-system-headers -Wold-style-definition -Wredundant-decls -Wsign-conversion -Wno-error=sign-conversion -Wstrict-prototypes -Wtype-limits -Wunreachable-code -Wunused-parameter -Wvla -Wclobbered -Wmissing-parameter-type -Wold-style-declaration -Wstrict-aliasing=3 -Wtrampolines -Wformat=2 -Warray-bounds=2 -ftree-vrp -Wduplicated-cond -Wnull-dereference -fdelete-null-pointer-checks -Wshift-negative-value -Wshift-overflow=2 -Walloc-zero -Wduplicated-branches -Wformat-overflow=2 -Wformat-truncation=2 -Wimplicit-fallthrough -Wrestrict -Warith-conversion -Wdouble-promotion -Wenum-conversion -Wpragmas -Wunused-const-variable  -o CMakeFiles/cmTC_92654.dir/CheckSymbolExists.c.o -c /home/wtc/realsense_src/build/libcurl/src/libcurl-build/CMakeFiles/CMakeTmp/CheckSymbolExists.c
/home/wtc/realsense_src/build/libcurl/src/libcurl-build/CMakeFiles/CMakeTmp/CheckSymbolExists.c: In function ‘main’:
/home/wtc/realsense_src/build/libcurl/src/libcurl-build/CMakeFiles/CMakeTmp/CheckSymbolExists.c:39:11: warning: ISO C forbids conversion of function pointer to object pointer type [-Wpedantic]
   39 |   return ((int*)(&sendmsg))[argc];
      |           ^
Linking C executable cmTC_92654
/usr/bin/cmake -E cmake_link_script CMakeFiles/cmTC_92654.dir/link.txt --verbose=1
/usr/bin/cc    -pedantic -D_DEFAULT_SOURCE   -ffp-contract=off   -mssse3 -pthread  -W -Wall -pedantic -Wbad-function-cast -Wconversion -Winline -Wmissing-declarations -Wmissing-prototypes -Wnested-externs -Wno-long-long -Wno-multichar -Wpointer-arith -Wshadow -Wsign-compare -Wundef -Wunused -Wwrite-strings -Waddress -Wattributes -Wcast-align -Wdeclaration-after-statement -Wdiv-by-zero -Wempty-body -Wendif-labels -Wfloat-equal -Wformat-security -Wignored-qualifiers -Wmissing-field-initializers -Wmissing-noreturn -Wno-format-nonliteral -Wno-system-headers -Wold-style-definition -Wredundant-decls -Wsign-conversion -Wno-error=sign-conversion -Wstrict-prototypes -Wtype-limits -Wunreachable-code -Wunused-parameter -Wvla -Wclobbered -Wmissing-parameter-type -Wold-style-declaration -Wstrict-aliasing=3 -Wtrampolines -Wformat=2 -Warray-bounds=2 -ftree-vrp -Wduplicated-cond -Wnull-dereference -fdelete-null-pointer-checks -Wshift-negative-value -Wshift-overflow=2 -Walloc-zero -Wduplicated-branches -Wformat-overflow=2 -Wformat-truncation=2 -Wimplicit-fallthrough -Wrestrict -Warith-conversion -Wdouble-promotion -Wenum-conversion -Wpragmas -Wunused-const-variable  CMakeFiles/cmTC_92654.dir/CheckSymbolExists.c.o -o cmTC_92654 
gmake[4]: 离开目录“/home/wtc/realsense_src/build/libcurl/src/libcurl-build/CMakeFiles/CMakeTmp”
gmake[3]: 离开目录“/home/wtc/realsense_src/build/libcurl/src/libcurl-build/CMakeFiles/CMakeTmp”


File /home/wtc/realsense_src/build/libcurl/src/libcurl-build/CMakeFiles/CMakeTmp/CheckSymbolExists.c:
/* */
#include <sys/wait.h>
#include <sys/ioctl.h>
#include <sys/param.h>
#include <sys/poll.h>
#include <sys/resource.h>
#include <sys/select.h>
#include <sys/socket.h>
#include <sys/stat.h>
#include <sys/time.h>
#include <sys/types.h>
#include <sys/un.h>
#include <sys/xattr.h>
#include <arpa/inet.h>
#include <dirent.h>
#include <fcntl.h>
#include <ifaddrs.h>
#include <libgen.h>
#include <locale.h>
#include <net/if.h>
#include <netdb.h>
#include <netinet/in.h>
#include <netinet/tcp.h>
#include <netinet/udp.h>
#include <poll.h>
#include <pwd.h>
#include <stdatomic.h>
#include <stdbool.h>
#include <strings.h>
#include <termio.h>
#include <termios.h>
#include <unistd.h>
#include <utime.h>

int main(int argc, char** argv)
{
  (void)argv;
#ifndef sendmsg
  return ((int*)(&sendmsg))[argc];
#else
  (void)argc;
  return 0;
#endif
}
Determining if the select exist passed with the following output:
Change Dir: /home/wtc/realsense_src/build/libcurl/src/libcurl-build/CMakeFiles/CMakeTmp

Run Build Command(s):/usr/bin/gmake -f Makefile cmTC_a2022/fast && gmake[3]: 进入目录“/home/wtc/realsense_src/build/libcurl/src/libcurl-build/CMakeFiles/CMakeTmp”
/usr/bin/gmake  -f CMakeFiles/cmTC_a2022.dir/build.make CMakeFiles/cmTC_a2022.dir/build
gmake[4]: 进入目录“/home/wtc/realsense_src/build/libcurl/src/libcurl-build/CMakeFiles/CMakeTmp”
Building C object CMakeFiles/cmTC_a2022.dir/CheckSymbolExists.c.o
/usr/bin/cc   -pedantic -D_DEFAULT_SOURCE   -ffp-contract=off   -mssse3 -pthread  -W -Wall -pedantic -Wbad-function-cast -Wconversion -Winline -Wmissing-declarations -Wmissing-prototypes -Wnested-externs -Wno-long-long -Wno-multichar -Wpointer-arith -Wshadow -Wsign-compare -Wundef -Wunused -Wwrite-strings -Waddress -Wattributes -Wcast-align -Wdeclaration-after-statement -Wdiv-by-zero -Wempty-body -Wendif-labels -Wfloat-equal -Wformat-security -Wignored-qualifiers -Wmissing-field-initializers -Wmissing-noreturn -Wno-format-nonliteral -Wno-system-headers -Wold-style-definition -Wredundant-decls -Wsign-conversion -Wno-error=sign-conversion -Wstrict-prototypes -Wtype-limits -Wunreachable-code -Wunused-parameter -Wvla -Wclobbered -Wmissing-parameter-type -Wold-style-declaration -Wstrict-aliasing=3 -Wtrampolines -Wformat=2 -Warray-bounds=2 -ftree-vrp -Wduplicated-cond -Wnull-dereference -fdelete-null-pointer-checks -Wshift-negative-value -Wshift-overflow=2 -Walloc-zero -Wduplicated-branches -Wformat-overflow=2 -Wformat-truncation=2 -Wimplicit-fallthrough -Wrestrict -Warith-conversion -Wdouble-promotion -Wenum-conversion -Wpragmas -Wunused-const-variable  -o CMakeFiles/cmTC_a2022.dir/CheckSymbolExists.c.o -c /home/wtc/realsense_src/build/libcurl/src/libcurl-build/CMakeFiles/CMakeTmp/CheckSymbolExists.c
/home/wtc/realsense_src/build/libcurl/src/libcurl-build/CMakeFiles/CMakeTmp/CheckSymbolExists.c: In function ‘main’:
/home/wtc/realsense_src/build/libcurl/src/libcurl-build/CMakeFiles/CMakeTmp/CheckSymbolExists.c:39:11: warning: ISO C forbids conversion of function pointer to object pointer type [-Wpedantic]
   39 |   return ((int*)(&select))[argc];
      |           ^
Linking C executable cmTC_a2022
/usr/bin/cmake -E cmake_link_script CMakeFiles/cmTC_a2022.dir/link.txt --verbose=1
/usr/bin/cc    -pedantic -D_DEFAULT_SOURCE   -ffp-contract=off   -mssse3 -pthread  -W -Wall -pedantic -Wbad-function-cast -Wconversion -Winline -Wmissing-declarations -Wmissing-prototypes -Wnested-externs -Wno-long-long -Wno-multichar -Wpointer-arith -Wshadow -Wsign-compare -Wundef -Wunused -Wwrite-strings -Waddress -Wattributes -Wcast-align -Wdeclaration-after-statement -Wdiv-by-zero -Wempty-body -Wendif-labels -Wfloat-equal -Wformat-security -Wignored-qualifiers -Wmissing-field-initializers -Wmissing-noreturn -Wno-format-nonliteral -Wno-system-headers -Wold-style-definition -Wredundant-decls -Wsign-conversion -Wno-error=sign-conversion -Wstrict-prototypes -Wtype-limits -Wunreachable-code -Wunused-parameter -Wvla -Wclobbered -Wmissing-parameter-type -Wold-style-declaration -Wstrict-aliasing=3 -Wtrampolines -Wformat=2 -Warray-bounds=2 -ftree-vrp -Wduplicated-cond -Wnull-dereference -fdelete-null-pointer-checks -Wshift-negative-value -Wshift-overflow=2 -Walloc-zero -Wduplicated-branches -Wformat-overflow=2 -Wformat-truncation=2 -Wimplicit-fallthrough -Wrestrict -Warith-conversion -Wdouble-promotion -Wenum-conversion -Wpragmas -Wunused-const-variable  CMakeFiles/cmTC_a2022.dir/CheckSymbolExists.c.o -o cmTC_a2022 
gmake[4]: 离开目录“/home/wtc/realsense_src/build/libcurl/src/libcurl-build/CMakeFiles/CMakeTmp”
gmake[3]: 离开目录“/home/wtc/realsense_src/build/libcurl/src/libcurl-build/CMakeFiles/CMakeTmp”


File /home/wtc/realsense_src/build/libcurl/src/libcurl-build/CMakeFiles/CMakeTmp/CheckSymbolExists.c:
/* */
#include <sys/wait.h>
#include <sys/ioctl.h>
#include <sys/param.h>
#include <sys/poll.h>
#include <sys/resource.h>
#include <sys/select.h>
#include <sys/socket.h>
#include <sys/stat.h>
#include <sys/time.h>
#include <sys/types.h>
#include <sys/un.h>
#include <sys/xattr.h>
#include <arpa/inet.h>
#include <dirent.h>
#include <fcntl.h>
#include <ifaddrs.h>
#include <libgen.h>
#include <locale.h>
#include <net/if.h>
#include <netdb.h>
#include <netinet/in.h>
#include <netinet/tcp.h>
#include <netinet/udp.h>
#include <poll.h>
#include <pwd.h>
#include <stdatomic.h>
#include <stdbool.h>
#include <strings.h>
#include <termio.h>
#include <termios.h>
#include <unistd.h>
#include <utime.h>

int main(int argc, char** argv)
{
  (void)argv;
#ifndef select
  return ((int*)(&select))[argc];
#else
  (void)argc;
  return 0;
#endif
}
Determining if the strdup exist passed with the following output:
Change Dir: /home/wtc/realsense_src/build/libcurl/src/libcurl-build/CMakeFiles/CMakeTmp

Run Build Command(s):/usr/bin/gmake -f Makefile cmTC_bd159/fast && gmake[3]: 进入目录“/home/wtc/realsense_src/build/libcurl/src/libcurl-build/CMakeFiles/CMakeTmp”
/usr/bin/gmake  -f CMakeFiles/cmTC_bd159.dir/build.make CMakeFiles/cmTC_bd159.dir/build
gmake[4]: 进入目录“/home/wtc/realsense_src/build/libcurl/src/libcurl-build/CMakeFiles/CMakeTmp”
Building C object CMakeFiles/cmTC_bd159.dir/CheckSymbolExists.c.o
/usr/bin/cc   -pedantic -D_DEFAULT_SOURCE   -ffp-contract=off   -mssse3 -pthread  -W -Wall -pedantic -Wbad-function-cast -Wconversion -Winline -Wmissing-declarations -Wmissing-prototypes -Wnested-externs -Wno-long-long -Wno-multichar -Wpointer-arith -Wshadow -Wsign-compare -Wundef -Wunused -Wwrite-strings -Waddress -Wattributes -Wcast-align -Wdeclaration-after-statement -Wdiv-by-zero -Wempty-body -Wendif-labels -Wfloat-equal -Wformat-security -Wignored-qualifiers -Wmissing-field-initializers -Wmissing-noreturn -Wno-format-nonliteral -Wno-system-headers -Wold-style-definition -Wredundant-decls -Wsign-conversion -Wno-error=sign-conversion -Wstrict-prototypes -Wtype-limits -Wunreachable-code -Wunused-parameter -Wvla -Wclobbered -Wmissing-parameter-type -Wold-style-declaration -Wstrict-aliasing=3 -Wtrampolines -Wformat=2 -Warray-bounds=2 -ftree-vrp -Wduplicated-cond -Wnull-dereference -fdelete-null-pointer-checks -Wshift-negative-value -Wshift-overflow=2 -Walloc-zero -Wduplicated-branches -Wformat-overflow=2 -Wformat-truncation=2 -Wimplicit-fallthrough -Wrestrict -Warith-conversion -Wdouble-promotion -Wenum-conversion -Wpragmas -Wunused-const-variable  -o CMakeFiles/cmTC_bd159.dir/CheckSymbolExists.c.o -c /home/wtc/realsense_src/build/libcurl/src/libcurl-build/CMakeFiles/CMakeTmp/CheckSymbolExists.c
/home/wtc/realsense_src/build/libcurl/src/libcurl-build/CMakeFiles/CMakeTmp/CheckSymbolExists.c: In function ‘main’:
/home/wtc/realsense_src/build/libcurl/src/libcurl-build/CMakeFiles/CMakeTmp/CheckSymbolExists.c:40:11: warning: ISO C forbids conversion of function pointer to object pointer type [-Wpedantic]
   40 |   return ((int*)(&strdup))[argc];
      |           ^
Linking C executable cmTC_bd159
/usr/bin/cmake -E cmake_link_script CMakeFiles/cmTC_bd159.dir/link.txt --verbose=1
/usr/bin/cc    -pedantic -D_DEFAULT_SOURCE   -ffp-contract=off   -mssse3 -pthread  -W -Wall -pedantic -Wbad-function-cast -Wconversion -Winline -Wmissing-declarations -Wmissing-prototypes -Wnested-externs -Wno-long-long -Wno-multichar -Wpointer-arith -Wshadow -Wsign-compare -Wundef -Wunused -Wwrite-strings -Waddress -Wattributes -Wcast-align -Wdeclaration-after-statement -Wdiv-by-zero -Wempty-body -Wendif-labels -Wfloat-equal -Wformat-security -Wignored-qualifiers -Wmissing-field-initializers -Wmissing-noreturn -Wno-format-nonliteral -Wno-system-headers -Wold-style-definition -Wredundant-decls -Wsign-conversion -Wno-error=sign-conversion -Wstrict-prototypes -Wtype-limits -Wunreachable-code -Wunused-parameter -Wvla -Wclobbered -Wmissing-parameter-type -Wold-style-declaration -Wstrict-aliasing=3 -Wtrampolines -Wformat=2 -Warray-bounds=2 -ftree-vrp -Wduplicated-cond -Wnull-dereference -fdelete-null-pointer-checks -Wshift-negative-value -Wshift-overflow=2 -Walloc-zero -Wduplicated-branches -Wformat-overflow=2 -Wformat-truncation=2 -Wimplicit-fallthrough -Wrestrict -Warith-conversion -Wdouble-promotion -Wenum-conversion -Wpragmas -Wunused-const-variable  CMakeFiles/cmTC_bd159.dir/CheckSymbolExists.c.o -o cmTC_bd159 
gmake[4]: 离开目录“/home/wtc/realsense_src/build/libcurl/src/libcurl-build/CMakeFiles/CMakeTmp”
gmake[3]: 离开目录“/home/wtc/realsense_src/build/libcurl/src/libcurl-build/CMakeFiles/CMakeTmp”


File /home/wtc/realsense_src/build/libcurl/src/libcurl-build/CMakeFiles/CMakeTmp/CheckSymbolExists.c:
/* */
#include <sys/wait.h>
#include <sys/ioctl.h>
#include <sys/param.h>
#include <sys/poll.h>
#include <sys/resource.h>
#include <sys/select.h>
#include <sys/socket.h>
#include <sys/stat.h>
#include <sys/time.h>
#include <sys/types.h>
#include <sys/un.h>
#include <sys/xattr.h>
#include <arpa/inet.h>
#include <dirent.h>
#include <fcntl.h>
#include <ifaddrs.h>
#include <libgen.h>
#include <locale.h>
#include <net/if.h>
#include <netdb.h>
#include <netinet/in.h>
#include <netinet/tcp.h>
#include <netinet/udp.h>
#include <poll.h>
#include <pwd.h>
#include <stdatomic.h>
#include <stdbool.h>
#include <strings.h>
#include <termio.h>
#include <termios.h>
#include <unistd.h>
#include <utime.h>
#include <string.h>

int main(int argc, char** argv)
{
  (void)argv;
#ifndef strdup
  return ((int*)(&strdup))[argc];
#else
  (void)argc;
  return 0;
#endif
}
Determining if the strtok_r exist passed with the following output:
Change Dir: /home/wtc/realsense_src/build/libcurl/src/libcurl-build/CMakeFiles/CMakeTmp

Run Build Command(s):/usr/bin/gmake -f Makefile cmTC_4866d/fast && gmake[3]: 进入目录“/home/wtc/realsense_src/build/libcurl/src/libcurl-build/CMakeFiles/CMakeTmp”
/usr/bin/gmake  -f CMakeFiles/cmTC_4866d.dir/build.make CMakeFiles/cmTC_4866d.dir/build
gmake[4]: 进入目录“/home/wtc/realsense_src/build/libcurl/src/libcurl-build/CMakeFiles/CMakeTmp”
Building C object CMakeFiles/cmTC_4866d.dir/CheckSymbolExists.c.o
/usr/bin/cc   -pedantic -D_DEFAULT_SOURCE   -ffp-contract=off   -mssse3 -pthread  -W -Wall -pedantic -Wbad-function-cast -Wconversion -Winline -Wmissing-declarations -Wmissing-prototypes -Wnested-externs -Wno-long-long -Wno-multichar -Wpointer-arith -Wshadow -Wsign-compare -Wundef -Wunused -Wwrite-strings -Waddress -Wattributes -Wcast-align -Wdeclaration-after-statement -Wdiv-by-zero -Wempty-body -Wendif-labels -Wfloat-equal -Wformat-security -Wignored-qualifiers -Wmissing-field-initializers -Wmissing-noreturn -Wno-format-nonliteral -Wno-system-headers -Wold-style-definition -Wredundant-decls -Wsign-conversion -Wno-error=sign-conversion -Wstrict-prototypes -Wtype-limits -Wunreachable-code -Wunused-parameter -Wvla -Wclobbered -Wmissing-parameter-type -Wold-style-declaration -Wstrict-aliasing=3 -Wtrampolines -Wformat=2 -Warray-bounds=2 -ftree-vrp -Wduplicated-cond -Wnull-dereference -fdelete-null-pointer-checks -Wshift-negative-value -Wshift-overflow=2 -Walloc-zero -Wduplicated-branches -Wformat-overflow=2 -Wformat-truncation=2 -Wimplicit-fallthrough -Wrestrict -Warith-conversion -Wdouble-promotion -Wenum-conversion -Wpragmas -Wunused-const-variable  -o CMakeFiles/cmTC_4866d.dir/CheckSymbolExists.c.o -c /home/wtc/realsense_src/build/libcurl/src/libcurl-build/CMakeFiles/CMakeTmp/CheckSymbolExists.c
/home/wtc/realsense_src/build/libcurl/src/libcurl-build/CMakeFiles/CMakeTmp/CheckSymbolExists.c: In function ‘main’:
/home/wtc/realsense_src/build/libcurl/src/libcurl-build/CMakeFiles/CMakeTmp/CheckSymbolExists.c:40:11: warning: ISO C forbids conversion of function pointer to object pointer type [-Wpedantic]
   40 |   return ((int*)(&strtok_r))[argc];
      |           ^
Linking C executable cmTC_4866d
/usr/bin/cmake -E cmake_link_script CMakeFiles/cmTC_4866d.dir/link.txt --verbose=1
/usr/bin/cc    -pedantic -D_DEFAULT_SOURCE   -ffp-contract=off   -mssse3 -pthread  -W -Wall -pedantic -Wbad-function-cast -Wconversion -Winline -Wmissing-declarations -Wmissing-prototypes -Wnested-externs -Wno-long-long -Wno-multichar -Wpointer-arith -Wshadow -Wsign-compare -Wundef -Wunused -Wwrite-strings -Waddress -Wattributes -Wcast-align -Wdeclaration-after-statement -Wdiv-by-zero -Wempty-body -Wendif-labels -Wfloat-equal -Wformat-security -Wignored-qualifiers -Wmissing-field-initializers -Wmissing-noreturn -Wno-format-nonliteral -Wno-system-headers -Wold-style-definition -Wredundant-decls -Wsign-conversion -Wno-error=sign-conversion -Wstrict-prototypes -Wtype-limits -Wunreachable-code -Wunused-parameter -Wvla -Wclobbered -Wmissing-parameter-type -Wold-style-declaration -Wstrict-aliasing=3 -Wtrampolines -Wformat=2 -Warray-bounds=2 -ftree-vrp -Wduplicated-cond -Wnull-dereference -fdelete-null-pointer-checks -Wshift-negative-value -Wshift-overflow=2 -Walloc-zero -Wduplicated-branches -Wformat-overflow=2 -Wformat-truncation=2 -Wimplicit-fallthrough -Wrestrict -Warith-conversion -Wdouble-promotion -Wenum-conversion -Wpragmas -Wunused-const-variable  CMakeFiles/cmTC_4866d.dir/CheckSymbolExists.c.o -o cmTC_4866d 
gmake[4]: 离开目录“/home/wtc/realsense_src/build/libcurl/src/libcurl-build/CMakeFiles/CMakeTmp”
gmake[3]: 离开目录“/home/wtc/realsense_src/build/libcurl/src/libcurl-build/CMakeFiles/CMakeTmp”


File /home/wtc/realsense_src/build/libcurl/src/libcurl-build/CMakeFiles/CMakeTmp/CheckSymbolExists.c:
/* */
#include <sys/wait.h>
#include <sys/ioctl.h>
#include <sys/param.h>
#include <sys/poll.h>
#include <sys/resource.h>
#include <sys/select.h>
#include <sys/socket.h>
#include <sys/stat.h>
#include <sys/time.h>
#include <sys/types.h>
#include <sys/un.h>
#include <sys/xattr.h>
#include <arpa/inet.h>
#include <dirent.h>
#include <fcntl.h>
#include <ifaddrs.h>
#include <libgen.h>
#include <locale.h>
#include <net/if.h>
#include <netdb.h>
#include <netinet/in.h>
#include <netinet/tcp.h>
#include <netinet/udp.h>
#include <poll.h>
#include <pwd.h>
#include <stdatomic.h>
#include <stdbool.h>
#include <strings.h>
#include <termio.h>
#include <termios.h>
#include <unistd.h>
#include <utime.h>
#include <string.h>

int main(int argc, char** argv)
{
  (void)argv;
#ifndef strtok_r
  return ((int*)(&strtok_r))[argc];
#else
  (void)argc;
  return 0;
#endif
}
Determining if the strcasecmp exist passed with the following output:
Change Dir: /home/wtc/realsense_src/build/libcurl/src/libcurl-build/CMakeFiles/CMakeTmp

Run Build Command(s):/usr/bin/gmake -f Makefile cmTC_1fa0c/fast && gmake[3]: 进入目录“/home/wtc/realsense_src/build/libcurl/src/libcurl-build/CMakeFiles/CMakeTmp”
/usr/bin/gmake  -f CMakeFiles/cmTC_1fa0c.dir/build.make CMakeFiles/cmTC_1fa0c.dir/build
gmake[4]: 进入目录“/home/wtc/realsense_src/build/libcurl/src/libcurl-build/CMakeFiles/CMakeTmp”
Building C object CMakeFiles/cmTC_1fa0c.dir/CheckSymbolExists.c.o
/usr/bin/cc   -pedantic -D_DEFAULT_SOURCE   -ffp-contract=off   -mssse3 -pthread  -W -Wall -pedantic -Wbad-function-cast -Wconversion -Winline -Wmissing-declarations -Wmissing-prototypes -Wnested-externs -Wno-long-long -Wno-multichar -Wpointer-arith -Wshadow -Wsign-compare -Wundef -Wunused -Wwrite-strings -Waddress -Wattributes -Wcast-align -Wdeclaration-after-statement -Wdiv-by-zero -Wempty-body -Wendif-labels -Wfloat-equal -Wformat-security -Wignored-qualifiers -Wmissing-field-initializers -Wmissing-noreturn -Wno-format-nonliteral -Wno-system-headers -Wold-style-definition -Wredundant-decls -Wsign-conversion -Wno-error=sign-conversion -Wstrict-prototypes -Wtype-limits -Wunreachable-code -Wunused-parameter -Wvla -Wclobbered -Wmissing-parameter-type -Wold-style-declaration -Wstrict-aliasing=3 -Wtrampolines -Wformat=2 -Warray-bounds=2 -ftree-vrp -Wduplicated-cond -Wnull-dereference -fdelete-null-pointer-checks -Wshift-negative-value -Wshift-overflow=2 -Walloc-zero -Wduplicated-branches -Wformat-overflow=2 -Wformat-truncation=2 -Wimplicit-fallthrough -Wrestrict -Warith-conversion -Wdouble-promotion -Wenum-conversion -Wpragmas -Wunused-const-variable  -o CMakeFiles/cmTC_1fa0c.dir/CheckSymbolExists.c.o -c /home/wtc/realsense_src/build/libcurl/src/libcurl-build/CMakeFiles/CMakeTmp/CheckSymbolExists.c
/home/wtc/realsense_src/build/libcurl/src/libcurl-build/CMakeFiles/CMakeTmp/CheckSymbolExists.c: In function ‘main’:
/home/wtc/realsense_src/build/libcurl/src/libcurl-build/CMakeFiles/CMakeTmp/CheckSymbolExists.c:40:11: warning: ISO C forbids conversion of function pointer to object pointer type [-Wpedantic]
   40 |   return ((int*)(&strcasecmp))[argc];
      |           ^
Linking C executable cmTC_1fa0c
/usr/bin/cmake -E cmake_link_script CMakeFiles/cmTC_1fa0c.dir/link.txt --verbose=1
/usr/bin/cc    -pedantic -D_DEFAULT_SOURCE   -ffp-contract=off   -mssse3 -pthread  -W -Wall -pedantic -Wbad-function-cast -Wconversion -Winline -Wmissing-declarations -Wmissing-prototypes -Wnested-externs -Wno-long-long -Wno-multichar -Wpointer-arith -Wshadow -Wsign-compare -Wundef -Wunused -Wwrite-strings -Waddress -Wattributes -Wcast-align -Wdeclaration-after-statement -Wdiv-by-zero -Wempty-body -Wendif-labels -Wfloat-equal -Wformat-security -Wignored-qualifiers -Wmissing-field-initializers -Wmissing-noreturn -Wno-format-nonliteral -Wno-system-headers -Wold-style-definition -Wredundant-decls -Wsign-conversion -Wno-error=sign-conversion -Wstrict-prototypes -Wtype-limits -Wunreachable-code -Wunused-parameter -Wvla -Wclobbered -Wmissing-parameter-type -Wold-style-declaration -Wstrict-aliasing=3 -Wtrampolines -Wformat=2 -Warray-bounds=2 -ftree-vrp -Wduplicated-cond -Wnull-dereference -fdelete-null-pointer-checks -Wshift-negative-value -Wshift-overflow=2 -Walloc-zero -Wduplicated-branches -Wformat-overflow=2 -Wformat-truncation=2 -Wimplicit-fallthrough -Wrestrict -Warith-conversion -Wdouble-promotion -Wenum-conversion -Wpragmas -Wunused-const-variable  CMakeFiles/cmTC_1fa0c.dir/CheckSymbolExists.c.o -o cmTC_1fa0c 
gmake[4]: 离开目录“/home/wtc/realsense_src/build/libcurl/src/libcurl-build/CMakeFiles/CMakeTmp”
gmake[3]: 离开目录“/home/wtc/realsense_src/build/libcurl/src/libcurl-build/CMakeFiles/CMakeTmp”


File /home/wtc/realsense_src/build/libcurl/src/libcurl-build/CMakeFiles/CMakeTmp/CheckSymbolExists.c:
/* */
#include <sys/wait.h>
#include <sys/ioctl.h>
#include <sys/param.h>
#include <sys/poll.h>
#include <sys/resource.h>
#include <sys/select.h>
#include <sys/socket.h>
#include <sys/stat.h>
#include <sys/time.h>
#include <sys/types.h>
#include <sys/un.h>
#include <sys/xattr.h>
#include <arpa/inet.h>
#include <dirent.h>
#include <fcntl.h>
#include <ifaddrs.h>
#include <libgen.h>
#include <locale.h>
#include <net/if.h>
#include <netdb.h>
#include <netinet/in.h>
#include <netinet/tcp.h>
#include <netinet/udp.h>
#include <poll.h>
#include <pwd.h>
#include <stdatomic.h>
#include <stdbool.h>
#include <strings.h>
#include <termio.h>
#include <termios.h>
#include <unistd.h>
#include <utime.h>
#include <string.h>

int main(int argc, char** argv)
{
  (void)argv;
#ifndef strcasecmp
  return ((int*)(&strcasecmp))[argc];
#else
  (void)argc;
  return 0;
#endif
}
Determining if the alarm exist passed with the following output:
Change Dir: /home/wtc/realsense_src/build/libcurl/src/libcurl-build/CMakeFiles/CMakeTmp

Run Build Command(s):/usr/bin/gmake -f Makefile cmTC_4ba1a/fast && gmake[3]: 进入目录“/home/wtc/realsense_src/build/libcurl/src/libcurl-build/CMakeFiles/CMakeTmp”
/usr/bin/gmake  -f CMakeFiles/cmTC_4ba1a.dir/build.make CMakeFiles/cmTC_4ba1a.dir/build
gmake[4]: 进入目录“/home/wtc/realsense_src/build/libcurl/src/libcurl-build/CMakeFiles/CMakeTmp”
Building C object CMakeFiles/cmTC_4ba1a.dir/CheckSymbolExists.c.o
/usr/bin/cc   -pedantic -D_DEFAULT_SOURCE   -ffp-contract=off   -mssse3 -pthread  -W -Wall -pedantic -Wbad-function-cast -Wconversion -Winline -Wmissing-declarations -Wmissing-prototypes -Wnested-externs -Wno-long-long -Wno-multichar -Wpointer-arith -Wshadow -Wsign-compare -Wundef -Wunused -Wwrite-strings -Waddress -Wattributes -Wcast-align -Wdeclaration-after-statement -Wdiv-by-zero -Wempty-body -Wendif-labels -Wfloat-equal -Wformat-security -Wignored-qualifiers -Wmissing-field-initializers -Wmissing-noreturn -Wno-format-nonliteral -Wno-system-headers -Wold-style-definition -Wredundant-decls -Wsign-conversion -Wno-error=sign-conversion -Wstrict-prototypes -Wtype-limits -Wunreachable-code -Wunused-parameter -Wvla -Wclobbered -Wmissing-parameter-type -Wold-style-declaration -Wstrict-aliasing=3 -Wtrampolines -Wformat=2 -Warray-bounds=2 -ftree-vrp -Wduplicated-cond -Wnull-dereference -fdelete-null-pointer-checks -Wshift-negative-value -Wshift-overflow=2 -Walloc-zero -Wduplicated-branches -Wformat-overflow=2 -Wformat-truncation=2 -Wimplicit-fallthrough -Wrestrict -Warith-conversion -Wdouble-promotion -Wenum-conversion -Wpragmas -Wunused-const-variable  -o CMakeFiles/cmTC_4ba1a.dir/CheckSymbolExists.c.o -c /home/wtc/realsense_src/build/libcurl/src/libcurl-build/CMakeFiles/CMakeTmp/CheckSymbolExists.c
/home/wtc/realsense_src/build/libcurl/src/libcurl-build/CMakeFiles/CMakeTmp/CheckSymbolExists.c: In function ‘main’:
/home/wtc/realsense_src/build/libcurl/src/libcurl-build/CMakeFiles/CMakeTmp/CheckSymbolExists.c:39:11: warning: ISO C forbids conversion of function pointer to object pointer type [-Wpedantic]
   39 |   return ((int*)(&alarm))[argc];
      |           ^
Linking C executable cmTC_4ba1a
/usr/bin/cmake -E cmake_link_script CMakeFiles/cmTC_4ba1a.dir/link.txt --verbose=1
/usr/bin/cc    -pedantic -D_DEFAULT_SOURCE   -ffp-contract=off   -mssse3 -pthread  -W -Wall -pedantic -Wbad-function-cast -Wconversion -Winline -Wmissing-declarations -Wmissing-prototypes -Wnested-externs -Wno-long-long -Wno-multichar -Wpointer-arith -Wshadow -Wsign-compare -Wundef -Wunused -Wwrite-strings -Waddress -Wattributes -Wcast-align -Wdeclaration-after-statement -Wdiv-by-zero -Wempty-body -Wendif-labels -Wfloat-equal -Wformat-security -Wignored-qualifiers -Wmissing-field-initializers -Wmissing-noreturn -Wno-format-nonliteral -Wno-system-headers -Wold-style-definition -Wredundant-decls -Wsign-conversion -Wno-error=sign-conversion -Wstrict-prototypes -Wtype-limits -Wunreachable-code -Wunused-parameter -Wvla -Wclobbered -Wmissing-parameter-type -Wold-style-declaration -Wstrict-aliasing=3 -Wtrampolines -Wformat=2 -Warray-bounds=2 -ftree-vrp -Wduplicated-cond -Wnull-dereference -fdelete-null-pointer-checks -Wshift-negative-value -Wshift-overflow=2 -Walloc-zero -Wduplicated-branches -Wformat-overflow=2 -Wformat-truncation=2 -Wimplicit-fallthrough -Wrestrict -Warith-conversion -Wdouble-promotion -Wenum-conversion -Wpragmas -Wunused-const-variable  CMakeFiles/cmTC_4ba1a.dir/CheckSymbolExists.c.o -o cmTC_4ba1a 
gmake[4]: 离开目录“/home/wtc/realsense_src/build/libcurl/src/libcurl-build/CMakeFiles/CMakeTmp”
gmake[3]: 离开目录“/home/wtc/realsense_src/build/libcurl/src/libcurl-build/CMakeFiles/CMakeTmp”


File /home/wtc/realsense_src/build/libcurl/src/libcurl-build/CMakeFiles/CMakeTmp/CheckSymbolExists.c:
/* */
#include <sys/wait.h>
#include <sys/ioctl.h>
#include <sys/param.h>
#include <sys/poll.h>
#include <sys/resource.h>
#include <sys/select.h>
#include <sys/socket.h>
#include <sys/stat.h>
#include <sys/time.h>
#include <sys/types.h>
#include <sys/un.h>
#include <sys/xattr.h>
#include <arpa/inet.h>
#include <dirent.h>
#include <fcntl.h>
#include <ifaddrs.h>
#include <libgen.h>
#include <locale.h>
#include <net/if.h>
#include <netdb.h>
#include <netinet/in.h>
#include <netinet/tcp.h>
#include <netinet/udp.h>
#include <poll.h>
#include <pwd.h>
#include <stdatomic.h>
#include <stdbool.h>
#include <strings.h>
#include <termio.h>
#include <termios.h>
#include <unistd.h>
#include <utime.h>

int main(int argc, char** argv)
{
  (void)argv;
#ifndef alarm
  return ((int*)(&alarm))[argc];
#else
  (void)argc;
  return 0;
#endif
}
Determining if the fcntl exist passed with the following output:
Change Dir: /home/wtc/realsense_src/build/libcurl/src/libcurl-build/CMakeFiles/CMakeTmp

Run Build Command(s):/usr/bin/gmake -f Makefile cmTC_781f8/fast && gmake[3]: 进入目录“/home/wtc/realsense_src/build/libcurl/src/libcurl-build/CMakeFiles/CMakeTmp”
/usr/bin/gmake  -f CMakeFiles/cmTC_781f8.dir/build.make CMakeFiles/cmTC_781f8.dir/build
gmake[4]: 进入目录“/home/wtc/realsense_src/build/libcurl/src/libcurl-build/CMakeFiles/CMakeTmp”
Building C object CMakeFiles/cmTC_781f8.dir/CheckSymbolExists.c.o
/usr/bin/cc   -pedantic -D_DEFAULT_SOURCE   -ffp-contract=off   -mssse3 -pthread  -W -Wall -pedantic -Wbad-function-cast -Wconversion -Winline -Wmissing-declarations -Wmissing-prototypes -Wnested-externs -Wno-long-long -Wno-multichar -Wpointer-arith -Wshadow -Wsign-compare -Wundef -Wunused -Wwrite-strings -Waddress -Wattributes -Wcast-align -Wdeclaration-after-statement -Wdiv-by-zero -Wempty-body -Wendif-labels -Wfloat-equal -Wformat-security -Wignored-qualifiers -Wmissing-field-initializers -Wmissing-noreturn -Wno-format-nonliteral -Wno-system-headers -Wold-style-definition -Wredundant-decls -Wsign-conversion -Wno-error=sign-conversion -Wstrict-prototypes -Wtype-limits -Wunreachable-code -Wunused-parameter -Wvla -Wclobbered -Wmissing-parameter-type -Wold-style-declaration -Wstrict-aliasing=3 -Wtrampolines -Wformat=2 -Warray-bounds=2 -ftree-vrp -Wduplicated-cond -Wnull-dereference -fdelete-null-pointer-checks -Wshift-negative-value -Wshift-overflow=2 -Walloc-zero -Wduplicated-branches -Wformat-overflow=2 -Wformat-truncation=2 -Wimplicit-fallthrough -Wrestrict -Warith-conversion -Wdouble-promotion -Wenum-conversion -Wpragmas -Wunused-const-variable  -o CMakeFiles/cmTC_781f8.dir/CheckSymbolExists.c.o -c /home/wtc/realsense_src/build/libcurl/src/libcurl-build/CMakeFiles/CMakeTmp/CheckSymbolExists.c
/home/wtc/realsense_src/build/libcurl/src/libcurl-build/CMakeFiles/CMakeTmp/CheckSymbolExists.c: In function ‘main’:
/home/wtc/realsense_src/build/libcurl/src/libcurl-build/CMakeFiles/CMakeTmp/CheckSymbolExists.c:39:11: warning: ISO C forbids conversion of function pointer to object pointer type [-Wpedantic]
   39 |   return ((int*)(&fcntl))[argc];
      |           ^
Linking C executable cmTC_781f8
/usr/bin/cmake -E cmake_link_script CMakeFiles/cmTC_781f8.dir/link.txt --verbose=1
/usr/bin/cc    -pedantic -D_DEFAULT_SOURCE   -ffp-contract=off   -mssse3 -pthread  -W -Wall -pedantic -Wbad-function-cast -Wconversion -Winline -Wmissing-declarations -Wmissing-prototypes -Wnested-externs -Wno-long-long -Wno-multichar -Wpointer-arith -Wshadow -Wsign-compare -Wundef -Wunused -Wwrite-strings -Waddress -Wattributes -Wcast-align -Wdeclaration-after-statement -Wdiv-by-zero -Wempty-body -Wendif-labels -Wfloat-equal -Wformat-security -Wignored-qualifiers -Wmissing-field-initializers -Wmissing-noreturn -Wno-format-nonliteral -Wno-system-headers -Wold-style-definition -Wredundant-decls -Wsign-conversion -Wno-error=sign-conversion -Wstrict-prototypes -Wtype-limits -Wunreachable-code -Wunused-parameter -Wvla -Wclobbered -Wmissing-parameter-type -Wold-style-declaration -Wstrict-aliasing=3 -Wtrampolines -Wformat=2 -Warray-bounds=2 -ftree-vrp -Wduplicated-cond -Wnull-dereference -fdelete-null-pointer-checks -Wshift-negative-value -Wshift-overflow=2 -Walloc-zero -Wduplicated-branches -Wformat-overflow=2 -Wformat-truncation=2 -Wimplicit-fallthrough -Wrestrict -Warith-conversion -Wdouble-promotion -Wenum-conversion -Wpragmas -Wunused-const-variable  CMakeFiles/cmTC_781f8.dir/CheckSymbolExists.c.o -o cmTC_781f8 
gmake[4]: 离开目录“/home/wtc/realsense_src/build/libcurl/src/libcurl-build/CMakeFiles/CMakeTmp”
gmake[3]: 离开目录“/home/wtc/realsense_src/build/libcurl/src/libcurl-build/CMakeFiles/CMakeTmp”


File /home/wtc/realsense_src/build/libcurl/src/libcurl-build/CMakeFiles/CMakeTmp/CheckSymbolExists.c:
/* */
#include <sys/wait.h>
#include <sys/ioctl.h>
#include <sys/param.h>
#include <sys/poll.h>
#include <sys/resource.h>
#include <sys/select.h>
#include <sys/socket.h>
#include <sys/stat.h>
#include <sys/time.h>
#include <sys/types.h>
#include <sys/un.h>
#include <sys/xattr.h>
#include <arpa/inet.h>
#include <dirent.h>
#include <fcntl.h>
#include <ifaddrs.h>
#include <libgen.h>
#include <locale.h>
#include <net/if.h>
#include <netdb.h>
#include <netinet/in.h>
#include <netinet/tcp.h>
#include <netinet/udp.h>
#include <poll.h>
#include <pwd.h>
#include <stdatomic.h>
#include <stdbool.h>
#include <strings.h>
#include <termio.h>
#include <termios.h>
#include <unistd.h>
#include <utime.h>

int main(int argc, char** argv)
{
  (void)argv;
#ifndef fcntl
  return ((int*)(&fcntl))[argc];
#else
  (void)argc;
  return 0;
#endif
}
Determining if the getppid exist passed with the following output:
Change Dir: /home/wtc/realsense_src/build/libcurl/src/libcurl-build/CMakeFiles/CMakeTmp

Run Build Command(s):/usr/bin/gmake -f Makefile cmTC_7e338/fast && gmake[3]: 进入目录“/home/wtc/realsense_src/build/libcurl/src/libcurl-build/CMakeFiles/CMakeTmp”
/usr/bin/gmake  -f CMakeFiles/cmTC_7e338.dir/build.make CMakeFiles/cmTC_7e338.dir/build
gmake[4]: 进入目录“/home/wtc/realsense_src/build/libcurl/src/libcurl-build/CMakeFiles/CMakeTmp”
Building C object CMakeFiles/cmTC_7e338.dir/CheckSymbolExists.c.o
/usr/bin/cc   -pedantic -D_DEFAULT_SOURCE   -ffp-contract=off   -mssse3 -pthread  -W -Wall -pedantic -Wbad-function-cast -Wconversion -Winline -Wmissing-declarations -Wmissing-prototypes -Wnested-externs -Wno-long-long -Wno-multichar -Wpointer-arith -Wshadow -Wsign-compare -Wundef -Wunused -Wwrite-strings -Waddress -Wattributes -Wcast-align -Wdeclaration-after-statement -Wdiv-by-zero -Wempty-body -Wendif-labels -Wfloat-equal -Wformat-security -Wignored-qualifiers -Wmissing-field-initializers -Wmissing-noreturn -Wno-format-nonliteral -Wno-system-headers -Wold-style-definition -Wredundant-decls -Wsign-conversion -Wno-error=sign-conversion -Wstrict-prototypes -Wtype-limits -Wunreachable-code -Wunused-parameter -Wvla -Wclobbered -Wmissing-parameter-type -Wold-style-declaration -Wstrict-aliasing=3 -Wtrampolines -Wformat=2 -Warray-bounds=2 -ftree-vrp -Wduplicated-cond -Wnull-dereference -fdelete-null-pointer-checks -Wshift-negative-value -Wshift-overflow=2 -Walloc-zero -Wduplicated-branches -Wformat-overflow=2 -Wformat-truncation=2 -Wimplicit-fallthrough -Wrestrict -Warith-conversion -Wdouble-promotion -Wenum-conversion -Wpragmas -Wunused-const-variable  -o CMakeFiles/cmTC_7e338.dir/CheckSymbolExists.c.o -c /home/wtc/realsense_src/build/libcurl/src/libcurl-build/CMakeFiles/CMakeTmp/CheckSymbolExists.c
/home/wtc/realsense_src/build/libcurl/src/libcurl-build/CMakeFiles/CMakeTmp/CheckSymbolExists.c: In function ‘main’:
/home/wtc/realsense_src/build/libcurl/src/libcurl-build/CMakeFiles/CMakeTmp/CheckSymbolExists.c:39:11: warning: ISO C forbids conversion of function pointer to object pointer type [-Wpedantic]
   39 |   return ((int*)(&getppid))[argc];
      |           ^
Linking C executable cmTC_7e338
/usr/bin/cmake -E cmake_link_script CMakeFiles/cmTC_7e338.dir/link.txt --verbose=1
/usr/bin/cc    -pedantic -D_DEFAULT_SOURCE   -ffp-contract=off   -mssse3 -pthread  -W -Wall -pedantic -Wbad-function-cast -Wconversion -Winline -Wmissing-declarations -Wmissing-prototypes -Wnested-externs -Wno-long-long -Wno-multichar -Wpointer-arith -Wshadow -Wsign-compare -Wundef -Wunused -Wwrite-strings -Waddress -Wattributes -Wcast-align -Wdeclaration-after-statement -Wdiv-by-zero -Wempty-body -Wendif-labels -Wfloat-equal -Wformat-security -Wignored-qualifiers -Wmissing-field-initializers -Wmissing-noreturn -Wno-format-nonliteral -Wno-system-headers -Wold-style-definition -Wredundant-decls -Wsign-conversion -Wno-error=sign-conversion -Wstrict-prototypes -Wtype-limits -Wunreachable-code -Wunused-parameter -Wvla -Wclobbered -Wmissing-parameter-type -Wold-style-declaration -Wstrict-aliasing=3 -Wtrampolines -Wformat=2 -Warray-bounds=2 -ftree-vrp -Wduplicated-cond -Wnull-dereference -fdelete-null-pointer-checks -Wshift-negative-value -Wshift-overflow=2 -Walloc-zero -Wduplicated-branches -Wformat-overflow=2 -Wformat-truncation=2 -Wimplicit-fallthrough -Wrestrict -Warith-conversion -Wdouble-promotion -Wenum-conversion -Wpragmas -Wunused-const-variable  CMakeFiles/cmTC_7e338.dir/CheckSymbolExists.c.o -o cmTC_7e338 
gmake[4]: 离开目录“/home/wtc/realsense_src/build/libcurl/src/libcurl-build/CMakeFiles/CMakeTmp”
gmake[3]: 离开目录“/home/wtc/realsense_src/build/libcurl/src/libcurl-build/CMakeFiles/CMakeTmp”


File /home/wtc/realsense_src/build/libcurl/src/libcurl-build/CMakeFiles/CMakeTmp/CheckSymbolExists.c:
/* */
#include <sys/wait.h>
#include <sys/ioctl.h>
#include <sys/param.h>
#include <sys/poll.h>
#include <sys/resource.h>
#include <sys/select.h>
#include <sys/socket.h>
#include <sys/stat.h>
#include <sys/time.h>
#include <sys/types.h>
#include <sys/un.h>
#include <sys/xattr.h>
#include <arpa/inet.h>
#include <dirent.h>
#include <fcntl.h>
#include <ifaddrs.h>
#include <libgen.h>
#include <locale.h>
#include <net/if.h>
#include <netdb.h>
#include <netinet/in.h>
#include <netinet/tcp.h>
#include <netinet/udp.h>
#include <poll.h>
#include <pwd.h>
#include <stdatomic.h>
#include <stdbool.h>
#include <strings.h>
#include <termio.h>
#include <termios.h>
#include <unistd.h>
#include <utime.h>

int main(int argc, char** argv)
{
  (void)argv;
#ifndef getppid
  return ((int*)(&getppid))[argc];
#else
  (void)argc;
  return 0;
#endif
}
Determining if the utimes exist passed with the following output:
Change Dir: /home/wtc/realsense_src/build/libcurl/src/libcurl-build/CMakeFiles/CMakeTmp

Run Build Command(s):/usr/bin/gmake -f Makefile cmTC_ef260/fast && gmake[3]: 进入目录“/home/wtc/realsense_src/build/libcurl/src/libcurl-build/CMakeFiles/CMakeTmp”
/usr/bin/gmake  -f CMakeFiles/cmTC_ef260.dir/build.make CMakeFiles/cmTC_ef260.dir/build
gmake[4]: 进入目录“/home/wtc/realsense_src/build/libcurl/src/libcurl-build/CMakeFiles/CMakeTmp”
Building C object CMakeFiles/cmTC_ef260.dir/CheckSymbolExists.c.o
/usr/bin/cc   -pedantic -D_DEFAULT_SOURCE   -ffp-contract=off   -mssse3 -pthread  -W -Wall -pedantic -Wbad-function-cast -Wconversion -Winline -Wmissing-declarations -Wmissing-prototypes -Wnested-externs -Wno-long-long -Wno-multichar -Wpointer-arith -Wshadow -Wsign-compare -Wundef -Wunused -Wwrite-strings -Waddress -Wattributes -Wcast-align -Wdeclaration-after-statement -Wdiv-by-zero -Wempty-body -Wendif-labels -Wfloat-equal -Wformat-security -Wignored-qualifiers -Wmissing-field-initializers -Wmissing-noreturn -Wno-format-nonliteral -Wno-system-headers -Wold-style-definition -Wredundant-decls -Wsign-conversion -Wno-error=sign-conversion -Wstrict-prototypes -Wtype-limits -Wunreachable-code -Wunused-parameter -Wvla -Wclobbered -Wmissing-parameter-type -Wold-style-declaration -Wstrict-aliasing=3 -Wtrampolines -Wformat=2 -Warray-bounds=2 -ftree-vrp -Wduplicated-cond -Wnull-dereference -fdelete-null-pointer-checks -Wshift-negative-value -Wshift-overflow=2 -Walloc-zero -Wduplicated-branches -Wformat-overflow=2 -Wformat-truncation=2 -Wimplicit-fallthrough -Wrestrict -Warith-conversion -Wdouble-promotion -Wenum-conversion -Wpragmas -Wunused-const-variable  -o CMakeFiles/cmTC_ef260.dir/CheckSymbolExists.c.o -c /home/wtc/realsense_src/build/libcurl/src/libcurl-build/CMakeFiles/CMakeTmp/CheckSymbolExists.c
/home/wtc/realsense_src/build/libcurl/src/libcurl-build/CMakeFiles/CMakeTmp/CheckSymbolExists.c: In function ‘main’:
/home/wtc/realsense_src/build/libcurl/src/libcurl-build/CMakeFiles/CMakeTmp/CheckSymbolExists.c:39:11: warning: ISO C forbids conversion of function pointer to object pointer type [-Wpedantic]
   39 |   return ((int*)(&utimes))[argc];
      |           ^
Linking C executable cmTC_ef260
/usr/bin/cmake -E cmake_link_script CMakeFiles/cmTC_ef260.dir/link.txt --verbose=1
/usr/bin/cc    -pedantic -D_DEFAULT_SOURCE   -ffp-contract=off   -mssse3 -pthread  -W -Wall -pedantic -Wbad-function-cast -Wconversion -Winline -Wmissing-declarations -Wmissing-prototypes -Wnested-externs -Wno-long-long -Wno-multichar -Wpointer-arith -Wshadow -Wsign-compare -Wundef -Wunused -Wwrite-strings -Waddress -Wattributes -Wcast-align -Wdeclaration-after-statement -Wdiv-by-zero -Wempty-body -Wendif-labels -Wfloat-equal -Wformat-security -Wignored-qualifiers -Wmissing-field-initializers -Wmissing-noreturn -Wno-format-nonliteral -Wno-system-headers -Wold-style-definition -Wredundant-decls -Wsign-conversion -Wno-error=sign-conversion -Wstrict-prototypes -Wtype-limits -Wunreachable-code -Wunused-parameter -Wvla -Wclobbered -Wmissing-parameter-type -Wold-style-declaration -Wstrict-aliasing=3 -Wtrampolines -Wformat=2 -Warray-bounds=2 -ftree-vrp -Wduplicated-cond -Wnull-dereference -fdelete-null-pointer-checks -Wshift-negative-value -Wshift-overflow=2 -Walloc-zero -Wduplicated-branches -Wformat-overflow=2 -Wformat-truncation=2 -Wimplicit-fallthrough -Wrestrict -Warith-conversion -Wdouble-promotion -Wenum-conversion -Wpragmas -Wunused-const-variable  CMakeFiles/cmTC_ef260.dir/CheckSymbolExists.c.o -o cmTC_ef260 
gmake[4]: 离开目录“/home/wtc/realsense_src/build/libcurl/src/libcurl-build/CMakeFiles/CMakeTmp”
gmake[3]: 离开目录“/home/wtc/realsense_src/build/libcurl/src/libcurl-build/CMakeFiles/CMakeTmp”


File /home/wtc/realsense_src/build/libcurl/src/libcurl-build/CMakeFiles/CMakeTmp/CheckSymbolExists.c:
/* */
#include <sys/wait.h>
#include <sys/ioctl.h>
#include <sys/param.h>
#include <sys/poll.h>
#include <sys/resource.h>
#include <sys/select.h>
#include <sys/socket.h>
#include <sys/stat.h>
#include <sys/time.h>
#include <sys/types.h>
#include <sys/un.h>
#include <sys/xattr.h>
#include <arpa/inet.h>
#include <dirent.h>
#include <fcntl.h>
#include <ifaddrs.h>
#include <libgen.h>
#include <locale.h>
#include <net/if.h>
#include <netdb.h>
#include <netinet/in.h>
#include <netinet/tcp.h>
#include <netinet/udp.h>
#include <poll.h>
#include <pwd.h>
#include <stdatomic.h>
#include <stdbool.h>
#include <strings.h>
#include <termio.h>
#include <termios.h>
#include <unistd.h>
#include <utime.h>

int main(int argc, char** argv)
{
  (void)argv;
#ifndef utimes
  return ((int*)(&utimes))[argc];
#else
  (void)argc;
  return 0;
#endif
}
Determining if the gettimeofday exist passed with the following output:
Change Dir: /home/wtc/realsense_src/build/libcurl/src/libcurl-build/CMakeFiles/CMakeTmp

Run Build Command(s):/usr/bin/gmake -f Makefile cmTC_8e6b5/fast && gmake[3]: 进入目录“/home/wtc/realsense_src/build/libcurl/src/libcurl-build/CMakeFiles/CMakeTmp”
/usr/bin/gmake  -f CMakeFiles/cmTC_8e6b5.dir/build.make CMakeFiles/cmTC_8e6b5.dir/build
gmake[4]: 进入目录“/home/wtc/realsense_src/build/libcurl/src/libcurl-build/CMakeFiles/CMakeTmp”
Building C object CMakeFiles/cmTC_8e6b5.dir/CheckSymbolExists.c.o
/usr/bin/cc   -pedantic -D_DEFAULT_SOURCE   -ffp-contract=off   -mssse3 -pthread  -W -Wall -pedantic -Wbad-function-cast -Wconversion -Winline -Wmissing-declarations -Wmissing-prototypes -Wnested-externs -Wno-long-long -Wno-multichar -Wpointer-arith -Wshadow -Wsign-compare -Wundef -Wunused -Wwrite-strings -Waddress -Wattributes -Wcast-align -Wdeclaration-after-statement -Wdiv-by-zero -Wempty-body -Wendif-labels -Wfloat-equal -Wformat-security -Wignored-qualifiers -Wmissing-field-initializers -Wmissing-noreturn -Wno-format-nonliteral -Wno-system-headers -Wold-style-definition -Wredundant-decls -Wsign-conversion -Wno-error=sign-conversion -Wstrict-prototypes -Wtype-limits -Wunreachable-code -Wunused-parameter -Wvla -Wclobbered -Wmissing-parameter-type -Wold-style-declaration -Wstrict-aliasing=3 -Wtrampolines -Wformat=2 -Warray-bounds=2 -ftree-vrp -Wduplicated-cond -Wnull-dereference -fdelete-null-pointer-checks -Wshift-negative-value -Wshift-overflow=2 -Walloc-zero -Wduplicated-branches -Wformat-overflow=2 -Wformat-truncation=2 -Wimplicit-fallthrough -Wrestrict -Warith-conversion -Wdouble-promotion -Wenum-conversion -Wpragmas -Wunused-const-variable  -o CMakeFiles/cmTC_8e6b5.dir/CheckSymbolExists.c.o -c /home/wtc/realsense_src/build/libcurl/src/libcurl-build/CMakeFiles/CMakeTmp/CheckSymbolExists.c
/home/wtc/realsense_src/build/libcurl/src/libcurl-build/CMakeFiles/CMakeTmp/CheckSymbolExists.c: In function ‘main’:
/home/wtc/realsense_src/build/libcurl/src/libcurl-build/CMakeFiles/CMakeTmp/CheckSymbolExists.c:39:11: warning: ISO C forbids conversion of function pointer to object pointer type [-Wpedantic]
   39 |   return ((int*)(&gettimeofday))[argc];
      |           ^
Linking C executable cmTC_8e6b5
/usr/bin/cmake -E cmake_link_script CMakeFiles/cmTC_8e6b5.dir/link.txt --verbose=1
/usr/bin/cc    -pedantic -D_DEFAULT_SOURCE   -ffp-contract=off   -mssse3 -pthread  -W -Wall -pedantic -Wbad-function-cast -Wconversion -Winline -Wmissing-declarations -Wmissing-prototypes -Wnested-externs -Wno-long-long -Wno-multichar -Wpointer-arith -Wshadow -Wsign-compare -Wundef -Wunused -Wwrite-strings -Waddress -Wattributes -Wcast-align -Wdeclaration-after-statement -Wdiv-by-zero -Wempty-body -Wendif-labels -Wfloat-equal -Wformat-security -Wignored-qualifiers -Wmissing-field-initializers -Wmissing-noreturn -Wno-format-nonliteral -Wno-system-headers -Wold-style-definition -Wredundant-decls -Wsign-conversion -Wno-error=sign-conversion -Wstrict-prototypes -Wtype-limits -Wunreachable-code -Wunused-parameter -Wvla -Wclobbered -Wmissing-parameter-type -Wold-style-declaration -Wstrict-aliasing=3 -Wtrampolines -Wformat=2 -Warray-bounds=2 -ftree-vrp -Wduplicated-cond -Wnull-dereference -fdelete-null-pointer-checks -Wshift-negative-value -Wshift-overflow=2 -Walloc-zero -Wduplicated-branches -Wformat-overflow=2 -Wformat-truncation=2 -Wimplicit-fallthrough -Wrestrict -Warith-conversion -Wdouble-promotion -Wenum-conversion -Wpragmas -Wunused-const-variable  CMakeFiles/cmTC_8e6b5.dir/CheckSymbolExists.c.o -o cmTC_8e6b5 
gmake[4]: 离开目录“/home/wtc/realsense_src/build/libcurl/src/libcurl-build/CMakeFiles/CMakeTmp”
gmake[3]: 离开目录“/home/wtc/realsense_src/build/libcurl/src/libcurl-build/CMakeFiles/CMakeTmp”


File /home/wtc/realsense_src/build/libcurl/src/libcurl-build/CMakeFiles/CMakeTmp/CheckSymbolExists.c:
/* */
#include <sys/wait.h>
#include <sys/ioctl.h>
#include <sys/param.h>
#include <sys/poll.h>
#include <sys/resource.h>
#include <sys/select.h>
#include <sys/socket.h>
#include <sys/stat.h>
#include <sys/time.h>
#include <sys/types.h>
#include <sys/un.h>
#include <sys/xattr.h>
#include <arpa/inet.h>
#include <dirent.h>
#include <fcntl.h>
#include <ifaddrs.h>
#include <libgen.h>
#include <locale.h>
#include <net/if.h>
#include <netdb.h>
#include <netinet/in.h>
#include <netinet/tcp.h>
#include <netinet/udp.h>
#include <poll.h>
#include <pwd.h>
#include <stdatomic.h>
#include <stdbool.h>
#include <strings.h>
#include <termio.h>
#include <termios.h>
#include <unistd.h>
#include <utime.h>

int main(int argc, char** argv)
{
  (void)argv;
#ifndef gettimeofday
  return ((int*)(&gettimeofday))[argc];
#else
  (void)argc;
  return 0;
#endif
}
Determining if the sigsetjmp exist passed with the following output:
Change Dir: /home/wtc/realsense_src/build/libcurl/src/libcurl-build/CMakeFiles/CMakeTmp

Run Build Command(s):/usr/bin/gmake -f Makefile cmTC_dc017/fast && gmake[3]: 进入目录“/home/wtc/realsense_src/build/libcurl/src/libcurl-build/CMakeFiles/CMakeTmp”
/usr/bin/gmake  -f CMakeFiles/cmTC_dc017.dir/build.make CMakeFiles/cmTC_dc017.dir/build
gmake[4]: 进入目录“/home/wtc/realsense_src/build/libcurl/src/libcurl-build/CMakeFiles/CMakeTmp”
Building C object CMakeFiles/cmTC_dc017.dir/CheckSymbolExists.c.o
/usr/bin/cc   -pedantic -D_DEFAULT_SOURCE   -ffp-contract=off   -mssse3 -pthread  -W -Wall -pedantic -Wbad-function-cast -Wconversion -Winline -Wmissing-declarations -Wmissing-prototypes -Wnested-externs -Wno-long-long -Wno-multichar -Wpointer-arith -Wshadow -Wsign-compare -Wundef -Wunused -Wwrite-strings -Waddress -Wattributes -Wcast-align -Wdeclaration-after-statement -Wdiv-by-zero -Wempty-body -Wendif-labels -Wfloat-equal -Wformat-security -Wignored-qualifiers -Wmissing-field-initializers -Wmissing-noreturn -Wno-format-nonliteral -Wno-system-headers -Wold-style-definition -Wredundant-decls -Wsign-conversion -Wno-error=sign-conversion -Wstrict-prototypes -Wtype-limits -Wunreachable-code -Wunused-parameter -Wvla -Wclobbered -Wmissing-parameter-type -Wold-style-declaration -Wstrict-aliasing=3 -Wtrampolines -Wformat=2 -Warray-bounds=2 -ftree-vrp -Wduplicated-cond -Wnull-dereference -fdelete-null-pointer-checks -Wshift-negative-value -Wshift-overflow=2 -Walloc-zero -Wduplicated-branches -Wformat-overflow=2 -Wformat-truncation=2 -Wimplicit-fallthrough -Wrestrict -Warith-conversion -Wdouble-promotion -Wenum-conversion -Wpragmas -Wunused-const-variable  -o CMakeFiles/cmTC_dc017.dir/CheckSymbolExists.c.o -c /home/wtc/realsense_src/build/libcurl/src/libcurl-build/CMakeFiles/CMakeTmp/CheckSymbolExists.c
Linking C executable cmTC_dc017
/usr/bin/cmake -E cmake_link_script CMakeFiles/cmTC_dc017.dir/link.txt --verbose=1
/usr/bin/cc    -pedantic -D_DEFAULT_SOURCE   -ffp-contract=off   -mssse3 -pthread  -W -Wall -pedantic -Wbad-function-cast -Wconversion -Winline -Wmissing-declarations -Wmissing-prototypes -Wnested-externs -Wno-long-long -Wno-multichar -Wpointer-arith -Wshadow -Wsign-compare -Wundef -Wunused -Wwrite-strings -Waddress -Wattributes -Wcast-align -Wdeclaration-after-statement -Wdiv-by-zero -Wempty-body -Wendif-labels -Wfloat-equal -Wformat-security -Wignored-qualifiers -Wmissing-field-initializers -Wmissing-noreturn -Wno-format-nonliteral -Wno-system-headers -Wold-style-definition -Wredundant-decls -Wsign-conversion -Wno-error=sign-conversion -Wstrict-prototypes -Wtype-limits -Wunreachable-code -Wunused-parameter -Wvla -Wclobbered -Wmissing-parameter-type -Wold-style-declaration -Wstrict-aliasing=3 -Wtrampolines -Wformat=2 -Warray-bounds=2 -ftree-vrp -Wduplicated-cond -Wnull-dereference -fdelete-null-pointer-checks -Wshift-negative-value -Wshift-overflow=2 -Walloc-zero -Wduplicated-branches -Wformat-overflow=2 -Wformat-truncation=2 -Wimplicit-fallthrough -Wrestrict -Warith-conversion -Wdouble-promotion -Wenum-conversion -Wpragmas -Wunused-const-variable  CMakeFiles/cmTC_dc017.dir/CheckSymbolExists.c.o -o cmTC_dc017 
gmake[4]: 离开目录“/home/wtc/realsense_src/build/libcurl/src/libcurl-build/CMakeFiles/CMakeTmp”
gmake[3]: 离开目录“/home/wtc/realsense_src/build/libcurl/src/libcurl-build/CMakeFiles/CMakeTmp”


File /home/wtc/realsense_src/build/libcurl/src/libcurl-build/CMakeFiles/CMakeTmp/CheckSymbolExists.c:
/* */
#include <sys/wait.h>
#include <sys/ioctl.h>
#include <sys/param.h>
#include <sys/poll.h>
#include <sys/resource.h>
#include <sys/select.h>
#include <sys/socket.h>
#include <sys/stat.h>
#include <sys/time.h>
#include <sys/types.h>
#include <sys/un.h>
#include <sys/xattr.h>
#include <arpa/inet.h>
#include <dirent.h>
#include <fcntl.h>
#include <ifaddrs.h>
#include <libgen.h>
#include <locale.h>
#include <net/if.h>
#include <netdb.h>
#include <netinet/in.h>
#include <netinet/tcp.h>
#include <netinet/udp.h>
#include <poll.h>
#include <pwd.h>
#include <stdatomic.h>
#include <stdbool.h>
#include <strings.h>
#include <termio.h>
#include <termios.h>
#include <unistd.h>
#include <utime.h>
#include <setjmp.h>

int main(int argc, char** argv)
{
  (void)argv;
#ifndef sigsetjmp
  return ((int*)(&sigsetjmp))[argc];
#else
  (void)argc;
  return 0;
#endif
}
Determining if the getpwuid exist passed with the following output:
Change Dir: /home/wtc/realsense_src/build/libcurl/src/libcurl-build/CMakeFiles/CMakeTmp

Run Build Command(s):/usr/bin/gmake -f Makefile cmTC_8817e/fast && gmake[3]: 进入目录“/home/wtc/realsense_src/build/libcurl/src/libcurl-build/CMakeFiles/CMakeTmp”
/usr/bin/gmake  -f CMakeFiles/cmTC_8817e.dir/build.make CMakeFiles/cmTC_8817e.dir/build
gmake[4]: 进入目录“/home/wtc/realsense_src/build/libcurl/src/libcurl-build/CMakeFiles/CMakeTmp”
Building C object CMakeFiles/cmTC_8817e.dir/CheckSymbolExists.c.o
/usr/bin/cc   -pedantic -D_DEFAULT_SOURCE   -ffp-contract=off   -mssse3 -pthread  -W -Wall -pedantic -Wbad-function-cast -Wconversion -Winline -Wmissing-declarations -Wmissing-prototypes -Wnested-externs -Wno-long-long -Wno-multichar -Wpointer-arith -Wshadow -Wsign-compare -Wundef -Wunused -Wwrite-strings -Waddress -Wattributes -Wcast-align -Wdeclaration-after-statement -Wdiv-by-zero -Wempty-body -Wendif-labels -Wfloat-equal -Wformat-security -Wignored-qualifiers -Wmissing-field-initializers -Wmissing-noreturn -Wno-format-nonliteral -Wno-system-headers -Wold-style-definition -Wredundant-decls -Wsign-conversion -Wno-error=sign-conversion -Wstrict-prototypes -Wtype-limits -Wunreachable-code -Wunused-parameter -Wvla -Wclobbered -Wmissing-parameter-type -Wold-style-declaration -Wstrict-aliasing=3 -Wtrampolines -Wformat=2 -Warray-bounds=2 -ftree-vrp -Wduplicated-cond -Wnull-dereference -fdelete-null-pointer-checks -Wshift-negative-value -Wshift-overflow=2 -Walloc-zero -Wduplicated-branches -Wformat-overflow=2 -Wformat-truncation=2 -Wimplicit-fallthrough -Wrestrict -Warith-conversion -Wdouble-promotion -Wenum-conversion -Wpragmas -Wunused-const-variable  -o CMakeFiles/cmTC_8817e.dir/CheckSymbolExists.c.o -c /home/wtc/realsense_src/build/libcurl/src/libcurl-build/CMakeFiles/CMakeTmp/CheckSymbolExists.c
/home/wtc/realsense_src/build/libcurl/src/libcurl-build/CMakeFiles/CMakeTmp/CheckSymbolExists.c: In function ‘main’:
/home/wtc/realsense_src/build/libcurl/src/libcurl-build/CMakeFiles/CMakeTmp/CheckSymbolExists.c:39:11: warning: ISO C forbids conversion of function pointer to object pointer type [-Wpedantic]
   39 |   return ((int*)(&getpwuid))[argc];
      |           ^
Linking C executable cmTC_8817e
/usr/bin/cmake -E cmake_link_script CMakeFiles/cmTC_8817e.dir/link.txt --verbose=1
/usr/bin/cc    -pedantic -D_DEFAULT_SOURCE   -ffp-contract=off   -mssse3 -pthread  -W -Wall -pedantic -Wbad-function-cast -Wconversion -Winline -Wmissing-declarations -Wmissing-prototypes -Wnested-externs -Wno-long-long -Wno-multichar -Wpointer-arith -Wshadow -Wsign-compare -Wundef -Wunused -Wwrite-strings -Waddress -Wattributes -Wcast-align -Wdeclaration-after-statement -Wdiv-by-zero -Wempty-body -Wendif-labels -Wfloat-equal -Wformat-security -Wignored-qualifiers -Wmissing-field-initializers -Wmissing-noreturn -Wno-format-nonliteral -Wno-system-headers -Wold-style-definition -Wredundant-decls -Wsign-conversion -Wno-error=sign-conversion -Wstrict-prototypes -Wtype-limits -Wunreachable-code -Wunused-parameter -Wvla -Wclobbered -Wmissing-parameter-type -Wold-style-declaration -Wstrict-aliasing=3 -Wtrampolines -Wformat=2 -Warray-bounds=2 -ftree-vrp -Wduplicated-cond -Wnull-dereference -fdelete-null-pointer-checks -Wshift-negative-value -Wshift-overflow=2 -Walloc-zero -Wduplicated-branches -Wformat-overflow=2 -Wformat-truncation=2 -Wimplicit-fallthrough -Wrestrict -Warith-conversion -Wdouble-promotion -Wenum-conversion -Wpragmas -Wunused-const-variable  CMakeFiles/cmTC_8817e.dir/CheckSymbolExists.c.o -o cmTC_8817e 
gmake[4]: 离开目录“/home/wtc/realsense_src/build/libcurl/src/libcurl-build/CMakeFiles/CMakeTmp”
gmake[3]: 离开目录“/home/wtc/realsense_src/build/libcurl/src/libcurl-build/CMakeFiles/CMakeTmp”


File /home/wtc/realsense_src/build/libcurl/src/libcurl-build/CMakeFiles/CMakeTmp/CheckSymbolExists.c:
/* */
#include <sys/wait.h>
#include <sys/ioctl.h>
#include <sys/param.h>
#include <sys/poll.h>
#include <sys/resource.h>
#include <sys/select.h>
#include <sys/socket.h>
#include <sys/stat.h>
#include <sys/time.h>
#include <sys/types.h>
#include <sys/un.h>
#include <sys/xattr.h>
#include <arpa/inet.h>
#include <dirent.h>
#include <fcntl.h>
#include <ifaddrs.h>
#include <libgen.h>
#include <locale.h>
#include <net/if.h>
#include <netdb.h>
#include <netinet/in.h>
#include <netinet/tcp.h>
#include <netinet/udp.h>
#include <poll.h>
#include <pwd.h>
#include <stdatomic.h>
#include <stdbool.h>
#include <strings.h>
#include <termio.h>
#include <termios.h>
#include <unistd.h>
#include <utime.h>

int main(int argc, char** argv)
{
  (void)argv;
#ifndef getpwuid
  return ((int*)(&getpwuid))[argc];
#else
  (void)argc;
  return 0;
#endif
}
Determining if the getpwuid_r exist passed with the following output:
Change Dir: /home/wtc/realsense_src/build/libcurl/src/libcurl-build/CMakeFiles/CMakeTmp

Run Build Command(s):/usr/bin/gmake -f Makefile cmTC_be746/fast && gmake[3]: 进入目录“/home/wtc/realsense_src/build/libcurl/src/libcurl-build/CMakeFiles/CMakeTmp”
/usr/bin/gmake  -f CMakeFiles/cmTC_be746.dir/build.make CMakeFiles/cmTC_be746.dir/build
gmake[4]: 进入目录“/home/wtc/realsense_src/build/libcurl/src/libcurl-build/CMakeFiles/CMakeTmp”
Building C object CMakeFiles/cmTC_be746.dir/CheckSymbolExists.c.o
/usr/bin/cc   -pedantic -D_DEFAULT_SOURCE   -ffp-contract=off   -mssse3 -pthread  -W -Wall -pedantic -Wbad-function-cast -Wconversion -Winline -Wmissing-declarations -Wmissing-prototypes -Wnested-externs -Wno-long-long -Wno-multichar -Wpointer-arith -Wshadow -Wsign-compare -Wundef -Wunused -Wwrite-strings -Waddress -Wattributes -Wcast-align -Wdeclaration-after-statement -Wdiv-by-zero -Wempty-body -Wendif-labels -Wfloat-equal -Wformat-security -Wignored-qualifiers -Wmissing-field-initializers -Wmissing-noreturn -Wno-format-nonliteral -Wno-system-headers -Wold-style-definition -Wredundant-decls -Wsign-conversion -Wno-error=sign-conversion -Wstrict-prototypes -Wtype-limits -Wunreachable-code -Wunused-parameter -Wvla -Wclobbered -Wmissing-parameter-type -Wold-style-declaration -Wstrict-aliasing=3 -Wtrampolines -Wformat=2 -Warray-bounds=2 -ftree-vrp -Wduplicated-cond -Wnull-dereference -fdelete-null-pointer-checks -Wshift-negative-value -Wshift-overflow=2 -Walloc-zero -Wduplicated-branches -Wformat-overflow=2 -Wformat-truncation=2 -Wimplicit-fallthrough -Wrestrict -Warith-conversion -Wdouble-promotion -Wenum-conversion -Wpragmas -Wunused-const-variable  -o CMakeFiles/cmTC_be746.dir/CheckSymbolExists.c.o -c /home/wtc/realsense_src/build/libcurl/src/libcurl-build/CMakeFiles/CMakeTmp/CheckSymbolExists.c
/home/wtc/realsense_src/build/libcurl/src/libcurl-build/CMakeFiles/CMakeTmp/CheckSymbolExists.c: In function ‘main’:
/home/wtc/realsense_src/build/libcurl/src/libcurl-build/CMakeFiles/CMakeTmp/CheckSymbolExists.c:39:11: warning: ISO C forbids conversion of function pointer to object pointer type [-Wpedantic]
   39 |   return ((int*)(&getpwuid_r))[argc];
      |           ^
Linking C executable cmTC_be746
/usr/bin/cmake -E cmake_link_script CMakeFiles/cmTC_be746.dir/link.txt --verbose=1
/usr/bin/cc    -pedantic -D_DEFAULT_SOURCE   -ffp-contract=off   -mssse3 -pthread  -W -Wall -pedantic -Wbad-function-cast -Wconversion -Winline -Wmissing-declarations -Wmissing-prototypes -Wnested-externs -Wno-long-long -Wno-multichar -Wpointer-arith -Wshadow -Wsign-compare -Wundef -Wunused -Wwrite-strings -Waddress -Wattributes -Wcast-align -Wdeclaration-after-statement -Wdiv-by-zero -Wempty-body -Wendif-labels -Wfloat-equal -Wformat-security -Wignored-qualifiers -Wmissing-field-initializers -Wmissing-noreturn -Wno-format-nonliteral -Wno-system-headers -Wold-style-definition -Wredundant-decls -Wsign-conversion -Wno-error=sign-conversion -Wstrict-prototypes -Wtype-limits -Wunreachable-code -Wunused-parameter -Wvla -Wclobbered -Wmissing-parameter-type -Wold-style-declaration -Wstrict-aliasing=3 -Wtrampolines -Wformat=2 -Warray-bounds=2 -ftree-vrp -Wduplicated-cond -Wnull-dereference -fdelete-null-pointer-checks -Wshift-negative-value -Wshift-overflow=2 -Walloc-zero -Wduplicated-branches -Wformat-overflow=2 -Wformat-truncation=2 -Wimplicit-fallthrough -Wrestrict -Warith-conversion -Wdouble-promotion -Wenum-conversion -Wpragmas -Wunused-const-variable  CMakeFiles/cmTC_be746.dir/CheckSymbolExists.c.o -o cmTC_be746 
gmake[4]: 离开目录“/home/wtc/realsense_src/build/libcurl/src/libcurl-build/CMakeFiles/CMakeTmp”
gmake[3]: 离开目录“/home/wtc/realsense_src/build/libcurl/src/libcurl-build/CMakeFiles/CMakeTmp”


File /home/wtc/realsense_src/build/libcurl/src/libcurl-build/CMakeFiles/CMakeTmp/CheckSymbolExists.c:
/* */
#include <sys/wait.h>
#include <sys/ioctl.h>
#include <sys/param.h>
#include <sys/poll.h>
#include <sys/resource.h>
#include <sys/select.h>
#include <sys/socket.h>
#include <sys/stat.h>
#include <sys/time.h>
#include <sys/types.h>
#include <sys/un.h>
#include <sys/xattr.h>
#include <arpa/inet.h>
#include <dirent.h>
#include <fcntl.h>
#include <ifaddrs.h>
#include <libgen.h>
#include <locale.h>
#include <net/if.h>
#include <netdb.h>
#include <netinet/in.h>
#include <netinet/tcp.h>
#include <netinet/udp.h>
#include <poll.h>
#include <pwd.h>
#include <stdatomic.h>
#include <stdbool.h>
#include <strings.h>
#include <termio.h>
#include <termios.h>
#include <unistd.h>
#include <utime.h>

int main(int argc, char** argv)
{
  (void)argv;
#ifndef getpwuid_r
  return ((int*)(&getpwuid_r))[argc];
#else
  (void)argc;
  return 0;
#endif
}
Determining if the geteuid exist passed with the following output:
Change Dir: /home/wtc/realsense_src/build/libcurl/src/libcurl-build/CMakeFiles/CMakeTmp

Run Build Command(s):/usr/bin/gmake -f Makefile cmTC_ad4e2/fast && gmake[3]: 进入目录“/home/wtc/realsense_src/build/libcurl/src/libcurl-build/CMakeFiles/CMakeTmp”
/usr/bin/gmake  -f CMakeFiles/cmTC_ad4e2.dir/build.make CMakeFiles/cmTC_ad4e2.dir/build
gmake[4]: 进入目录“/home/wtc/realsense_src/build/libcurl/src/libcurl-build/CMakeFiles/CMakeTmp”
Building C object CMakeFiles/cmTC_ad4e2.dir/CheckSymbolExists.c.o
/usr/bin/cc   -pedantic -D_DEFAULT_SOURCE   -ffp-contract=off   -mssse3 -pthread  -W -Wall -pedantic -Wbad-function-cast -Wconversion -Winline -Wmissing-declarations -Wmissing-prototypes -Wnested-externs -Wno-long-long -Wno-multichar -Wpointer-arith -Wshadow -Wsign-compare -Wundef -Wunused -Wwrite-strings -Waddress -Wattributes -Wcast-align -Wdeclaration-after-statement -Wdiv-by-zero -Wempty-body -Wendif-labels -Wfloat-equal -Wformat-security -Wignored-qualifiers -Wmissing-field-initializers -Wmissing-noreturn -Wno-format-nonliteral -Wno-system-headers -Wold-style-definition -Wredundant-decls -Wsign-conversion -Wno-error=sign-conversion -Wstrict-prototypes -Wtype-limits -Wunreachable-code -Wunused-parameter -Wvla -Wclobbered -Wmissing-parameter-type -Wold-style-declaration -Wstrict-aliasing=3 -Wtrampolines -Wformat=2 -Warray-bounds=2 -ftree-vrp -Wduplicated-cond -Wnull-dereference -fdelete-null-pointer-checks -Wshift-negative-value -Wshift-overflow=2 -Walloc-zero -Wduplicated-branches -Wformat-overflow=2 -Wformat-truncation=2 -Wimplicit-fallthrough -Wrestrict -Warith-conversion -Wdouble-promotion -Wenum-conversion -Wpragmas -Wunused-const-variable  -o CMakeFiles/cmTC_ad4e2.dir/CheckSymbolExists.c.o -c /home/wtc/realsense_src/build/libcurl/src/libcurl-build/CMakeFiles/CMakeTmp/CheckSymbolExists.c
/home/wtc/realsense_src/build/libcurl/src/libcurl-build/CMakeFiles/CMakeTmp/CheckSymbolExists.c: In function ‘main’:
/home/wtc/realsense_src/build/libcurl/src/libcurl-build/CMakeFiles/CMakeTmp/CheckSymbolExists.c:39:11: warning: ISO C forbids conversion of function pointer to object pointer type [-Wpedantic]
   39 |   return ((int*)(&geteuid))[argc];
      |           ^
Linking C executable cmTC_ad4e2
/usr/bin/cmake -E cmake_link_script CMakeFiles/cmTC_ad4e2.dir/link.txt --verbose=1
/usr/bin/cc    -pedantic -D_DEFAULT_SOURCE   -ffp-contract=off   -mssse3 -pthread  -W -Wall -pedantic -Wbad-function-cast -Wconversion -Winline -Wmissing-declarations -Wmissing-prototypes -Wnested-externs -Wno-long-long -Wno-multichar -Wpointer-arith -Wshadow -Wsign-compare -Wundef -Wunused -Wwrite-strings -Waddress -Wattributes -Wcast-align -Wdeclaration-after-statement -Wdiv-by-zero -Wempty-body -Wendif-labels -Wfloat-equal -Wformat-security -Wignored-qualifiers -Wmissing-field-initializers -Wmissing-noreturn -Wno-format-nonliteral -Wno-system-headers -Wold-style-definition -Wredundant-decls -Wsign-conversion -Wno-error=sign-conversion -Wstrict-prototypes -Wtype-limits -Wunreachable-code -Wunused-parameter -Wvla -Wclobbered -Wmissing-parameter-type -Wold-style-declaration -Wstrict-aliasing=3 -Wtrampolines -Wformat=2 -Warray-bounds=2 -ftree-vrp -Wduplicated-cond -Wnull-dereference -fdelete-null-pointer-checks -Wshift-negative-value -Wshift-overflow=2 -Walloc-zero -Wduplicated-branches -Wformat-overflow=2 -Wformat-truncation=2 -Wimplicit-fallthrough -Wrestrict -Warith-conversion -Wdouble-promotion -Wenum-conversion -Wpragmas -Wunused-const-variable  CMakeFiles/cmTC_ad4e2.dir/CheckSymbolExists.c.o -o cmTC_ad4e2 
gmake[4]: 离开目录“/home/wtc/realsense_src/build/libcurl/src/libcurl-build/CMakeFiles/CMakeTmp”
gmake[3]: 离开目录“/home/wtc/realsense_src/build/libcurl/src/libcurl-build/CMakeFiles/CMakeTmp”


File /home/wtc/realsense_src/build/libcurl/src/libcurl-build/CMakeFiles/CMakeTmp/CheckSymbolExists.c:
/* */
#include <sys/wait.h>
#include <sys/ioctl.h>
#include <sys/param.h>
#include <sys/poll.h>
#include <sys/resource.h>
#include <sys/select.h>
#include <sys/socket.h>
#include <sys/stat.h>
#include <sys/time.h>
#include <sys/types.h>
#include <sys/un.h>
#include <sys/xattr.h>
#include <arpa/inet.h>
#include <dirent.h>
#include <fcntl.h>
#include <ifaddrs.h>
#include <libgen.h>
#include <locale.h>
#include <net/if.h>
#include <netdb.h>
#include <netinet/in.h>
#include <netinet/tcp.h>
#include <netinet/udp.h>
#include <poll.h>
#include <pwd.h>
#include <stdatomic.h>
#include <stdbool.h>
#include <strings.h>
#include <termio.h>
#include <termios.h>
#include <unistd.h>
#include <utime.h>

int main(int argc, char** argv)
{
  (void)argv;
#ifndef geteuid
  return ((int*)(&geteuid))[argc];
#else
  (void)argc;
  return 0;
#endif
}
Determining if the utime exist passed with the following output:
Change Dir: /home/wtc/realsense_src/build/libcurl/src/libcurl-build/CMakeFiles/CMakeTmp

Run Build Command(s):/usr/bin/gmake -f Makefile cmTC_281ad/fast && gmake[3]: 进入目录“/home/wtc/realsense_src/build/libcurl/src/libcurl-build/CMakeFiles/CMakeTmp”
/usr/bin/gmake  -f CMakeFiles/cmTC_281ad.dir/build.make CMakeFiles/cmTC_281ad.dir/build
gmake[4]: 进入目录“/home/wtc/realsense_src/build/libcurl/src/libcurl-build/CMakeFiles/CMakeTmp”
Building C object CMakeFiles/cmTC_281ad.dir/CheckSymbolExists.c.o
/usr/bin/cc   -pedantic -D_DEFAULT_SOURCE   -ffp-contract=off   -mssse3 -pthread  -W -Wall -pedantic -Wbad-function-cast -Wconversion -Winline -Wmissing-declarations -Wmissing-prototypes -Wnested-externs -Wno-long-long -Wno-multichar -Wpointer-arith -Wshadow -Wsign-compare -Wundef -Wunused -Wwrite-strings -Waddress -Wattributes -Wcast-align -Wdeclaration-after-statement -Wdiv-by-zero -Wempty-body -Wendif-labels -Wfloat-equal -Wformat-security -Wignored-qualifiers -Wmissing-field-initializers -Wmissing-noreturn -Wno-format-nonliteral -Wno-system-headers -Wold-style-definition -Wredundant-decls -Wsign-conversion -Wno-error=sign-conversion -Wstrict-prototypes -Wtype-limits -Wunreachable-code -Wunused-parameter -Wvla -Wclobbered -Wmissing-parameter-type -Wold-style-declaration -Wstrict-aliasing=3 -Wtrampolines -Wformat=2 -Warray-bounds=2 -ftree-vrp -Wduplicated-cond -Wnull-dereference -fdelete-null-pointer-checks -Wshift-negative-value -Wshift-overflow=2 -Walloc-zero -Wduplicated-branches -Wformat-overflow=2 -Wformat-truncation=2 -Wimplicit-fallthrough -Wrestrict -Warith-conversion -Wdouble-promotion -Wenum-conversion -Wpragmas -Wunused-const-variable  -o CMakeFiles/cmTC_281ad.dir/CheckSymbolExists.c.o -c /home/wtc/realsense_src/build/libcurl/src/libcurl-build/CMakeFiles/CMakeTmp/CheckSymbolExists.c
/home/wtc/realsense_src/build/libcurl/src/libcurl-build/CMakeFiles/CMakeTmp/CheckSymbolExists.c: In function ‘main’:
/home/wtc/realsense_src/build/libcurl/src/libcurl-build/CMakeFiles/CMakeTmp/CheckSymbolExists.c:39:11: warning: ISO C forbids conversion of function pointer to object pointer type [-Wpedantic]
   39 |   return ((int*)(&utime))[argc];
      |           ^
Linking C executable cmTC_281ad
/usr/bin/cmake -E cmake_link_script CMakeFiles/cmTC_281ad.dir/link.txt --verbose=1
/usr/bin/cc    -pedantic -D_DEFAULT_SOURCE   -ffp-contract=off   -mssse3 -pthread  -W -Wall -pedantic -Wbad-function-cast -Wconversion -Winline -Wmissing-declarations -Wmissing-prototypes -Wnested-externs -Wno-long-long -Wno-multichar -Wpointer-arith -Wshadow -Wsign-compare -Wundef -Wunused -Wwrite-strings -Waddress -Wattributes -Wcast-align -Wdeclaration-after-statement -Wdiv-by-zero -Wempty-body -Wendif-labels -Wfloat-equal -Wformat-security -Wignored-qualifiers -Wmissing-field-initializers -Wmissing-noreturn -Wno-format-nonliteral -Wno-system-headers -Wold-style-definition -Wredundant-decls -Wsign-conversion -Wno-error=sign-conversion -Wstrict-prototypes -Wtype-limits -Wunreachable-code -Wunused-parameter -Wvla -Wclobbered -Wmissing-parameter-type -Wold-style-declaration -Wstrict-aliasing=3 -Wtrampolines -Wformat=2 -Warray-bounds=2 -ftree-vrp -Wduplicated-cond -Wnull-dereference -fdelete-null-pointer-checks -Wshift-negative-value -Wshift-overflow=2 -Walloc-zero -Wduplicated-branches -Wformat-overflow=2 -Wformat-truncation=2 -Wimplicit-fallthrough -Wrestrict -Warith-conversion -Wdouble-promotion -Wenum-conversion -Wpragmas -Wunused-const-variable  CMakeFiles/cmTC_281ad.dir/CheckSymbolExists.c.o -o cmTC_281ad 
gmake[4]: 离开目录“/home/wtc/realsense_src/build/libcurl/src/libcurl-build/CMakeFiles/CMakeTmp”
gmake[3]: 离开目录“/home/wtc/realsense_src/build/libcurl/src/libcurl-build/CMakeFiles/CMakeTmp”


File /home/wtc/realsense_src/build/libcurl/src/libcurl-build/CMakeFiles/CMakeTmp/CheckSymbolExists.c:
/* */
#include <sys/wait.h>
#include <sys/ioctl.h>
#include <sys/param.h>
#include <sys/poll.h>
#include <sys/resource.h>
#include <sys/select.h>
#include <sys/socket.h>
#include <sys/stat.h>
#include <sys/time.h>
#include <sys/types.h>
#include <sys/un.h>
#include <sys/xattr.h>
#include <arpa/inet.h>
#include <dirent.h>
#include <fcntl.h>
#include <ifaddrs.h>
#include <libgen.h>
#include <locale.h>
#include <net/if.h>
#include <netdb.h>
#include <netinet/in.h>
#include <netinet/tcp.h>
#include <netinet/udp.h>
#include <poll.h>
#include <pwd.h>
#include <stdatomic.h>
#include <stdbool.h>
#include <strings.h>
#include <termio.h>
#include <termios.h>
#include <unistd.h>
#include <utime.h>

int main(int argc, char** argv)
{
  (void)argv;
#ifndef utime
  return ((int*)(&utime))[argc];
#else
  (void)argc;
  return 0;
#endif
}
Determining if the gmtime_r exist passed with the following output:
Change Dir: /home/wtc/realsense_src/build/libcurl/src/libcurl-build/CMakeFiles/CMakeTmp

Run Build Command(s):/usr/bin/gmake -f Makefile cmTC_5e7ee/fast && gmake[3]: 进入目录“/home/wtc/realsense_src/build/libcurl/src/libcurl-build/CMakeFiles/CMakeTmp”
/usr/bin/gmake  -f CMakeFiles/cmTC_5e7ee.dir/build.make CMakeFiles/cmTC_5e7ee.dir/build
gmake[4]: 进入目录“/home/wtc/realsense_src/build/libcurl/src/libcurl-build/CMakeFiles/CMakeTmp”
Building C object CMakeFiles/cmTC_5e7ee.dir/CheckSymbolExists.c.o
/usr/bin/cc   -pedantic -D_DEFAULT_SOURCE   -ffp-contract=off   -mssse3 -pthread  -W -Wall -pedantic -Wbad-function-cast -Wconversion -Winline -Wmissing-declarations -Wmissing-prototypes -Wnested-externs -Wno-long-long -Wno-multichar -Wpointer-arith -Wshadow -Wsign-compare -Wundef -Wunused -Wwrite-strings -Waddress -Wattributes -Wcast-align -Wdeclaration-after-statement -Wdiv-by-zero -Wempty-body -Wendif-labels -Wfloat-equal -Wformat-security -Wignored-qualifiers -Wmissing-field-initializers -Wmissing-noreturn -Wno-format-nonliteral -Wno-system-headers -Wold-style-definition -Wredundant-decls -Wsign-conversion -Wno-error=sign-conversion -Wstrict-prototypes -Wtype-limits -Wunreachable-code -Wunused-parameter -Wvla -Wclobbered -Wmissing-parameter-type -Wold-style-declaration -Wstrict-aliasing=3 -Wtrampolines -Wformat=2 -Warray-bounds=2 -ftree-vrp -Wduplicated-cond -Wnull-dereference -fdelete-null-pointer-checks -Wshift-negative-value -Wshift-overflow=2 -Walloc-zero -Wduplicated-branches -Wformat-overflow=2 -Wformat-truncation=2 -Wimplicit-fallthrough -Wrestrict -Warith-conversion -Wdouble-promotion -Wenum-conversion -Wpragmas -Wunused-const-variable  -o CMakeFiles/cmTC_5e7ee.dir/CheckSymbolExists.c.o -c /home/wtc/realsense_src/build/libcurl/src/libcurl-build/CMakeFiles/CMakeTmp/CheckSymbolExists.c
/home/wtc/realsense_src/build/libcurl/src/libcurl-build/CMakeFiles/CMakeTmp/CheckSymbolExists.c: In function ‘main’:
/home/wtc/realsense_src/build/libcurl/src/libcurl-build/CMakeFiles/CMakeTmp/CheckSymbolExists.c:41:11: warning: ISO C forbids conversion of function pointer to object pointer type [-Wpedantic]
   41 |   return ((int*)(&gmtime_r))[argc];
      |           ^
Linking C executable cmTC_5e7ee
/usr/bin/cmake -E cmake_link_script CMakeFiles/cmTC_5e7ee.dir/link.txt --verbose=1
/usr/bin/cc    -pedantic -D_DEFAULT_SOURCE   -ffp-contract=off   -mssse3 -pthread  -W -Wall -pedantic -Wbad-function-cast -Wconversion -Winline -Wmissing-declarations -Wmissing-prototypes -Wnested-externs -Wno-long-long -Wno-multichar -Wpointer-arith -Wshadow -Wsign-compare -Wundef -Wunused -Wwrite-strings -Waddress -Wattributes -Wcast-align -Wdeclaration-after-statement -Wdiv-by-zero -Wempty-body -Wendif-labels -Wfloat-equal -Wformat-security -Wignored-qualifiers -Wmissing-field-initializers -Wmissing-noreturn -Wno-format-nonliteral -Wno-system-headers -Wold-style-definition -Wredundant-decls -Wsign-conversion -Wno-error=sign-conversion -Wstrict-prototypes -Wtype-limits -Wunreachable-code -Wunused-parameter -Wvla -Wclobbered -Wmissing-parameter-type -Wold-style-declaration -Wstrict-aliasing=3 -Wtrampolines -Wformat=2 -Warray-bounds=2 -ftree-vrp -Wduplicated-cond -Wnull-dereference -fdelete-null-pointer-checks -Wshift-negative-value -Wshift-overflow=2 -Walloc-zero -Wduplicated-branches -Wformat-overflow=2 -Wformat-truncation=2 -Wimplicit-fallthrough -Wrestrict -Warith-conversion -Wdouble-promotion -Wenum-conversion -Wpragmas -Wunused-const-variable  CMakeFiles/cmTC_5e7ee.dir/CheckSymbolExists.c.o -o cmTC_5e7ee 
gmake[4]: 离开目录“/home/wtc/realsense_src/build/libcurl/src/libcurl-build/CMakeFiles/CMakeTmp”
gmake[3]: 离开目录“/home/wtc/realsense_src/build/libcurl/src/libcurl-build/CMakeFiles/CMakeTmp”


File /home/wtc/realsense_src/build/libcurl/src/libcurl-build/CMakeFiles/CMakeTmp/CheckSymbolExists.c:
/* */
#include <sys/wait.h>
#include <sys/ioctl.h>
#include <sys/param.h>
#include <sys/poll.h>
#include <sys/resource.h>
#include <sys/select.h>
#include <sys/socket.h>
#include <sys/stat.h>
#include <sys/time.h>
#include <sys/types.h>
#include <sys/un.h>
#include <sys/xattr.h>
#include <arpa/inet.h>
#include <dirent.h>
#include <fcntl.h>
#include <ifaddrs.h>
#include <libgen.h>
#include <locale.h>
#include <net/if.h>
#include <netdb.h>
#include <netinet/in.h>
#include <netinet/tcp.h>
#include <netinet/udp.h>
#include <poll.h>
#include <pwd.h>
#include <stdatomic.h>
#include <stdbool.h>
#include <strings.h>
#include <termio.h>
#include <termios.h>
#include <unistd.h>
#include <utime.h>
#include <stdlib.h>
#include <time.h>

int main(int argc, char** argv)
{
  (void)argv;
#ifndef gmtime_r
  return ((int*)(&gmtime_r))[argc];
#else
  (void)argc;
  return 0;
#endif
}
Determining if the gethostbyname_r exist passed with the following output:
Change Dir: /home/wtc/realsense_src/build/libcurl/src/libcurl-build/CMakeFiles/CMakeTmp

Run Build Command(s):/usr/bin/gmake -f Makefile cmTC_4f213/fast && gmake[3]: 进入目录“/home/wtc/realsense_src/build/libcurl/src/libcurl-build/CMakeFiles/CMakeTmp”
/usr/bin/gmake  -f CMakeFiles/cmTC_4f213.dir/build.make CMakeFiles/cmTC_4f213.dir/build
gmake[4]: 进入目录“/home/wtc/realsense_src/build/libcurl/src/libcurl-build/CMakeFiles/CMakeTmp”
Building C object CMakeFiles/cmTC_4f213.dir/CheckSymbolExists.c.o
/usr/bin/cc   -pedantic -D_DEFAULT_SOURCE   -ffp-contract=off   -mssse3 -pthread  -W -Wall -pedantic -Wbad-function-cast -Wconversion -Winline -Wmissing-declarations -Wmissing-prototypes -Wnested-externs -Wno-long-long -Wno-multichar -Wpointer-arith -Wshadow -Wsign-compare -Wundef -Wunused -Wwrite-strings -Waddress -Wattributes -Wcast-align -Wdeclaration-after-statement -Wdiv-by-zero -Wempty-body -Wendif-labels -Wfloat-equal -Wformat-security -Wignored-qualifiers -Wmissing-field-initializers -Wmissing-noreturn -Wno-format-nonliteral -Wno-system-headers -Wold-style-definition -Wredundant-decls -Wsign-conversion -Wno-error=sign-conversion -Wstrict-prototypes -Wtype-limits -Wunreachable-code -Wunused-parameter -Wvla -Wclobbered -Wmissing-parameter-type -Wold-style-declaration -Wstrict-aliasing=3 -Wtrampolines -Wformat=2 -Warray-bounds=2 -ftree-vrp -Wduplicated-cond -Wnull-dereference -fdelete-null-pointer-checks -Wshift-negative-value -Wshift-overflow=2 -Walloc-zero -Wduplicated-branches -Wformat-overflow=2 -Wformat-truncation=2 -Wimplicit-fallthrough -Wrestrict -Warith-conversion -Wdouble-promotion -Wenum-conversion -Wpragmas -Wunused-const-variable  -o CMakeFiles/cmTC_4f213.dir/CheckSymbolExists.c.o -c /home/wtc/realsense_src/build/libcurl/src/libcurl-build/CMakeFiles/CMakeTmp/CheckSymbolExists.c
/home/wtc/realsense_src/build/libcurl/src/libcurl-build/CMakeFiles/CMakeTmp/CheckSymbolExists.c: In function ‘main’:
/home/wtc/realsense_src/build/libcurl/src/libcurl-build/CMakeFiles/CMakeTmp/CheckSymbolExists.c:39:11: warning: ISO C forbids conversion of function pointer to object pointer type [-Wpedantic]
   39 |   return ((int*)(&gethostbyname_r))[argc];
      |           ^
Linking C executable cmTC_4f213
/usr/bin/cmake -E cmake_link_script CMakeFiles/cmTC_4f213.dir/link.txt --verbose=1
/usr/bin/cc    -pedantic -D_DEFAULT_SOURCE   -ffp-contract=off   -mssse3 -pthread  -W -Wall -pedantic -Wbad-function-cast -Wconversion -Winline -Wmissing-declarations -Wmissing-prototypes -Wnested-externs -Wno-long-long -Wno-multichar -Wpointer-arith -Wshadow -Wsign-compare -Wundef -Wunused -Wwrite-strings -Waddress -Wattributes -Wcast-align -Wdeclaration-after-statement -Wdiv-by-zero -Wempty-body -Wendif-labels -Wfloat-equal -Wformat-security -Wignored-qualifiers -Wmissing-field-initializers -Wmissing-noreturn -Wno-format-nonliteral -Wno-system-headers -Wold-style-definition -Wredundant-decls -Wsign-conversion -Wno-error=sign-conversion -Wstrict-prototypes -Wtype-limits -Wunreachable-code -Wunused-parameter -Wvla -Wclobbered -Wmissing-parameter-type -Wold-style-declaration -Wstrict-aliasing=3 -Wtrampolines -Wformat=2 -Warray-bounds=2 -ftree-vrp -Wduplicated-cond -Wnull-dereference -fdelete-null-pointer-checks -Wshift-negative-value -Wshift-overflow=2 -Walloc-zero -Wduplicated-branches -Wformat-overflow=2 -Wformat-truncation=2 -Wimplicit-fallthrough -Wrestrict -Warith-conversion -Wdouble-promotion -Wenum-conversion -Wpragmas -Wunused-const-variable  CMakeFiles/cmTC_4f213.dir/CheckSymbolExists.c.o -o cmTC_4f213 
gmake[4]: 离开目录“/home/wtc/realsense_src/build/libcurl/src/libcurl-build/CMakeFiles/CMakeTmp”
gmake[3]: 离开目录“/home/wtc/realsense_src/build/libcurl/src/libcurl-build/CMakeFiles/CMakeTmp”


File /home/wtc/realsense_src/build/libcurl/src/libcurl-build/CMakeFiles/CMakeTmp/CheckSymbolExists.c:
/* */
#include <sys/wait.h>
#include <sys/ioctl.h>
#include <sys/param.h>
#include <sys/poll.h>
#include <sys/resource.h>
#include <sys/select.h>
#include <sys/socket.h>
#include <sys/stat.h>
#include <sys/time.h>
#include <sys/types.h>
#include <sys/un.h>
#include <sys/xattr.h>
#include <arpa/inet.h>
#include <dirent.h>
#include <fcntl.h>
#include <ifaddrs.h>
#include <libgen.h>
#include <locale.h>
#include <net/if.h>
#include <netdb.h>
#include <netinet/in.h>
#include <netinet/tcp.h>
#include <netinet/udp.h>
#include <poll.h>
#include <pwd.h>
#include <stdatomic.h>
#include <stdbool.h>
#include <strings.h>
#include <termio.h>
#include <termios.h>
#include <unistd.h>
#include <utime.h>

int main(int argc, char** argv)
{
  (void)argv;
#ifndef gethostbyname_r
  return ((int*)(&gethostbyname_r))[argc];
#else
  (void)argc;
  return 0;
#endif
}
Determining if the signal exist passed with the following output:
Change Dir: /home/wtc/realsense_src/build/libcurl/src/libcurl-build/CMakeFiles/CMakeTmp

Run Build Command(s):/usr/bin/gmake -f Makefile cmTC_1d9f4/fast && gmake[3]: 进入目录“/home/wtc/realsense_src/build/libcurl/src/libcurl-build/CMakeFiles/CMakeTmp”
/usr/bin/gmake  -f CMakeFiles/cmTC_1d9f4.dir/build.make CMakeFiles/cmTC_1d9f4.dir/build
gmake[4]: 进入目录“/home/wtc/realsense_src/build/libcurl/src/libcurl-build/CMakeFiles/CMakeTmp”
Building C object CMakeFiles/cmTC_1d9f4.dir/CheckSymbolExists.c.o
/usr/bin/cc   -pedantic -D_DEFAULT_SOURCE   -ffp-contract=off   -mssse3 -pthread  -W -Wall -pedantic -Wbad-function-cast -Wconversion -Winline -Wmissing-declarations -Wmissing-prototypes -Wnested-externs -Wno-long-long -Wno-multichar -Wpointer-arith -Wshadow -Wsign-compare -Wundef -Wunused -Wwrite-strings -Waddress -Wattributes -Wcast-align -Wdeclaration-after-statement -Wdiv-by-zero -Wempty-body -Wendif-labels -Wfloat-equal -Wformat-security -Wignored-qualifiers -Wmissing-field-initializers -Wmissing-noreturn -Wno-format-nonliteral -Wno-system-headers -Wold-style-definition -Wredundant-decls -Wsign-conversion -Wno-error=sign-conversion -Wstrict-prototypes -Wtype-limits -Wunreachable-code -Wunused-parameter -Wvla -Wclobbered -Wmissing-parameter-type -Wold-style-declaration -Wstrict-aliasing=3 -Wtrampolines -Wformat=2 -Warray-bounds=2 -ftree-vrp -Wduplicated-cond -Wnull-dereference -fdelete-null-pointer-checks -Wshift-negative-value -Wshift-overflow=2 -Walloc-zero -Wduplicated-branches -Wformat-overflow=2 -Wformat-truncation=2 -Wimplicit-fallthrough -Wrestrict -Warith-conversion -Wdouble-promotion -Wenum-conversion -Wpragmas -Wunused-const-variable  -o CMakeFiles/cmTC_1d9f4.dir/CheckSymbolExists.c.o -c /home/wtc/realsense_src/build/libcurl/src/libcurl-build/CMakeFiles/CMakeTmp/CheckSymbolExists.c
/home/wtc/realsense_src/build/libcurl/src/libcurl-build/CMakeFiles/CMakeTmp/CheckSymbolExists.c: In function ‘main’:
/home/wtc/realsense_src/build/libcurl/src/libcurl-build/CMakeFiles/CMakeTmp/CheckSymbolExists.c:40:11: warning: ISO C forbids conversion of function pointer to object pointer type [-Wpedantic]
   40 |   return ((int*)(&signal))[argc];
      |           ^
Linking C executable cmTC_1d9f4
/usr/bin/cmake -E cmake_link_script CMakeFiles/cmTC_1d9f4.dir/link.txt --verbose=1
/usr/bin/cc    -pedantic -D_DEFAULT_SOURCE   -ffp-contract=off   -mssse3 -pthread  -W -Wall -pedantic -Wbad-function-cast -Wconversion -Winline -Wmissing-declarations -Wmissing-prototypes -Wnested-externs -Wno-long-long -Wno-multichar -Wpointer-arith -Wshadow -Wsign-compare -Wundef -Wunused -Wwrite-strings -Waddress -Wattributes -Wcast-align -Wdeclaration-after-statement -Wdiv-by-zero -Wempty-body -Wendif-labels -Wfloat-equal -Wformat-security -Wignored-qualifiers -Wmissing-field-initializers -Wmissing-noreturn -Wno-format-nonliteral -Wno-system-headers -Wold-style-definition -Wredundant-decls -Wsign-conversion -Wno-error=sign-conversion -Wstrict-prototypes -Wtype-limits -Wunreachable-code -Wunused-parameter -Wvla -Wclobbered -Wmissing-parameter-type -Wold-style-declaration -Wstrict-aliasing=3 -Wtrampolines -Wformat=2 -Warray-bounds=2 -ftree-vrp -Wduplicated-cond -Wnull-dereference -fdelete-null-pointer-checks -Wshift-negative-value -Wshift-overflow=2 -Walloc-zero -Wduplicated-branches -Wformat-overflow=2 -Wformat-truncation=2 -Wimplicit-fallthrough -Wrestrict -Warith-conversion -Wdouble-promotion -Wenum-conversion -Wpragmas -Wunused-const-variable  CMakeFiles/cmTC_1d9f4.dir/CheckSymbolExists.c.o -o cmTC_1d9f4 
gmake[4]: 离开目录“/home/wtc/realsense_src/build/libcurl/src/libcurl-build/CMakeFiles/CMakeTmp”
gmake[3]: 离开目录“/home/wtc/realsense_src/build/libcurl/src/libcurl-build/CMakeFiles/CMakeTmp”


File /home/wtc/realsense_src/build/libcurl/src/libcurl-build/CMakeFiles/CMakeTmp/CheckSymbolExists.c:
/* */
#include <sys/wait.h>
#include <sys/ioctl.h>
#include <sys/param.h>
#include <sys/poll.h>
#include <sys/resource.h>
#include <sys/select.h>
#include <sys/socket.h>
#include <sys/stat.h>
#include <sys/time.h>
#include <sys/types.h>
#include <sys/un.h>
#include <sys/xattr.h>
#include <arpa/inet.h>
#include <dirent.h>
#include <fcntl.h>
#include <ifaddrs.h>
#include <libgen.h>
#include <locale.h>
#include <net/if.h>
#include <netdb.h>
#include <netinet/in.h>
#include <netinet/tcp.h>
#include <netinet/udp.h>
#include <poll.h>
#include <pwd.h>
#include <stdatomic.h>
#include <stdbool.h>
#include <strings.h>
#include <termio.h>
#include <termios.h>
#include <unistd.h>
#include <utime.h>
#include <signal.h>

int main(int argc, char** argv)
{
  (void)argv;
#ifndef signal
  return ((int*)(&signal))[argc];
#else
  (void)argc;
  return 0;
#endif
}
Determining if the strtoll exist passed with the following output:
Change Dir: /home/wtc/realsense_src/build/libcurl/src/libcurl-build/CMakeFiles/CMakeTmp

Run Build Command(s):/usr/bin/gmake -f Makefile cmTC_7e87c/fast && gmake[3]: 进入目录“/home/wtc/realsense_src/build/libcurl/src/libcurl-build/CMakeFiles/CMakeTmp”
/usr/bin/gmake  -f CMakeFiles/cmTC_7e87c.dir/build.make CMakeFiles/cmTC_7e87c.dir/build
gmake[4]: 进入目录“/home/wtc/realsense_src/build/libcurl/src/libcurl-build/CMakeFiles/CMakeTmp”
Building C object CMakeFiles/cmTC_7e87c.dir/CheckSymbolExists.c.o
/usr/bin/cc   -pedantic -D_DEFAULT_SOURCE   -ffp-contract=off   -mssse3 -pthread  -W -Wall -pedantic -Wbad-function-cast -Wconversion -Winline -Wmissing-declarations -Wmissing-prototypes -Wnested-externs -Wno-long-long -Wno-multichar -Wpointer-arith -Wshadow -Wsign-compare -Wundef -Wunused -Wwrite-strings -Waddress -Wattributes -Wcast-align -Wdeclaration-after-statement -Wdiv-by-zero -Wempty-body -Wendif-labels -Wfloat-equal -Wformat-security -Wignored-qualifiers -Wmissing-field-initializers -Wmissing-noreturn -Wno-format-nonliteral -Wno-system-headers -Wold-style-definition -Wredundant-decls -Wsign-conversion -Wno-error=sign-conversion -Wstrict-prototypes -Wtype-limits -Wunreachable-code -Wunused-parameter -Wvla -Wclobbered -Wmissing-parameter-type -Wold-style-declaration -Wstrict-aliasing=3 -Wtrampolines -Wformat=2 -Warray-bounds=2 -ftree-vrp -Wduplicated-cond -Wnull-dereference -fdelete-null-pointer-checks -Wshift-negative-value -Wshift-overflow=2 -Walloc-zero -Wduplicated-branches -Wformat-overflow=2 -Wformat-truncation=2 -Wimplicit-fallthrough -Wrestrict -Warith-conversion -Wdouble-promotion -Wenum-conversion -Wpragmas -Wunused-const-variable  -o CMakeFiles/cmTC_7e87c.dir/CheckSymbolExists.c.o -c /home/wtc/realsense_src/build/libcurl/src/libcurl-build/CMakeFiles/CMakeTmp/CheckSymbolExists.c
/home/wtc/realsense_src/build/libcurl/src/libcurl-build/CMakeFiles/CMakeTmp/CheckSymbolExists.c: In function ‘main’:
/home/wtc/realsense_src/build/libcurl/src/libcurl-build/CMakeFiles/CMakeTmp/CheckSymbolExists.c:40:11: warning: ISO C forbids conversion of function pointer to object pointer type [-Wpedantic]
   40 |   return ((int*)(&strtoll))[argc];
      |           ^
Linking C executable cmTC_7e87c
/usr/bin/cmake -E cmake_link_script CMakeFiles/cmTC_7e87c.dir/link.txt --verbose=1
/usr/bin/cc    -pedantic -D_DEFAULT_SOURCE   -ffp-contract=off   -mssse3 -pthread  -W -Wall -pedantic -Wbad-function-cast -Wconversion -Winline -Wmissing-declarations -Wmissing-prototypes -Wnested-externs -Wno-long-long -Wno-multichar -Wpointer-arith -Wshadow -Wsign-compare -Wundef -Wunused -Wwrite-strings -Waddress -Wattributes -Wcast-align -Wdeclaration-after-statement -Wdiv-by-zero -Wempty-body -Wendif-labels -Wfloat-equal -Wformat-security -Wignored-qualifiers -Wmissing-field-initializers -Wmissing-noreturn -Wno-format-nonliteral -Wno-system-headers -Wold-style-definition -Wredundant-decls -Wsign-conversion -Wno-error=sign-conversion -Wstrict-prototypes -Wtype-limits -Wunreachable-code -Wunused-parameter -Wvla -Wclobbered -Wmissing-parameter-type -Wold-style-declaration -Wstrict-aliasing=3 -Wtrampolines -Wformat=2 -Warray-bounds=2 -ftree-vrp -Wduplicated-cond -Wnull-dereference -fdelete-null-pointer-checks -Wshift-negative-value -Wshift-overflow=2 -Walloc-zero -Wduplicated-branches -Wformat-overflow=2 -Wformat-truncation=2 -Wimplicit-fallthrough -Wrestrict -Warith-conversion -Wdouble-promotion -Wenum-conversion -Wpragmas -Wunused-const-variable  CMakeFiles/cmTC_7e87c.dir/CheckSymbolExists.c.o -o cmTC_7e87c 
gmake[4]: 离开目录“/home/wtc/realsense_src/build/libcurl/src/libcurl-build/CMakeFiles/CMakeTmp”
gmake[3]: 离开目录“/home/wtc/realsense_src/build/libcurl/src/libcurl-build/CMakeFiles/CMakeTmp”


File /home/wtc/realsense_src/build/libcurl/src/libcurl-build/CMakeFiles/CMakeTmp/CheckSymbolExists.c:
/* */
#include <sys/wait.h>
#include <sys/ioctl.h>
#include <sys/param.h>
#include <sys/poll.h>
#include <sys/resource.h>
#include <sys/select.h>
#include <sys/socket.h>
#include <sys/stat.h>
#include <sys/time.h>
#include <sys/types.h>
#include <sys/un.h>
#include <sys/xattr.h>
#include <arpa/inet.h>
#include <dirent.h>
#include <fcntl.h>
#include <ifaddrs.h>
#include <libgen.h>
#include <locale.h>
#include <net/if.h>
#include <netdb.h>
#include <netinet/in.h>
#include <netinet/tcp.h>
#include <netinet/udp.h>
#include <poll.h>
#include <pwd.h>
#include <stdatomic.h>
#include <stdbool.h>
#include <strings.h>
#include <termio.h>
#include <termios.h>
#include <unistd.h>
#include <utime.h>
#include <stdlib.h>

int main(int argc, char** argv)
{
  (void)argv;
#ifndef strtoll
  return ((int*)(&strtoll))[argc];
#else
  (void)argc;
  return 0;
#endif
}
Determining if the strerror_r exist passed with the following output:
Change Dir: /home/wtc/realsense_src/build/libcurl/src/libcurl-build/CMakeFiles/CMakeTmp

Run Build Command(s):/usr/bin/gmake -f Makefile cmTC_6d7a7/fast && gmake[3]: 进入目录“/home/wtc/realsense_src/build/libcurl/src/libcurl-build/CMakeFiles/CMakeTmp”
/usr/bin/gmake  -f CMakeFiles/cmTC_6d7a7.dir/build.make CMakeFiles/cmTC_6d7a7.dir/build
gmake[4]: 进入目录“/home/wtc/realsense_src/build/libcurl/src/libcurl-build/CMakeFiles/CMakeTmp”
Building C object CMakeFiles/cmTC_6d7a7.dir/CheckSymbolExists.c.o
/usr/bin/cc   -pedantic -D_DEFAULT_SOURCE   -ffp-contract=off   -mssse3 -pthread  -W -Wall -pedantic -Wbad-function-cast -Wconversion -Winline -Wmissing-declarations -Wmissing-prototypes -Wnested-externs -Wno-long-long -Wno-multichar -Wpointer-arith -Wshadow -Wsign-compare -Wundef -Wunused -Wwrite-strings -Waddress -Wattributes -Wcast-align -Wdeclaration-after-statement -Wdiv-by-zero -Wempty-body -Wendif-labels -Wfloat-equal -Wformat-security -Wignored-qualifiers -Wmissing-field-initializers -Wmissing-noreturn -Wno-format-nonliteral -Wno-system-headers -Wold-style-definition -Wredundant-decls -Wsign-conversion -Wno-error=sign-conversion -Wstrict-prototypes -Wtype-limits -Wunreachable-code -Wunused-parameter -Wvla -Wclobbered -Wmissing-parameter-type -Wold-style-declaration -Wstrict-aliasing=3 -Wtrampolines -Wformat=2 -Warray-bounds=2 -ftree-vrp -Wduplicated-cond -Wnull-dereference -fdelete-null-pointer-checks -Wshift-negative-value -Wshift-overflow=2 -Walloc-zero -Wduplicated-branches -Wformat-overflow=2 -Wformat-truncation=2 -Wimplicit-fallthrough -Wrestrict -Warith-conversion -Wdouble-promotion -Wenum-conversion -Wpragmas -Wunused-const-variable  -o CMakeFiles/cmTC_6d7a7.dir/CheckSymbolExists.c.o -c /home/wtc/realsense_src/build/libcurl/src/libcurl-build/CMakeFiles/CMakeTmp/CheckSymbolExists.c
/home/wtc/realsense_src/build/libcurl/src/libcurl-build/CMakeFiles/CMakeTmp/CheckSymbolExists.c: In function ‘main’:
/home/wtc/realsense_src/build/libcurl/src/libcurl-build/CMakeFiles/CMakeTmp/CheckSymbolExists.c:41:11: warning: ISO C forbids conversion of function pointer to object pointer type [-Wpedantic]
   41 |   return ((int*)(&strerror_r))[argc];
      |           ^
Linking C executable cmTC_6d7a7
/usr/bin/cmake -E cmake_link_script CMakeFiles/cmTC_6d7a7.dir/link.txt --verbose=1
/usr/bin/cc    -pedantic -D_DEFAULT_SOURCE   -ffp-contract=off   -mssse3 -pthread  -W -Wall -pedantic -Wbad-function-cast -Wconversion -Winline -Wmissing-declarations -Wmissing-prototypes -Wnested-externs -Wno-long-long -Wno-multichar -Wpointer-arith -Wshadow -Wsign-compare -Wundef -Wunused -Wwrite-strings -Waddress -Wattributes -Wcast-align -Wdeclaration-after-statement -Wdiv-by-zero -Wempty-body -Wendif-labels -Wfloat-equal -Wformat-security -Wignored-qualifiers -Wmissing-field-initializers -Wmissing-noreturn -Wno-format-nonliteral -Wno-system-headers -Wold-style-definition -Wredundant-decls -Wsign-conversion -Wno-error=sign-conversion -Wstrict-prototypes -Wtype-limits -Wunreachable-code -Wunused-parameter -Wvla -Wclobbered -Wmissing-parameter-type -Wold-style-declaration -Wstrict-aliasing=3 -Wtrampolines -Wformat=2 -Warray-bounds=2 -ftree-vrp -Wduplicated-cond -Wnull-dereference -fdelete-null-pointer-checks -Wshift-negative-value -Wshift-overflow=2 -Walloc-zero -Wduplicated-branches -Wformat-overflow=2 -Wformat-truncation=2 -Wimplicit-fallthrough -Wrestrict -Warith-conversion -Wdouble-promotion -Wenum-conversion -Wpragmas -Wunused-const-variable  CMakeFiles/cmTC_6d7a7.dir/CheckSymbolExists.c.o -o cmTC_6d7a7 
gmake[4]: 离开目录“/home/wtc/realsense_src/build/libcurl/src/libcurl-build/CMakeFiles/CMakeTmp”
gmake[3]: 离开目录“/home/wtc/realsense_src/build/libcurl/src/libcurl-build/CMakeFiles/CMakeTmp”


File /home/wtc/realsense_src/build/libcurl/src/libcurl-build/CMakeFiles/CMakeTmp/CheckSymbolExists.c:
/* */
#include <sys/wait.h>
#include <sys/ioctl.h>
#include <sys/param.h>
#include <sys/poll.h>
#include <sys/resource.h>
#include <sys/select.h>
#include <sys/socket.h>
#include <sys/stat.h>
#include <sys/time.h>
#include <sys/types.h>
#include <sys/un.h>
#include <sys/xattr.h>
#include <arpa/inet.h>
#include <dirent.h>
#include <fcntl.h>
#include <ifaddrs.h>
#include <libgen.h>
#include <locale.h>
#include <net/if.h>
#include <netdb.h>
#include <netinet/in.h>
#include <netinet/tcp.h>
#include <netinet/udp.h>
#include <poll.h>
#include <pwd.h>
#include <stdatomic.h>
#include <stdbool.h>
#include <strings.h>
#include <termio.h>
#include <termios.h>
#include <unistd.h>
#include <utime.h>
#include <stdlib.h>
#include <string.h>

int main(int argc, char** argv)
{
  (void)argv;
#ifndef strerror_r
  return ((int*)(&strerror_r))[argc];
#else
  (void)argc;
  return 0;
#endif
}
Determining if the sigaction exist passed with the following output:
Change Dir: /home/wtc/realsense_src/build/libcurl/src/libcurl-build/CMakeFiles/CMakeTmp

Run Build Command(s):/usr/bin/gmake -f Makefile cmTC_2db71/fast && gmake[3]: 进入目录“/home/wtc/realsense_src/build/libcurl/src/libcurl-build/CMakeFiles/CMakeTmp”
/usr/bin/gmake  -f CMakeFiles/cmTC_2db71.dir/build.make CMakeFiles/cmTC_2db71.dir/build
gmake[4]: 进入目录“/home/wtc/realsense_src/build/libcurl/src/libcurl-build/CMakeFiles/CMakeTmp”
Building C object CMakeFiles/cmTC_2db71.dir/CheckSymbolExists.c.o
/usr/bin/cc   -pedantic -D_DEFAULT_SOURCE   -ffp-contract=off   -mssse3 -pthread  -W -Wall -pedantic -Wbad-function-cast -Wconversion -Winline -Wmissing-declarations -Wmissing-prototypes -Wnested-externs -Wno-long-long -Wno-multichar -Wpointer-arith -Wshadow -Wsign-compare -Wundef -Wunused -Wwrite-strings -Waddress -Wattributes -Wcast-align -Wdeclaration-after-statement -Wdiv-by-zero -Wempty-body -Wendif-labels -Wfloat-equal -Wformat-security -Wignored-qualifiers -Wmissing-field-initializers -Wmissing-noreturn -Wno-format-nonliteral -Wno-system-headers -Wold-style-definition -Wredundant-decls -Wsign-conversion -Wno-error=sign-conversion -Wstrict-prototypes -Wtype-limits -Wunreachable-code -Wunused-parameter -Wvla -Wclobbered -Wmissing-parameter-type -Wold-style-declaration -Wstrict-aliasing=3 -Wtrampolines -Wformat=2 -Warray-bounds=2 -ftree-vrp -Wduplicated-cond -Wnull-dereference -fdelete-null-pointer-checks -Wshift-negative-value -Wshift-overflow=2 -Walloc-zero -Wduplicated-branches -Wformat-overflow=2 -Wformat-truncation=2 -Wimplicit-fallthrough -Wrestrict -Warith-conversion -Wdouble-promotion -Wenum-conversion -Wpragmas -Wunused-const-variable  -o CMakeFiles/cmTC_2db71.dir/CheckSymbolExists.c.o -c /home/wtc/realsense_src/build/libcurl/src/libcurl-build/CMakeFiles/CMakeTmp/CheckSymbolExists.c
/home/wtc/realsense_src/build/libcurl/src/libcurl-build/CMakeFiles/CMakeTmp/CheckSymbolExists.c: In function ‘main’:
/home/wtc/realsense_src/build/libcurl/src/libcurl-build/CMakeFiles/CMakeTmp/CheckSymbolExists.c:8:11: warning: ISO C forbids conversion of function pointer to object pointer type [-Wpedantic]
    8 |   return ((int*)(&sigaction))[argc];
      |           ^
Linking C executable cmTC_2db71
/usr/bin/cmake -E cmake_link_script CMakeFiles/cmTC_2db71.dir/link.txt --verbose=1
/usr/bin/cc    -pedantic -D_DEFAULT_SOURCE   -ffp-contract=off   -mssse3 -pthread  -W -Wall -pedantic -Wbad-function-cast -Wconversion -Winline -Wmissing-declarations -Wmissing-prototypes -Wnested-externs -Wno-long-long -Wno-multichar -Wpointer-arith -Wshadow -Wsign-compare -Wundef -Wunused -Wwrite-strings -Waddress -Wattributes -Wcast-align -Wdeclaration-after-statement -Wdiv-by-zero -Wempty-body -Wendif-labels -Wfloat-equal -Wformat-security -Wignored-qualifiers -Wmissing-field-initializers -Wmissing-noreturn -Wno-format-nonliteral -Wno-system-headers -Wold-style-definition -Wredundant-decls -Wsign-conversion -Wno-error=sign-conversion -Wstrict-prototypes -Wtype-limits -Wunreachable-code -Wunused-parameter -Wvla -Wclobbered -Wmissing-parameter-type -Wold-style-declaration -Wstrict-aliasing=3 -Wtrampolines -Wformat=2 -Warray-bounds=2 -ftree-vrp -Wduplicated-cond -Wnull-dereference -fdelete-null-pointer-checks -Wshift-negative-value -Wshift-overflow=2 -Walloc-zero -Wduplicated-branches -Wformat-overflow=2 -Wformat-truncation=2 -Wimplicit-fallthrough -Wrestrict -Warith-conversion -Wdouble-promotion -Wenum-conversion -Wpragmas -Wunused-const-variable  CMakeFiles/cmTC_2db71.dir/CheckSymbolExists.c.o -o cmTC_2db71 
gmake[4]: 离开目录“/home/wtc/realsense_src/build/libcurl/src/libcurl-build/CMakeFiles/CMakeTmp”
gmake[3]: 离开目录“/home/wtc/realsense_src/build/libcurl/src/libcurl-build/CMakeFiles/CMakeTmp”


File /home/wtc/realsense_src/build/libcurl/src/libcurl-build/CMakeFiles/CMakeTmp/CheckSymbolExists.c:
/* */
#include <signal.h>

int main(int argc, char** argv)
{
  (void)argv;
#ifndef sigaction
  return ((int*)(&sigaction))[argc];
#else
  (void)argc;
  return 0;
#endif
}
Determining if the siginterrupt exist passed with the following output:
Change Dir: /home/wtc/realsense_src/build/libcurl/src/libcurl-build/CMakeFiles/CMakeTmp

Run Build Command(s):/usr/bin/gmake -f Makefile cmTC_c466b/fast && gmake[3]: 进入目录“/home/wtc/realsense_src/build/libcurl/src/libcurl-build/CMakeFiles/CMakeTmp”
/usr/bin/gmake  -f CMakeFiles/cmTC_c466b.dir/build.make CMakeFiles/cmTC_c466b.dir/build
gmake[4]: 进入目录“/home/wtc/realsense_src/build/libcurl/src/libcurl-build/CMakeFiles/CMakeTmp”
Building C object CMakeFiles/cmTC_c466b.dir/CheckSymbolExists.c.o
/usr/bin/cc   -pedantic -D_DEFAULT_SOURCE   -ffp-contract=off   -mssse3 -pthread  -W -Wall -pedantic -Wbad-function-cast -Wconversion -Winline -Wmissing-declarations -Wmissing-prototypes -Wnested-externs -Wno-long-long -Wno-multichar -Wpointer-arith -Wshadow -Wsign-compare -Wundef -Wunused -Wwrite-strings -Waddress -Wattributes -Wcast-align -Wdeclaration-after-statement -Wdiv-by-zero -Wempty-body -Wendif-labels -Wfloat-equal -Wformat-security -Wignored-qualifiers -Wmissing-field-initializers -Wmissing-noreturn -Wno-format-nonliteral -Wno-system-headers -Wold-style-definition -Wredundant-decls -Wsign-conversion -Wno-error=sign-conversion -Wstrict-prototypes -Wtype-limits -Wunreachable-code -Wunused-parameter -Wvla -Wclobbered -Wmissing-parameter-type -Wold-style-declaration -Wstrict-aliasing=3 -Wtrampolines -Wformat=2 -Warray-bounds=2 -ftree-vrp -Wduplicated-cond -Wnull-dereference -fdelete-null-pointer-checks -Wshift-negative-value -Wshift-overflow=2 -Walloc-zero -Wduplicated-branches -Wformat-overflow=2 -Wformat-truncation=2 -Wimplicit-fallthrough -Wrestrict -Warith-conversion -Wdouble-promotion -Wenum-conversion -Wpragmas -Wunused-const-variable  -o CMakeFiles/cmTC_c466b.dir/CheckSymbolExists.c.o -c /home/wtc/realsense_src/build/libcurl/src/libcurl-build/CMakeFiles/CMakeTmp/CheckSymbolExists.c
/home/wtc/realsense_src/build/libcurl/src/libcurl-build/CMakeFiles/CMakeTmp/CheckSymbolExists.c: In function ‘main’:
/home/wtc/realsense_src/build/libcurl/src/libcurl-build/CMakeFiles/CMakeTmp/CheckSymbolExists.c:40:3: warning: ‘siginterrupt’ is deprecated: Use sigaction with SA_RESTART instead [-Wdeprecated-declarations]
   40 |   return ((int*)(&siginterrupt))[argc];
      |   ^~~~~~
In file included from /usr/include/x86_64-linux-gnu/sys/wait.h:36,
                 from /home/wtc/realsense_src/build/libcurl/src/libcurl-build/CMakeFiles/CMakeTmp/CheckSymbolExists.c:2:
/usr/include/signal.h:324:12: note: declared here
  324 | extern int siginterrupt (int __sig, int __interrupt) __THROW
      |            ^~~~~~~~~~~~
/home/wtc/realsense_src/build/libcurl/src/libcurl-build/CMakeFiles/CMakeTmp/CheckSymbolExists.c:40:11: warning: ISO C forbids conversion of function pointer to object pointer type [-Wpedantic]
   40 |   return ((int*)(&siginterrupt))[argc];
      |           ^
Linking C executable cmTC_c466b
/usr/bin/cmake -E cmake_link_script CMakeFiles/cmTC_c466b.dir/link.txt --verbose=1
/usr/bin/cc    -pedantic -D_DEFAULT_SOURCE   -ffp-contract=off   -mssse3 -pthread  -W -Wall -pedantic -Wbad-function-cast -Wconversion -Winline -Wmissing-declarations -Wmissing-prototypes -Wnested-externs -Wno-long-long -Wno-multichar -Wpointer-arith -Wshadow -Wsign-compare -Wundef -Wunused -Wwrite-strings -Waddress -Wattributes -Wcast-align -Wdeclaration-after-statement -Wdiv-by-zero -Wempty-body -Wendif-labels -Wfloat-equal -Wformat-security -Wignored-qualifiers -Wmissing-field-initializers -Wmissing-noreturn -Wno-format-nonliteral -Wno-system-headers -Wold-style-definition -Wredundant-decls -Wsign-conversion -Wno-error=sign-conversion -Wstrict-prototypes -Wtype-limits -Wunreachable-code -Wunused-parameter -Wvla -Wclobbered -Wmissing-parameter-type -Wold-style-declaration -Wstrict-aliasing=3 -Wtrampolines -Wformat=2 -Warray-bounds=2 -ftree-vrp -Wduplicated-cond -Wnull-dereference -fdelete-null-pointer-checks -Wshift-negative-value -Wshift-overflow=2 -Walloc-zero -Wduplicated-branches -Wformat-overflow=2 -Wformat-truncation=2 -Wimplicit-fallthrough -Wrestrict -Warith-conversion -Wdouble-promotion -Wenum-conversion -Wpragmas -Wunused-const-variable  CMakeFiles/cmTC_c466b.dir/CheckSymbolExists.c.o -o cmTC_c466b 
gmake[4]: 离开目录“/home/wtc/realsense_src/build/libcurl/src/libcurl-build/CMakeFiles/CMakeTmp”
gmake[3]: 离开目录“/home/wtc/realsense_src/build/libcurl/src/libcurl-build/CMakeFiles/CMakeTmp”


File /home/wtc/realsense_src/build/libcurl/src/libcurl-build/CMakeFiles/CMakeTmp/CheckSymbolExists.c:
/* */
#include <sys/wait.h>
#include <sys/ioctl.h>
#include <sys/param.h>
#include <sys/poll.h>
#include <sys/resource.h>
#include <sys/select.h>
#include <sys/socket.h>
#include <sys/stat.h>
#include <sys/time.h>
#include <sys/types.h>
#include <sys/un.h>
#include <sys/xattr.h>
#include <arpa/inet.h>
#include <dirent.h>
#include <fcntl.h>
#include <ifaddrs.h>
#include <libgen.h>
#include <locale.h>
#include <net/if.h>
#include <netdb.h>
#include <netinet/in.h>
#include <netinet/tcp.h>
#include <netinet/udp.h>
#include <poll.h>
#include <pwd.h>
#include <stdatomic.h>
#include <stdbool.h>
#include <strings.h>
#include <termio.h>
#include <termios.h>
#include <unistd.h>
#include <utime.h>
#include <signal.h>

int main(int argc, char** argv)
{
  (void)argv;
#ifndef siginterrupt
  return ((int*)(&siginterrupt))[argc];
#else
  (void)argc;
  return 0;
#endif
}
Determining if the getaddrinfo exist passed with the following output:
Change Dir: /home/wtc/realsense_src/build/libcurl/src/libcurl-build/CMakeFiles/CMakeTmp

Run Build Command(s):/usr/bin/gmake -f Makefile cmTC_1c40d/fast && gmake[3]: 进入目录“/home/wtc/realsense_src/build/libcurl/src/libcurl-build/CMakeFiles/CMakeTmp”
/usr/bin/gmake  -f CMakeFiles/cmTC_1c40d.dir/build.make CMakeFiles/cmTC_1c40d.dir/build
gmake[4]: 进入目录“/home/wtc/realsense_src/build/libcurl/src/libcurl-build/CMakeFiles/CMakeTmp”
Building C object CMakeFiles/cmTC_1c40d.dir/CheckSymbolExists.c.o
/usr/bin/cc   -pedantic -D_DEFAULT_SOURCE   -ffp-contract=off   -mssse3 -pthread  -W -Wall -pedantic -Wbad-function-cast -Wconversion -Winline -Wmissing-declarations -Wmissing-prototypes -Wnested-externs -Wno-long-long -Wno-multichar -Wpointer-arith -Wshadow -Wsign-compare -Wundef -Wunused -Wwrite-strings -Waddress -Wattributes -Wcast-align -Wdeclaration-after-statement -Wdiv-by-zero -Wempty-body -Wendif-labels -Wfloat-equal -Wformat-security -Wignored-qualifiers -Wmissing-field-initializers -Wmissing-noreturn -Wno-format-nonliteral -Wno-system-headers -Wold-style-definition -Wredundant-decls -Wsign-conversion -Wno-error=sign-conversion -Wstrict-prototypes -Wtype-limits -Wunreachable-code -Wunused-parameter -Wvla -Wclobbered -Wmissing-parameter-type -Wold-style-declaration -Wstrict-aliasing=3 -Wtrampolines -Wformat=2 -Warray-bounds=2 -ftree-vrp -Wduplicated-cond -Wnull-dereference -fdelete-null-pointer-checks -Wshift-negative-value -Wshift-overflow=2 -Walloc-zero -Wduplicated-branches -Wformat-overflow=2 -Wformat-truncation=2 -Wimplicit-fallthrough -Wrestrict -Warith-conversion -Wdouble-promotion -Wenum-conversion -Wpragmas -Wunused-const-variable  -o CMakeFiles/cmTC_1c40d.dir/CheckSymbolExists.c.o -c /home/wtc/realsense_src/build/libcurl/src/libcurl-build/CMakeFiles/CMakeTmp/CheckSymbolExists.c
/home/wtc/realsense_src/build/libcurl/src/libcurl-build/CMakeFiles/CMakeTmp/CheckSymbolExists.c: In function ‘main’:
/home/wtc/realsense_src/build/libcurl/src/libcurl-build/CMakeFiles/CMakeTmp/CheckSymbolExists.c:41:11: warning: ISO C forbids conversion of function pointer to object pointer type [-Wpedantic]
   41 |   return ((int*)(&getaddrinfo))[argc];
      |           ^
Linking C executable cmTC_1c40d
/usr/bin/cmake -E cmake_link_script CMakeFiles/cmTC_1c40d.dir/link.txt --verbose=1
/usr/bin/cc    -pedantic -D_DEFAULT_SOURCE   -ffp-contract=off   -mssse3 -pthread  -W -Wall -pedantic -Wbad-function-cast -Wconversion -Winline -Wmissing-declarations -Wmissing-prototypes -Wnested-externs -Wno-long-long -Wno-multichar -Wpointer-arith -Wshadow -Wsign-compare -Wundef -Wunused -Wwrite-strings -Waddress -Wattributes -Wcast-align -Wdeclaration-after-statement -Wdiv-by-zero -Wempty-body -Wendif-labels -Wfloat-equal -Wformat-security -Wignored-qualifiers -Wmissing-field-initializers -Wmissing-noreturn -Wno-format-nonliteral -Wno-system-headers -Wold-style-definition -Wredundant-decls -Wsign-conversion -Wno-error=sign-conversion -Wstrict-prototypes -Wtype-limits -Wunreachable-code -Wunused-parameter -Wvla -Wclobbered -Wmissing-parameter-type -Wold-style-declaration -Wstrict-aliasing=3 -Wtrampolines -Wformat=2 -Warray-bounds=2 -ftree-vrp -Wduplicated-cond -Wnull-dereference -fdelete-null-pointer-checks -Wshift-negative-value -Wshift-overflow=2 -Walloc-zero -Wduplicated-branches -Wformat-overflow=2 -Wformat-truncation=2 -Wimplicit-fallthrough -Wrestrict -Warith-conversion -Wdouble-promotion -Wenum-conversion -Wpragmas -Wunused-const-variable  CMakeFiles/cmTC_1c40d.dir/CheckSymbolExists.c.o -o cmTC_1c40d 
gmake[4]: 离开目录“/home/wtc/realsense_src/build/libcurl/src/libcurl-build/CMakeFiles/CMakeTmp”
gmake[3]: 离开目录“/home/wtc/realsense_src/build/libcurl/src/libcurl-build/CMakeFiles/CMakeTmp”


File /home/wtc/realsense_src/build/libcurl/src/libcurl-build/CMakeFiles/CMakeTmp/CheckSymbolExists.c:
/* */
#include <sys/wait.h>
#include <sys/ioctl.h>
#include <sys/param.h>
#include <sys/poll.h>
#include <sys/resource.h>
#include <sys/select.h>
#include <sys/socket.h>
#include <sys/stat.h>
#include <sys/time.h>
#include <sys/types.h>
#include <sys/un.h>
#include <sys/xattr.h>
#include <arpa/inet.h>
#include <dirent.h>
#include <fcntl.h>
#include <ifaddrs.h>
#include <libgen.h>
#include <locale.h>
#include <net/if.h>
#include <netdb.h>
#include <netinet/in.h>
#include <netinet/tcp.h>
#include <netinet/udp.h>
#include <poll.h>
#include <pwd.h>
#include <stdatomic.h>
#include <stdbool.h>
#include <strings.h>
#include <termio.h>
#include <termios.h>
#include <unistd.h>
#include <utime.h>
#include <stdlib.h>
#include <string.h>

int main(int argc, char** argv)
{
  (void)argv;
#ifndef getaddrinfo
  return ((int*)(&getaddrinfo))[argc];
#else
  (void)argc;
  return 0;
#endif
}
Determining if the getifaddrs exist passed with the following output:
Change Dir: /home/wtc/realsense_src/build/libcurl/src/libcurl-build/CMakeFiles/CMakeTmp

Run Build Command(s):/usr/bin/gmake -f Makefile cmTC_46db7/fast && gmake[3]: 进入目录“/home/wtc/realsense_src/build/libcurl/src/libcurl-build/CMakeFiles/CMakeTmp”
/usr/bin/gmake  -f CMakeFiles/cmTC_46db7.dir/build.make CMakeFiles/cmTC_46db7.dir/build
gmake[4]: 进入目录“/home/wtc/realsense_src/build/libcurl/src/libcurl-build/CMakeFiles/CMakeTmp”
Building C object CMakeFiles/cmTC_46db7.dir/CheckSymbolExists.c.o
/usr/bin/cc   -pedantic -D_DEFAULT_SOURCE   -ffp-contract=off   -mssse3 -pthread  -W -Wall -pedantic -Wbad-function-cast -Wconversion -Winline -Wmissing-declarations -Wmissing-prototypes -Wnested-externs -Wno-long-long -Wno-multichar -Wpointer-arith -Wshadow -Wsign-compare -Wundef -Wunused -Wwrite-strings -Waddress -Wattributes -Wcast-align -Wdeclaration-after-statement -Wdiv-by-zero -Wempty-body -Wendif-labels -Wfloat-equal -Wformat-security -Wignored-qualifiers -Wmissing-field-initializers -Wmissing-noreturn -Wno-format-nonliteral -Wno-system-headers -Wold-style-definition -Wredundant-decls -Wsign-conversion -Wno-error=sign-conversion -Wstrict-prototypes -Wtype-limits -Wunreachable-code -Wunused-parameter -Wvla -Wclobbered -Wmissing-parameter-type -Wold-style-declaration -Wstrict-aliasing=3 -Wtrampolines -Wformat=2 -Warray-bounds=2 -ftree-vrp -Wduplicated-cond -Wnull-dereference -fdelete-null-pointer-checks -Wshift-negative-value -Wshift-overflow=2 -Walloc-zero -Wduplicated-branches -Wformat-overflow=2 -Wformat-truncation=2 -Wimplicit-fallthrough -Wrestrict -Warith-conversion -Wdouble-promotion -Wenum-conversion -Wpragmas -Wunused-const-variable  -o CMakeFiles/cmTC_46db7.dir/CheckSymbolExists.c.o -c /home/wtc/realsense_src/build/libcurl/src/libcurl-build/CMakeFiles/CMakeTmp/CheckSymbolExists.c
/home/wtc/realsense_src/build/libcurl/src/libcurl-build/CMakeFiles/CMakeTmp/CheckSymbolExists.c: In function ‘main’:
/home/wtc/realsense_src/build/libcurl/src/libcurl-build/CMakeFiles/CMakeTmp/CheckSymbolExists.c:40:11: warning: ISO C forbids conversion of function pointer to object pointer type [-Wpedantic]
   40 |   return ((int*)(&getifaddrs))[argc];
      |           ^
Linking C executable cmTC_46db7
/usr/bin/cmake -E cmake_link_script CMakeFiles/cmTC_46db7.dir/link.txt --verbose=1
/usr/bin/cc    -pedantic -D_DEFAULT_SOURCE   -ffp-contract=off   -mssse3 -pthread  -W -Wall -pedantic -Wbad-function-cast -Wconversion -Winline -Wmissing-declarations -Wmissing-prototypes -Wnested-externs -Wno-long-long -Wno-multichar -Wpointer-arith -Wshadow -Wsign-compare -Wundef -Wunused -Wwrite-strings -Waddress -Wattributes -Wcast-align -Wdeclaration-after-statement -Wdiv-by-zero -Wempty-body -Wendif-labels -Wfloat-equal -Wformat-security -Wignored-qualifiers -Wmissing-field-initializers -Wmissing-noreturn -Wno-format-nonliteral -Wno-system-headers -Wold-style-definition -Wredundant-decls -Wsign-conversion -Wno-error=sign-conversion -Wstrict-prototypes -Wtype-limits -Wunreachable-code -Wunused-parameter -Wvla -Wclobbered -Wmissing-parameter-type -Wold-style-declaration -Wstrict-aliasing=3 -Wtrampolines -Wformat=2 -Warray-bounds=2 -ftree-vrp -Wduplicated-cond -Wnull-dereference -fdelete-null-pointer-checks -Wshift-negative-value -Wshift-overflow=2 -Walloc-zero -Wduplicated-branches -Wformat-overflow=2 -Wformat-truncation=2 -Wimplicit-fallthrough -Wrestrict -Warith-conversion -Wdouble-promotion -Wenum-conversion -Wpragmas -Wunused-const-variable  CMakeFiles/cmTC_46db7.dir/CheckSymbolExists.c.o -o cmTC_46db7 
gmake[4]: 离开目录“/home/wtc/realsense_src/build/libcurl/src/libcurl-build/CMakeFiles/CMakeTmp”
gmake[3]: 离开目录“/home/wtc/realsense_src/build/libcurl/src/libcurl-build/CMakeFiles/CMakeTmp”


File /home/wtc/realsense_src/build/libcurl/src/libcurl-build/CMakeFiles/CMakeTmp/CheckSymbolExists.c:
/* */
#include <sys/wait.h>
#include <sys/ioctl.h>
#include <sys/param.h>
#include <sys/poll.h>
#include <sys/resource.h>
#include <sys/select.h>
#include <sys/socket.h>
#include <sys/stat.h>
#include <sys/time.h>
#include <sys/types.h>
#include <sys/un.h>
#include <sys/xattr.h>
#include <arpa/inet.h>
#include <dirent.h>
#include <fcntl.h>
#include <ifaddrs.h>
#include <libgen.h>
#include <locale.h>
#include <net/if.h>
#include <netdb.h>
#include <netinet/in.h>
#include <netinet/tcp.h>
#include <netinet/udp.h>
#include <poll.h>
#include <pwd.h>
#include <stdatomic.h>
#include <stdbool.h>
#include <strings.h>
#include <termio.h>
#include <termios.h>
#include <unistd.h>
#include <utime.h>
#include <stdlib.h>

int main(int argc, char** argv)
{
  (void)argv;
#ifndef getifaddrs
  return ((int*)(&getifaddrs))[argc];
#else
  (void)argc;
  return 0;
#endif
}
Determining if the freeaddrinfo exist passed with the following output:
Change Dir: /home/wtc/realsense_src/build/libcurl/src/libcurl-build/CMakeFiles/CMakeTmp

Run Build Command(s):/usr/bin/gmake -f Makefile cmTC_8e0d6/fast && gmake[3]: 进入目录“/home/wtc/realsense_src/build/libcurl/src/libcurl-build/CMakeFiles/CMakeTmp”
/usr/bin/gmake  -f CMakeFiles/cmTC_8e0d6.dir/build.make CMakeFiles/cmTC_8e0d6.dir/build
gmake[4]: 进入目录“/home/wtc/realsense_src/build/libcurl/src/libcurl-build/CMakeFiles/CMakeTmp”
Building C object CMakeFiles/cmTC_8e0d6.dir/CheckSymbolExists.c.o
/usr/bin/cc   -pedantic -D_DEFAULT_SOURCE   -ffp-contract=off   -mssse3 -pthread  -W -Wall -pedantic -Wbad-function-cast -Wconversion -Winline -Wmissing-declarations -Wmissing-prototypes -Wnested-externs -Wno-long-long -Wno-multichar -Wpointer-arith -Wshadow -Wsign-compare -Wundef -Wunused -Wwrite-strings -Waddress -Wattributes -Wcast-align -Wdeclaration-after-statement -Wdiv-by-zero -Wempty-body -Wendif-labels -Wfloat-equal -Wformat-security -Wignored-qualifiers -Wmissing-field-initializers -Wmissing-noreturn -Wno-format-nonliteral -Wno-system-headers -Wold-style-definition -Wredundant-decls -Wsign-conversion -Wno-error=sign-conversion -Wstrict-prototypes -Wtype-limits -Wunreachable-code -Wunused-parameter -Wvla -Wclobbered -Wmissing-parameter-type -Wold-style-declaration -Wstrict-aliasing=3 -Wtrampolines -Wformat=2 -Warray-bounds=2 -ftree-vrp -Wduplicated-cond -Wnull-dereference -fdelete-null-pointer-checks -Wshift-negative-value -Wshift-overflow=2 -Walloc-zero -Wduplicated-branches -Wformat-overflow=2 -Wformat-truncation=2 -Wimplicit-fallthrough -Wrestrict -Warith-conversion -Wdouble-promotion -Wenum-conversion -Wpragmas -Wunused-const-variable  -o CMakeFiles/cmTC_8e0d6.dir/CheckSymbolExists.c.o -c /home/wtc/realsense_src/build/libcurl/src/libcurl-build/CMakeFiles/CMakeTmp/CheckSymbolExists.c
/home/wtc/realsense_src/build/libcurl/src/libcurl-build/CMakeFiles/CMakeTmp/CheckSymbolExists.c: In function ‘main’:
/home/wtc/realsense_src/build/libcurl/src/libcurl-build/CMakeFiles/CMakeTmp/CheckSymbolExists.c:39:11: warning: ISO C forbids conversion of function pointer to object pointer type [-Wpedantic]
   39 |   return ((int*)(&freeaddrinfo))[argc];
      |           ^
Linking C executable cmTC_8e0d6
/usr/bin/cmake -E cmake_link_script CMakeFiles/cmTC_8e0d6.dir/link.txt --verbose=1
/usr/bin/cc    -pedantic -D_DEFAULT_SOURCE   -ffp-contract=off   -mssse3 -pthread  -W -Wall -pedantic -Wbad-function-cast -Wconversion -Winline -Wmissing-declarations -Wmissing-prototypes -Wnested-externs -Wno-long-long -Wno-multichar -Wpointer-arith -Wshadow -Wsign-compare -Wundef -Wunused -Wwrite-strings -Waddress -Wattributes -Wcast-align -Wdeclaration-after-statement -Wdiv-by-zero -Wempty-body -Wendif-labels -Wfloat-equal -Wformat-security -Wignored-qualifiers -Wmissing-field-initializers -Wmissing-noreturn -Wno-format-nonliteral -Wno-system-headers -Wold-style-definition -Wredundant-decls -Wsign-conversion -Wno-error=sign-conversion -Wstrict-prototypes -Wtype-limits -Wunreachable-code -Wunused-parameter -Wvla -Wclobbered -Wmissing-parameter-type -Wold-style-declaration -Wstrict-aliasing=3 -Wtrampolines -Wformat=2 -Warray-bounds=2 -ftree-vrp -Wduplicated-cond -Wnull-dereference -fdelete-null-pointer-checks -Wshift-negative-value -Wshift-overflow=2 -Walloc-zero -Wduplicated-branches -Wformat-overflow=2 -Wformat-truncation=2 -Wimplicit-fallthrough -Wrestrict -Warith-conversion -Wdouble-promotion -Wenum-conversion -Wpragmas -Wunused-const-variable  CMakeFiles/cmTC_8e0d6.dir/CheckSymbolExists.c.o -o cmTC_8e0d6 
gmake[4]: 离开目录“/home/wtc/realsense_src/build/libcurl/src/libcurl-build/CMakeFiles/CMakeTmp”
gmake[3]: 离开目录“/home/wtc/realsense_src/build/libcurl/src/libcurl-build/CMakeFiles/CMakeTmp”


File /home/wtc/realsense_src/build/libcurl/src/libcurl-build/CMakeFiles/CMakeTmp/CheckSymbolExists.c:
/* */
#include <sys/wait.h>
#include <sys/ioctl.h>
#include <sys/param.h>
#include <sys/poll.h>
#include <sys/resource.h>
#include <sys/select.h>
#include <sys/socket.h>
#include <sys/stat.h>
#include <sys/time.h>
#include <sys/types.h>
#include <sys/un.h>
#include <sys/xattr.h>
#include <arpa/inet.h>
#include <dirent.h>
#include <fcntl.h>
#include <ifaddrs.h>
#include <libgen.h>
#include <locale.h>
#include <net/if.h>
#include <netdb.h>
#include <netinet/in.h>
#include <netinet/tcp.h>
#include <netinet/udp.h>
#include <poll.h>
#include <pwd.h>
#include <stdatomic.h>
#include <stdbool.h>
#include <strings.h>
#include <termio.h>
#include <termios.h>
#include <unistd.h>
#include <utime.h>

int main(int argc, char** argv)
{
  (void)argv;
#ifndef freeaddrinfo
  return ((int*)(&freeaddrinfo))[argc];
#else
  (void)argc;
  return 0;
#endif
}
Determining if the pipe exist passed with the following output:
Change Dir: /home/wtc/realsense_src/build/libcurl/src/libcurl-build/CMakeFiles/CMakeTmp

Run Build Command(s):/usr/bin/gmake -f Makefile cmTC_3a77d/fast && gmake[3]: 进入目录“/home/wtc/realsense_src/build/libcurl/src/libcurl-build/CMakeFiles/CMakeTmp”
/usr/bin/gmake  -f CMakeFiles/cmTC_3a77d.dir/build.make CMakeFiles/cmTC_3a77d.dir/build
gmake[4]: 进入目录“/home/wtc/realsense_src/build/libcurl/src/libcurl-build/CMakeFiles/CMakeTmp”
Building C object CMakeFiles/cmTC_3a77d.dir/CheckSymbolExists.c.o
/usr/bin/cc   -pedantic -D_DEFAULT_SOURCE   -ffp-contract=off   -mssse3 -pthread  -W -Wall -pedantic -Wbad-function-cast -Wconversion -Winline -Wmissing-declarations -Wmissing-prototypes -Wnested-externs -Wno-long-long -Wno-multichar -Wpointer-arith -Wshadow -Wsign-compare -Wundef -Wunused -Wwrite-strings -Waddress -Wattributes -Wcast-align -Wdeclaration-after-statement -Wdiv-by-zero -Wempty-body -Wendif-labels -Wfloat-equal -Wformat-security -Wignored-qualifiers -Wmissing-field-initializers -Wmissing-noreturn -Wno-format-nonliteral -Wno-system-headers -Wold-style-definition -Wredundant-decls -Wsign-conversion -Wno-error=sign-conversion -Wstrict-prototypes -Wtype-limits -Wunreachable-code -Wunused-parameter -Wvla -Wclobbered -Wmissing-parameter-type -Wold-style-declaration -Wstrict-aliasing=3 -Wtrampolines -Wformat=2 -Warray-bounds=2 -ftree-vrp -Wduplicated-cond -Wnull-dereference -fdelete-null-pointer-checks -Wshift-negative-value -Wshift-overflow=2 -Walloc-zero -Wduplicated-branches -Wformat-overflow=2 -Wformat-truncation=2 -Wimplicit-fallthrough -Wrestrict -Warith-conversion -Wdouble-promotion -Wenum-conversion -Wpragmas -Wunused-const-variable  -o CMakeFiles/cmTC_3a77d.dir/CheckSymbolExists.c.o -c /home/wtc/realsense_src/build/libcurl/src/libcurl-build/CMakeFiles/CMakeTmp/CheckSymbolExists.c
/home/wtc/realsense_src/build/libcurl/src/libcurl-build/CMakeFiles/CMakeTmp/CheckSymbolExists.c: In function ‘main’:
/home/wtc/realsense_src/build/libcurl/src/libcurl-build/CMakeFiles/CMakeTmp/CheckSymbolExists.c:39:11: warning: ISO C forbids conversion of function pointer to object pointer type [-Wpedantic]
   39 |   return ((int*)(&pipe))[argc];
      |           ^
Linking C executable cmTC_3a77d
/usr/bin/cmake -E cmake_link_script CMakeFiles/cmTC_3a77d.dir/link.txt --verbose=1
/usr/bin/cc    -pedantic -D_DEFAULT_SOURCE   -ffp-contract=off   -mssse3 -pthread  -W -Wall -pedantic -Wbad-function-cast -Wconversion -Winline -Wmissing-declarations -Wmissing-prototypes -Wnested-externs -Wno-long-long -Wno-multichar -Wpointer-arith -Wshadow -Wsign-compare -Wundef -Wunused -Wwrite-strings -Waddress -Wattributes -Wcast-align -Wdeclaration-after-statement -Wdiv-by-zero -Wempty-body -Wendif-labels -Wfloat-equal -Wformat-security -Wignored-qualifiers -Wmissing-field-initializers -Wmissing-noreturn -Wno-format-nonliteral -Wno-system-headers -Wold-style-definition -Wredundant-decls -Wsign-conversion -Wno-error=sign-conversion -Wstrict-prototypes -Wtype-limits -Wunreachable-code -Wunused-parameter -Wvla -Wclobbered -Wmissing-parameter-type -Wold-style-declaration -Wstrict-aliasing=3 -Wtrampolines -Wformat=2 -Warray-bounds=2 -ftree-vrp -Wduplicated-cond -Wnull-dereference -fdelete-null-pointer-checks -Wshift-negative-value -Wshift-overflow=2 -Walloc-zero -Wduplicated-branches -Wformat-overflow=2 -Wformat-truncation=2 -Wimplicit-fallthrough -Wrestrict -Warith-conversion -Wdouble-promotion -Wenum-conversion -Wpragmas -Wunused-const-variable  CMakeFiles/cmTC_3a77d.dir/CheckSymbolExists.c.o -o cmTC_3a77d 
gmake[4]: 离开目录“/home/wtc/realsense_src/build/libcurl/src/libcurl-build/CMakeFiles/CMakeTmp”
gmake[3]: 离开目录“/home/wtc/realsense_src/build/libcurl/src/libcurl-build/CMakeFiles/CMakeTmp”


File /home/wtc/realsense_src/build/libcurl/src/libcurl-build/CMakeFiles/CMakeTmp/CheckSymbolExists.c:
/* */
#include <sys/wait.h>
#include <sys/ioctl.h>
#include <sys/param.h>
#include <sys/poll.h>
#include <sys/resource.h>
#include <sys/select.h>
#include <sys/socket.h>
#include <sys/stat.h>
#include <sys/time.h>
#include <sys/types.h>
#include <sys/un.h>
#include <sys/xattr.h>
#include <arpa/inet.h>
#include <dirent.h>
#include <fcntl.h>
#include <ifaddrs.h>
#include <libgen.h>
#include <locale.h>
#include <net/if.h>
#include <netdb.h>
#include <netinet/in.h>
#include <netinet/tcp.h>
#include <netinet/udp.h>
#include <poll.h>
#include <pwd.h>
#include <stdatomic.h>
#include <stdbool.h>
#include <strings.h>
#include <termio.h>
#include <termios.h>
#include <unistd.h>
#include <utime.h>

int main(int argc, char** argv)
{
  (void)argv;
#ifndef pipe
  return ((int*)(&pipe))[argc];
#else
  (void)argc;
  return 0;
#endif
}
Determining if the ftruncate exist passed with the following output:
Change Dir: /home/wtc/realsense_src/build/libcurl/src/libcurl-build/CMakeFiles/CMakeTmp

Run Build Command(s):/usr/bin/gmake -f Makefile cmTC_c16fe/fast && gmake[3]: 进入目录“/home/wtc/realsense_src/build/libcurl/src/libcurl-build/CMakeFiles/CMakeTmp”
/usr/bin/gmake  -f CMakeFiles/cmTC_c16fe.dir/build.make CMakeFiles/cmTC_c16fe.dir/build
gmake[4]: 进入目录“/home/wtc/realsense_src/build/libcurl/src/libcurl-build/CMakeFiles/CMakeTmp”
Building C object CMakeFiles/cmTC_c16fe.dir/CheckSymbolExists.c.o
/usr/bin/cc   -pedantic -D_DEFAULT_SOURCE   -ffp-contract=off   -mssse3 -pthread  -W -Wall -pedantic -Wbad-function-cast -Wconversion -Winline -Wmissing-declarations -Wmissing-prototypes -Wnested-externs -Wno-long-long -Wno-multichar -Wpointer-arith -Wshadow -Wsign-compare -Wundef -Wunused -Wwrite-strings -Waddress -Wattributes -Wcast-align -Wdeclaration-after-statement -Wdiv-by-zero -Wempty-body -Wendif-labels -Wfloat-equal -Wformat-security -Wignored-qualifiers -Wmissing-field-initializers -Wmissing-noreturn -Wno-format-nonliteral -Wno-system-headers -Wold-style-definition -Wredundant-decls -Wsign-conversion -Wno-error=sign-conversion -Wstrict-prototypes -Wtype-limits -Wunreachable-code -Wunused-parameter -Wvla -Wclobbered -Wmissing-parameter-type -Wold-style-declaration -Wstrict-aliasing=3 -Wtrampolines -Wformat=2 -Warray-bounds=2 -ftree-vrp -Wduplicated-cond -Wnull-dereference -fdelete-null-pointer-checks -Wshift-negative-value -Wshift-overflow=2 -Walloc-zero -Wduplicated-branches -Wformat-overflow=2 -Wformat-truncation=2 -Wimplicit-fallthrough -Wrestrict -Warith-conversion -Wdouble-promotion -Wenum-conversion -Wpragmas -Wunused-const-variable  -o CMakeFiles/cmTC_c16fe.dir/CheckSymbolExists.c.o -c /home/wtc/realsense_src/build/libcurl/src/libcurl-build/CMakeFiles/CMakeTmp/CheckSymbolExists.c
/home/wtc/realsense_src/build/libcurl/src/libcurl-build/CMakeFiles/CMakeTmp/CheckSymbolExists.c: In function ‘main’:
/home/wtc/realsense_src/build/libcurl/src/libcurl-build/CMakeFiles/CMakeTmp/CheckSymbolExists.c:39:11: warning: ISO C forbids conversion of function pointer to object pointer type [-Wpedantic]
   39 |   return ((int*)(&ftruncate))[argc];
      |           ^
Linking C executable cmTC_c16fe
/usr/bin/cmake -E cmake_link_script CMakeFiles/cmTC_c16fe.dir/link.txt --verbose=1
/usr/bin/cc    -pedantic -D_DEFAULT_SOURCE   -ffp-contract=off   -mssse3 -pthread  -W -Wall -pedantic -Wbad-function-cast -Wconversion -Winline -Wmissing-declarations -Wmissing-prototypes -Wnested-externs -Wno-long-long -Wno-multichar -Wpointer-arith -Wshadow -Wsign-compare -Wundef -Wunused -Wwrite-strings -Waddress -Wattributes -Wcast-align -Wdeclaration-after-statement -Wdiv-by-zero -Wempty-body -Wendif-labels -Wfloat-equal -Wformat-security -Wignored-qualifiers -Wmissing-field-initializers -Wmissing-noreturn -Wno-format-nonliteral -Wno-system-headers -Wold-style-definition -Wredundant-decls -Wsign-conversion -Wno-error=sign-conversion -Wstrict-prototypes -Wtype-limits -Wunreachable-code -Wunused-parameter -Wvla -Wclobbered -Wmissing-parameter-type -Wold-style-declaration -Wstrict-aliasing=3 -Wtrampolines -Wformat=2 -Warray-bounds=2 -ftree-vrp -Wduplicated-cond -Wnull-dereference -fdelete-null-pointer-checks -Wshift-negative-value -Wshift-overflow=2 -Walloc-zero -Wduplicated-branches -Wformat-overflow=2 -Wformat-truncation=2 -Wimplicit-fallthrough -Wrestrict -Warith-conversion -Wdouble-promotion -Wenum-conversion -Wpragmas -Wunused-const-variable  CMakeFiles/cmTC_c16fe.dir/CheckSymbolExists.c.o -o cmTC_c16fe 
gmake[4]: 离开目录“/home/wtc/realsense_src/build/libcurl/src/libcurl-build/CMakeFiles/CMakeTmp”
gmake[3]: 离开目录“/home/wtc/realsense_src/build/libcurl/src/libcurl-build/CMakeFiles/CMakeTmp”


File /home/wtc/realsense_src/build/libcurl/src/libcurl-build/CMakeFiles/CMakeTmp/CheckSymbolExists.c:
/* */
#include <sys/wait.h>
#include <sys/ioctl.h>
#include <sys/param.h>
#include <sys/poll.h>
#include <sys/resource.h>
#include <sys/select.h>
#include <sys/socket.h>
#include <sys/stat.h>
#include <sys/time.h>
#include <sys/types.h>
#include <sys/un.h>
#include <sys/xattr.h>
#include <arpa/inet.h>
#include <dirent.h>
#include <fcntl.h>
#include <ifaddrs.h>
#include <libgen.h>
#include <locale.h>
#include <net/if.h>
#include <netdb.h>
#include <netinet/in.h>
#include <netinet/tcp.h>
#include <netinet/udp.h>
#include <poll.h>
#include <pwd.h>
#include <stdatomic.h>
#include <stdbool.h>
#include <strings.h>
#include <termio.h>
#include <termios.h>
#include <unistd.h>
#include <utime.h>

int main(int argc, char** argv)
{
  (void)argv;
#ifndef ftruncate
  return ((int*)(&ftruncate))[argc];
#else
  (void)argc;
  return 0;
#endif
}
Determining if the getpeername exist passed with the following output:
Change Dir: /home/wtc/realsense_src/build/libcurl/src/libcurl-build/CMakeFiles/CMakeTmp

Run Build Command(s):/usr/bin/gmake -f Makefile cmTC_131e3/fast && gmake[3]: 进入目录“/home/wtc/realsense_src/build/libcurl/src/libcurl-build/CMakeFiles/CMakeTmp”
/usr/bin/gmake  -f CMakeFiles/cmTC_131e3.dir/build.make CMakeFiles/cmTC_131e3.dir/build
gmake[4]: 进入目录“/home/wtc/realsense_src/build/libcurl/src/libcurl-build/CMakeFiles/CMakeTmp”
Building C object CMakeFiles/cmTC_131e3.dir/CheckSymbolExists.c.o
/usr/bin/cc   -pedantic -D_DEFAULT_SOURCE   -ffp-contract=off   -mssse3 -pthread  -W -Wall -pedantic -Wbad-function-cast -Wconversion -Winline -Wmissing-declarations -Wmissing-prototypes -Wnested-externs -Wno-long-long -Wno-multichar -Wpointer-arith -Wshadow -Wsign-compare -Wundef -Wunused -Wwrite-strings -Waddress -Wattributes -Wcast-align -Wdeclaration-after-statement -Wdiv-by-zero -Wempty-body -Wendif-labels -Wfloat-equal -Wformat-security -Wignored-qualifiers -Wmissing-field-initializers -Wmissing-noreturn -Wno-format-nonliteral -Wno-system-headers -Wold-style-definition -Wredundant-decls -Wsign-conversion -Wno-error=sign-conversion -Wstrict-prototypes -Wtype-limits -Wunreachable-code -Wunused-parameter -Wvla -Wclobbered -Wmissing-parameter-type -Wold-style-declaration -Wstrict-aliasing=3 -Wtrampolines -Wformat=2 -Warray-bounds=2 -ftree-vrp -Wduplicated-cond -Wnull-dereference -fdelete-null-pointer-checks -Wshift-negative-value -Wshift-overflow=2 -Walloc-zero -Wduplicated-branches -Wformat-overflow=2 -Wformat-truncation=2 -Wimplicit-fallthrough -Wrestrict -Warith-conversion -Wdouble-promotion -Wenum-conversion -Wpragmas -Wunused-const-variable  -o CMakeFiles/cmTC_131e3.dir/CheckSymbolExists.c.o -c /home/wtc/realsense_src/build/libcurl/src/libcurl-build/CMakeFiles/CMakeTmp/CheckSymbolExists.c
/home/wtc/realsense_src/build/libcurl/src/libcurl-build/CMakeFiles/CMakeTmp/CheckSymbolExists.c: In function ‘main’:
/home/wtc/realsense_src/build/libcurl/src/libcurl-build/CMakeFiles/CMakeTmp/CheckSymbolExists.c:39:11: warning: ISO C forbids conversion of function pointer to object pointer type [-Wpedantic]
   39 |   return ((int*)(&getpeername))[argc];
      |           ^
Linking C executable cmTC_131e3
/usr/bin/cmake -E cmake_link_script CMakeFiles/cmTC_131e3.dir/link.txt --verbose=1
/usr/bin/cc    -pedantic -D_DEFAULT_SOURCE   -ffp-contract=off   -mssse3 -pthread  -W -Wall -pedantic -Wbad-function-cast -Wconversion -Winline -Wmissing-declarations -Wmissing-prototypes -Wnested-externs -Wno-long-long -Wno-multichar -Wpointer-arith -Wshadow -Wsign-compare -Wundef -Wunused -Wwrite-strings -Waddress -Wattributes -Wcast-align -Wdeclaration-after-statement -Wdiv-by-zero -Wempty-body -Wendif-labels -Wfloat-equal -Wformat-security -Wignored-qualifiers -Wmissing-field-initializers -Wmissing-noreturn -Wno-format-nonliteral -Wno-system-headers -Wold-style-definition -Wredundant-decls -Wsign-conversion -Wno-error=sign-conversion -Wstrict-prototypes -Wtype-limits -Wunreachable-code -Wunused-parameter -Wvla -Wclobbered -Wmissing-parameter-type -Wold-style-declaration -Wstrict-aliasing=3 -Wtrampolines -Wformat=2 -Warray-bounds=2 -ftree-vrp -Wduplicated-cond -Wnull-dereference -fdelete-null-pointer-checks -Wshift-negative-value -Wshift-overflow=2 -Walloc-zero -Wduplicated-branches -Wformat-overflow=2 -Wformat-truncation=2 -Wimplicit-fallthrough -Wrestrict -Warith-conversion -Wdouble-promotion -Wenum-conversion -Wpragmas -Wunused-const-variable  CMakeFiles/cmTC_131e3.dir/CheckSymbolExists.c.o -o cmTC_131e3 
gmake[4]: 离开目录“/home/wtc/realsense_src/build/libcurl/src/libcurl-build/CMakeFiles/CMakeTmp”
gmake[3]: 离开目录“/home/wtc/realsense_src/build/libcurl/src/libcurl-build/CMakeFiles/CMakeTmp”


File /home/wtc/realsense_src/build/libcurl/src/libcurl-build/CMakeFiles/CMakeTmp/CheckSymbolExists.c:
/* */
#include <sys/wait.h>
#include <sys/ioctl.h>
#include <sys/param.h>
#include <sys/poll.h>
#include <sys/resource.h>
#include <sys/select.h>
#include <sys/socket.h>
#include <sys/stat.h>
#include <sys/time.h>
#include <sys/types.h>
#include <sys/un.h>
#include <sys/xattr.h>
#include <arpa/inet.h>
#include <dirent.h>
#include <fcntl.h>
#include <ifaddrs.h>
#include <libgen.h>
#include <locale.h>
#include <net/if.h>
#include <netdb.h>
#include <netinet/in.h>
#include <netinet/tcp.h>
#include <netinet/udp.h>
#include <poll.h>
#include <pwd.h>
#include <stdatomic.h>
#include <stdbool.h>
#include <strings.h>
#include <termio.h>
#include <termios.h>
#include <unistd.h>
#include <utime.h>

int main(int argc, char** argv)
{
  (void)argv;
#ifndef getpeername
  return ((int*)(&getpeername))[argc];
#else
  (void)argc;
  return 0;
#endif
}
Determining if the getsockname exist passed with the following output:
Change Dir: /home/wtc/realsense_src/build/libcurl/src/libcurl-build/CMakeFiles/CMakeTmp

Run Build Command(s):/usr/bin/gmake -f Makefile cmTC_65501/fast && gmake[3]: 进入目录“/home/wtc/realsense_src/build/libcurl/src/libcurl-build/CMakeFiles/CMakeTmp”
/usr/bin/gmake  -f CMakeFiles/cmTC_65501.dir/build.make CMakeFiles/cmTC_65501.dir/build
gmake[4]: 进入目录“/home/wtc/realsense_src/build/libcurl/src/libcurl-build/CMakeFiles/CMakeTmp”
Building C object CMakeFiles/cmTC_65501.dir/CheckSymbolExists.c.o
/usr/bin/cc   -pedantic -D_DEFAULT_SOURCE   -ffp-contract=off   -mssse3 -pthread  -W -Wall -pedantic -Wbad-function-cast -Wconversion -Winline -Wmissing-declarations -Wmissing-prototypes -Wnested-externs -Wno-long-long -Wno-multichar -Wpointer-arith -Wshadow -Wsign-compare -Wundef -Wunused -Wwrite-strings -Waddress -Wattributes -Wcast-align -Wdeclaration-after-statement -Wdiv-by-zero -Wempty-body -Wendif-labels -Wfloat-equal -Wformat-security -Wignored-qualifiers -Wmissing-field-initializers -Wmissing-noreturn -Wno-format-nonliteral -Wno-system-headers -Wold-style-definition -Wredundant-decls -Wsign-conversion -Wno-error=sign-conversion -Wstrict-prototypes -Wtype-limits -Wunreachable-code -Wunused-parameter -Wvla -Wclobbered -Wmissing-parameter-type -Wold-style-declaration -Wstrict-aliasing=3 -Wtrampolines -Wformat=2 -Warray-bounds=2 -ftree-vrp -Wduplicated-cond -Wnull-dereference -fdelete-null-pointer-checks -Wshift-negative-value -Wshift-overflow=2 -Walloc-zero -Wduplicated-branches -Wformat-overflow=2 -Wformat-truncation=2 -Wimplicit-fallthrough -Wrestrict -Warith-conversion -Wdouble-promotion -Wenum-conversion -Wpragmas -Wunused-const-variable  -o CMakeFiles/cmTC_65501.dir/CheckSymbolExists.c.o -c /home/wtc/realsense_src/build/libcurl/src/libcurl-build/CMakeFiles/CMakeTmp/CheckSymbolExists.c
/home/wtc/realsense_src/build/libcurl/src/libcurl-build/CMakeFiles/CMakeTmp/CheckSymbolExists.c: In function ‘main’:
/home/wtc/realsense_src/build/libcurl/src/libcurl-build/CMakeFiles/CMakeTmp/CheckSymbolExists.c:39:11: warning: ISO C forbids conversion of function pointer to object pointer type [-Wpedantic]
   39 |   return ((int*)(&getsockname))[argc];
      |           ^
Linking C executable cmTC_65501
/usr/bin/cmake -E cmake_link_script CMakeFiles/cmTC_65501.dir/link.txt --verbose=1
/usr/bin/cc    -pedantic -D_DEFAULT_SOURCE   -ffp-contract=off   -mssse3 -pthread  -W -Wall -pedantic -Wbad-function-cast -Wconversion -Winline -Wmissing-declarations -Wmissing-prototypes -Wnested-externs -Wno-long-long -Wno-multichar -Wpointer-arith -Wshadow -Wsign-compare -Wundef -Wunused -Wwrite-strings -Waddress -Wattributes -Wcast-align -Wdeclaration-after-statement -Wdiv-by-zero -Wempty-body -Wendif-labels -Wfloat-equal -Wformat-security -Wignored-qualifiers -Wmissing-field-initializers -Wmissing-noreturn -Wno-format-nonliteral -Wno-system-headers -Wold-style-definition -Wredundant-decls -Wsign-conversion -Wno-error=sign-conversion -Wstrict-prototypes -Wtype-limits -Wunreachable-code -Wunused-parameter -Wvla -Wclobbered -Wmissing-parameter-type -Wold-style-declaration -Wstrict-aliasing=3 -Wtrampolines -Wformat=2 -Warray-bounds=2 -ftree-vrp -Wduplicated-cond -Wnull-dereference -fdelete-null-pointer-checks -Wshift-negative-value -Wshift-overflow=2 -Walloc-zero -Wduplicated-branches -Wformat-overflow=2 -Wformat-truncation=2 -Wimplicit-fallthrough -Wrestrict -Warith-conversion -Wdouble-promotion -Wenum-conversion -Wpragmas -Wunused-const-variable  CMakeFiles/cmTC_65501.dir/CheckSymbolExists.c.o -o cmTC_65501 
gmake[4]: 离开目录“/home/wtc/realsense_src/build/libcurl/src/libcurl-build/CMakeFiles/CMakeTmp”
gmake[3]: 离开目录“/home/wtc/realsense_src/build/libcurl/src/libcurl-build/CMakeFiles/CMakeTmp”


File /home/wtc/realsense_src/build/libcurl/src/libcurl-build/CMakeFiles/CMakeTmp/CheckSymbolExists.c:
/* */
#include <sys/wait.h>
#include <sys/ioctl.h>
#include <sys/param.h>
#include <sys/poll.h>
#include <sys/resource.h>
#include <sys/select.h>
#include <sys/socket.h>
#include <sys/stat.h>
#include <sys/time.h>
#include <sys/types.h>
#include <sys/un.h>
#include <sys/xattr.h>
#include <arpa/inet.h>
#include <dirent.h>
#include <fcntl.h>
#include <ifaddrs.h>
#include <libgen.h>
#include <locale.h>
#include <net/if.h>
#include <netdb.h>
#include <netinet/in.h>
#include <netinet/tcp.h>
#include <netinet/udp.h>
#include <poll.h>
#include <pwd.h>
#include <stdatomic.h>
#include <stdbool.h>
#include <strings.h>
#include <termio.h>
#include <termios.h>
#include <unistd.h>
#include <utime.h>

int main(int argc, char** argv)
{
  (void)argv;
#ifndef getsockname
  return ((int*)(&getsockname))[argc];
#else
  (void)argc;
  return 0;
#endif
}
Determining if the if_nametoindex exist passed with the following output:
Change Dir: /home/wtc/realsense_src/build/libcurl/src/libcurl-build/CMakeFiles/CMakeTmp

Run Build Command(s):/usr/bin/gmake -f Makefile cmTC_cc797/fast && gmake[3]: 进入目录“/home/wtc/realsense_src/build/libcurl/src/libcurl-build/CMakeFiles/CMakeTmp”
/usr/bin/gmake  -f CMakeFiles/cmTC_cc797.dir/build.make CMakeFiles/cmTC_cc797.dir/build
gmake[4]: 进入目录“/home/wtc/realsense_src/build/libcurl/src/libcurl-build/CMakeFiles/CMakeTmp”
Building C object CMakeFiles/cmTC_cc797.dir/CheckSymbolExists.c.o
/usr/bin/cc   -pedantic -D_DEFAULT_SOURCE   -ffp-contract=off   -mssse3 -pthread  -W -Wall -pedantic -Wbad-function-cast -Wconversion -Winline -Wmissing-declarations -Wmissing-prototypes -Wnested-externs -Wno-long-long -Wno-multichar -Wpointer-arith -Wshadow -Wsign-compare -Wundef -Wunused -Wwrite-strings -Waddress -Wattributes -Wcast-align -Wdeclaration-after-statement -Wdiv-by-zero -Wempty-body -Wendif-labels -Wfloat-equal -Wformat-security -Wignored-qualifiers -Wmissing-field-initializers -Wmissing-noreturn -Wno-format-nonliteral -Wno-system-headers -Wold-style-definition -Wredundant-decls -Wsign-conversion -Wno-error=sign-conversion -Wstrict-prototypes -Wtype-limits -Wunreachable-code -Wunused-parameter -Wvla -Wclobbered -Wmissing-parameter-type -Wold-style-declaration -Wstrict-aliasing=3 -Wtrampolines -Wformat=2 -Warray-bounds=2 -ftree-vrp -Wduplicated-cond -Wnull-dereference -fdelete-null-pointer-checks -Wshift-negative-value -Wshift-overflow=2 -Walloc-zero -Wduplicated-branches -Wformat-overflow=2 -Wformat-truncation=2 -Wimplicit-fallthrough -Wrestrict -Warith-conversion -Wdouble-promotion -Wenum-conversion -Wpragmas -Wunused-const-variable  -o CMakeFiles/cmTC_cc797.dir/CheckSymbolExists.c.o -c /home/wtc/realsense_src/build/libcurl/src/libcurl-build/CMakeFiles/CMakeTmp/CheckSymbolExists.c
/home/wtc/realsense_src/build/libcurl/src/libcurl-build/CMakeFiles/CMakeTmp/CheckSymbolExists.c: In function ‘main’:
/home/wtc/realsense_src/build/libcurl/src/libcurl-build/CMakeFiles/CMakeTmp/CheckSymbolExists.c:39:11: warning: ISO C forbids conversion of function pointer to object pointer type [-Wpedantic]
   39 |   return ((int*)(&if_nametoindex))[argc];
      |           ^
Linking C executable cmTC_cc797
/usr/bin/cmake -E cmake_link_script CMakeFiles/cmTC_cc797.dir/link.txt --verbose=1
/usr/bin/cc    -pedantic -D_DEFAULT_SOURCE   -ffp-contract=off   -mssse3 -pthread  -W -Wall -pedantic -Wbad-function-cast -Wconversion -Winline -Wmissing-declarations -Wmissing-prototypes -Wnested-externs -Wno-long-long -Wno-multichar -Wpointer-arith -Wshadow -Wsign-compare -Wundef -Wunused -Wwrite-strings -Waddress -Wattributes -Wcast-align -Wdeclaration-after-statement -Wdiv-by-zero -Wempty-body -Wendif-labels -Wfloat-equal -Wformat-security -Wignored-qualifiers -Wmissing-field-initializers -Wmissing-noreturn -Wno-format-nonliteral -Wno-system-headers -Wold-style-definition -Wredundant-decls -Wsign-conversion -Wno-error=sign-conversion -Wstrict-prototypes -Wtype-limits -Wunreachable-code -Wunused-parameter -Wvla -Wclobbered -Wmissing-parameter-type -Wold-style-declaration -Wstrict-aliasing=3 -Wtrampolines -Wformat=2 -Warray-bounds=2 -ftree-vrp -Wduplicated-cond -Wnull-dereference -fdelete-null-pointer-checks -Wshift-negative-value -Wshift-overflow=2 -Walloc-zero -Wduplicated-branches -Wformat-overflow=2 -Wformat-truncation=2 -Wimplicit-fallthrough -Wrestrict -Warith-conversion -Wdouble-promotion -Wenum-conversion -Wpragmas -Wunused-const-variable  CMakeFiles/cmTC_cc797.dir/CheckSymbolExists.c.o -o cmTC_cc797 
gmake[4]: 离开目录“/home/wtc/realsense_src/build/libcurl/src/libcurl-build/CMakeFiles/CMakeTmp”
gmake[3]: 离开目录“/home/wtc/realsense_src/build/libcurl/src/libcurl-build/CMakeFiles/CMakeTmp”


File /home/wtc/realsense_src/build/libcurl/src/libcurl-build/CMakeFiles/CMakeTmp/CheckSymbolExists.c:
/* */
#include <sys/wait.h>
#include <sys/ioctl.h>
#include <sys/param.h>
#include <sys/poll.h>
#include <sys/resource.h>
#include <sys/select.h>
#include <sys/socket.h>
#include <sys/stat.h>
#include <sys/time.h>
#include <sys/types.h>
#include <sys/un.h>
#include <sys/xattr.h>
#include <arpa/inet.h>
#include <dirent.h>
#include <fcntl.h>
#include <ifaddrs.h>
#include <libgen.h>
#include <locale.h>
#include <net/if.h>
#include <netdb.h>
#include <netinet/in.h>
#include <netinet/tcp.h>
#include <netinet/udp.h>
#include <poll.h>
#include <pwd.h>
#include <stdatomic.h>
#include <stdbool.h>
#include <strings.h>
#include <termio.h>
#include <termios.h>
#include <unistd.h>
#include <utime.h>

int main(int argc, char** argv)
{
  (void)argv;
#ifndef if_nametoindex
  return ((int*)(&if_nametoindex))[argc];
#else
  (void)argc;
  return 0;
#endif
}
Determining if the getrlimit exist passed with the following output:
Change Dir: /home/wtc/realsense_src/build/libcurl/src/libcurl-build/CMakeFiles/CMakeTmp

Run Build Command(s):/usr/bin/gmake -f Makefile cmTC_9eef3/fast && gmake[3]: 进入目录“/home/wtc/realsense_src/build/libcurl/src/libcurl-build/CMakeFiles/CMakeTmp”
/usr/bin/gmake  -f CMakeFiles/cmTC_9eef3.dir/build.make CMakeFiles/cmTC_9eef3.dir/build
gmake[4]: 进入目录“/home/wtc/realsense_src/build/libcurl/src/libcurl-build/CMakeFiles/CMakeTmp”
Building C object CMakeFiles/cmTC_9eef3.dir/CheckSymbolExists.c.o
/usr/bin/cc   -pedantic -D_DEFAULT_SOURCE   -ffp-contract=off   -mssse3 -pthread  -W -Wall -pedantic -Wbad-function-cast -Wconversion -Winline -Wmissing-declarations -Wmissing-prototypes -Wnested-externs -Wno-long-long -Wno-multichar -Wpointer-arith -Wshadow -Wsign-compare -Wundef -Wunused -Wwrite-strings -Waddress -Wattributes -Wcast-align -Wdeclaration-after-statement -Wdiv-by-zero -Wempty-body -Wendif-labels -Wfloat-equal -Wformat-security -Wignored-qualifiers -Wmissing-field-initializers -Wmissing-noreturn -Wno-format-nonliteral -Wno-system-headers -Wold-style-definition -Wredundant-decls -Wsign-conversion -Wno-error=sign-conversion -Wstrict-prototypes -Wtype-limits -Wunreachable-code -Wunused-parameter -Wvla -Wclobbered -Wmissing-parameter-type -Wold-style-declaration -Wstrict-aliasing=3 -Wtrampolines -Wformat=2 -Warray-bounds=2 -ftree-vrp -Wduplicated-cond -Wnull-dereference -fdelete-null-pointer-checks -Wshift-negative-value -Wshift-overflow=2 -Walloc-zero -Wduplicated-branches -Wformat-overflow=2 -Wformat-truncation=2 -Wimplicit-fallthrough -Wrestrict -Warith-conversion -Wdouble-promotion -Wenum-conversion -Wpragmas -Wunused-const-variable  -o CMakeFiles/cmTC_9eef3.dir/CheckSymbolExists.c.o -c /home/wtc/realsense_src/build/libcurl/src/libcurl-build/CMakeFiles/CMakeTmp/CheckSymbolExists.c
/home/wtc/realsense_src/build/libcurl/src/libcurl-build/CMakeFiles/CMakeTmp/CheckSymbolExists.c: In function ‘main’:
/home/wtc/realsense_src/build/libcurl/src/libcurl-build/CMakeFiles/CMakeTmp/CheckSymbolExists.c:39:11: warning: ISO C forbids conversion of function pointer to object pointer type [-Wpedantic]
   39 |   return ((int*)(&getrlimit))[argc];
      |           ^
Linking C executable cmTC_9eef3
/usr/bin/cmake -E cmake_link_script CMakeFiles/cmTC_9eef3.dir/link.txt --verbose=1
/usr/bin/cc    -pedantic -D_DEFAULT_SOURCE   -ffp-contract=off   -mssse3 -pthread  -W -Wall -pedantic -Wbad-function-cast -Wconversion -Winline -Wmissing-declarations -Wmissing-prototypes -Wnested-externs -Wno-long-long -Wno-multichar -Wpointer-arith -Wshadow -Wsign-compare -Wundef -Wunused -Wwrite-strings -Waddress -Wattributes -Wcast-align -Wdeclaration-after-statement -Wdiv-by-zero -Wempty-body -Wendif-labels -Wfloat-equal -Wformat-security -Wignored-qualifiers -Wmissing-field-initializers -Wmissing-noreturn -Wno-format-nonliteral -Wno-system-headers -Wold-style-definition -Wredundant-decls -Wsign-conversion -Wno-error=sign-conversion -Wstrict-prototypes -Wtype-limits -Wunreachable-code -Wunused-parameter -Wvla -Wclobbered -Wmissing-parameter-type -Wold-style-declaration -Wstrict-aliasing=3 -Wtrampolines -Wformat=2 -Warray-bounds=2 -ftree-vrp -Wduplicated-cond -Wnull-dereference -fdelete-null-pointer-checks -Wshift-negative-value -Wshift-overflow=2 -Walloc-zero -Wduplicated-branches -Wformat-overflow=2 -Wformat-truncation=2 -Wimplicit-fallthrough -Wrestrict -Warith-conversion -Wdouble-promotion -Wenum-conversion -Wpragmas -Wunused-const-variable  CMakeFiles/cmTC_9eef3.dir/CheckSymbolExists.c.o -o cmTC_9eef3 
gmake[4]: 离开目录“/home/wtc/realsense_src/build/libcurl/src/libcurl-build/CMakeFiles/CMakeTmp”
gmake[3]: 离开目录“/home/wtc/realsense_src/build/libcurl/src/libcurl-build/CMakeFiles/CMakeTmp”


File /home/wtc/realsense_src/build/libcurl/src/libcurl-build/CMakeFiles/CMakeTmp/CheckSymbolExists.c:
/* */
#include <sys/wait.h>
#include <sys/ioctl.h>
#include <sys/param.h>
#include <sys/poll.h>
#include <sys/resource.h>
#include <sys/select.h>
#include <sys/socket.h>
#include <sys/stat.h>
#include <sys/time.h>
#include <sys/types.h>
#include <sys/un.h>
#include <sys/xattr.h>
#include <arpa/inet.h>
#include <dirent.h>
#include <fcntl.h>
#include <ifaddrs.h>
#include <libgen.h>
#include <locale.h>
#include <net/if.h>
#include <netdb.h>
#include <netinet/in.h>
#include <netinet/tcp.h>
#include <netinet/udp.h>
#include <poll.h>
#include <pwd.h>
#include <stdatomic.h>
#include <stdbool.h>
#include <strings.h>
#include <termio.h>
#include <termios.h>
#include <unistd.h>
#include <utime.h>

int main(int argc, char** argv)
{
  (void)argv;
#ifndef getrlimit
  return ((int*)(&getrlimit))[argc];
#else
  (void)argc;
  return 0;
#endif
}
Determining if the setlocale exist passed with the following output:
Change Dir: /home/wtc/realsense_src/build/libcurl/src/libcurl-build/CMakeFiles/CMakeTmp

Run Build Command(s):/usr/bin/gmake -f Makefile cmTC_6bc9d/fast && gmake[3]: 进入目录“/home/wtc/realsense_src/build/libcurl/src/libcurl-build/CMakeFiles/CMakeTmp”
/usr/bin/gmake  -f CMakeFiles/cmTC_6bc9d.dir/build.make CMakeFiles/cmTC_6bc9d.dir/build
gmake[4]: 进入目录“/home/wtc/realsense_src/build/libcurl/src/libcurl-build/CMakeFiles/CMakeTmp”
Building C object CMakeFiles/cmTC_6bc9d.dir/CheckSymbolExists.c.o
/usr/bin/cc   -pedantic -D_DEFAULT_SOURCE   -ffp-contract=off   -mssse3 -pthread  -W -Wall -pedantic -Wbad-function-cast -Wconversion -Winline -Wmissing-declarations -Wmissing-prototypes -Wnested-externs -Wno-long-long -Wno-multichar -Wpointer-arith -Wshadow -Wsign-compare -Wundef -Wunused -Wwrite-strings -Waddress -Wattributes -Wcast-align -Wdeclaration-after-statement -Wdiv-by-zero -Wempty-body -Wendif-labels -Wfloat-equal -Wformat-security -Wignored-qualifiers -Wmissing-field-initializers -Wmissing-noreturn -Wno-format-nonliteral -Wno-system-headers -Wold-style-definition -Wredundant-decls -Wsign-conversion -Wno-error=sign-conversion -Wstrict-prototypes -Wtype-limits -Wunreachable-code -Wunused-parameter -Wvla -Wclobbered -Wmissing-parameter-type -Wold-style-declaration -Wstrict-aliasing=3 -Wtrampolines -Wformat=2 -Warray-bounds=2 -ftree-vrp -Wduplicated-cond -Wnull-dereference -fdelete-null-pointer-checks -Wshift-negative-value -Wshift-overflow=2 -Walloc-zero -Wduplicated-branches -Wformat-overflow=2 -Wformat-truncation=2 -Wimplicit-fallthrough -Wrestrict -Warith-conversion -Wdouble-promotion -Wenum-conversion -Wpragmas -Wunused-const-variable  -o CMakeFiles/cmTC_6bc9d.dir/CheckSymbolExists.c.o -c /home/wtc/realsense_src/build/libcurl/src/libcurl-build/CMakeFiles/CMakeTmp/CheckSymbolExists.c
/home/wtc/realsense_src/build/libcurl/src/libcurl-build/CMakeFiles/CMakeTmp/CheckSymbolExists.c: In function ‘main’:
/home/wtc/realsense_src/build/libcurl/src/libcurl-build/CMakeFiles/CMakeTmp/CheckSymbolExists.c:39:11: warning: ISO C forbids conversion of function pointer to object pointer type [-Wpedantic]
   39 |   return ((int*)(&setlocale))[argc];
      |           ^
Linking C executable cmTC_6bc9d
/usr/bin/cmake -E cmake_link_script CMakeFiles/cmTC_6bc9d.dir/link.txt --verbose=1
/usr/bin/cc    -pedantic -D_DEFAULT_SOURCE   -ffp-contract=off   -mssse3 -pthread  -W -Wall -pedantic -Wbad-function-cast -Wconversion -Winline -Wmissing-declarations -Wmissing-prototypes -Wnested-externs -Wno-long-long -Wno-multichar -Wpointer-arith -Wshadow -Wsign-compare -Wundef -Wunused -Wwrite-strings -Waddress -Wattributes -Wcast-align -Wdeclaration-after-statement -Wdiv-by-zero -Wempty-body -Wendif-labels -Wfloat-equal -Wformat-security -Wignored-qualifiers -Wmissing-field-initializers -Wmissing-noreturn -Wno-format-nonliteral -Wno-system-headers -Wold-style-definition -Wredundant-decls -Wsign-conversion -Wno-error=sign-conversion -Wstrict-prototypes -Wtype-limits -Wunreachable-code -Wunused-parameter -Wvla -Wclobbered -Wmissing-parameter-type -Wold-style-declaration -Wstrict-aliasing=3 -Wtrampolines -Wformat=2 -Warray-bounds=2 -ftree-vrp -Wduplicated-cond -Wnull-dereference -fdelete-null-pointer-checks -Wshift-negative-value -Wshift-overflow=2 -Walloc-zero -Wduplicated-branches -Wformat-overflow=2 -Wformat-truncation=2 -Wimplicit-fallthrough -Wrestrict -Warith-conversion -Wdouble-promotion -Wenum-conversion -Wpragmas -Wunused-const-variable  CMakeFiles/cmTC_6bc9d.dir/CheckSymbolExists.c.o -o cmTC_6bc9d 
gmake[4]: 离开目录“/home/wtc/realsense_src/build/libcurl/src/libcurl-build/CMakeFiles/CMakeTmp”
gmake[3]: 离开目录“/home/wtc/realsense_src/build/libcurl/src/libcurl-build/CMakeFiles/CMakeTmp”


File /home/wtc/realsense_src/build/libcurl/src/libcurl-build/CMakeFiles/CMakeTmp/CheckSymbolExists.c:
/* */
#include <sys/wait.h>
#include <sys/ioctl.h>
#include <sys/param.h>
#include <sys/poll.h>
#include <sys/resource.h>
#include <sys/select.h>
#include <sys/socket.h>
#include <sys/stat.h>
#include <sys/time.h>
#include <sys/types.h>
#include <sys/un.h>
#include <sys/xattr.h>
#include <arpa/inet.h>
#include <dirent.h>
#include <fcntl.h>
#include <ifaddrs.h>
#include <libgen.h>
#include <locale.h>
#include <net/if.h>
#include <netdb.h>
#include <netinet/in.h>
#include <netinet/tcp.h>
#include <netinet/udp.h>
#include <poll.h>
#include <pwd.h>
#include <stdatomic.h>
#include <stdbool.h>
#include <strings.h>
#include <termio.h>
#include <termios.h>
#include <unistd.h>
#include <utime.h>

int main(int argc, char** argv)
{
  (void)argv;
#ifndef setlocale
  return ((int*)(&setlocale))[argc];
#else
  (void)argc;
  return 0;
#endif
}
Determining if the setrlimit exist passed with the following output:
Change Dir: /home/wtc/realsense_src/build/libcurl/src/libcurl-build/CMakeFiles/CMakeTmp

Run Build Command(s):/usr/bin/gmake -f Makefile cmTC_89620/fast && gmake[3]: 进入目录“/home/wtc/realsense_src/build/libcurl/src/libcurl-build/CMakeFiles/CMakeTmp”
/usr/bin/gmake  -f CMakeFiles/cmTC_89620.dir/build.make CMakeFiles/cmTC_89620.dir/build
gmake[4]: 进入目录“/home/wtc/realsense_src/build/libcurl/src/libcurl-build/CMakeFiles/CMakeTmp”
Building C object CMakeFiles/cmTC_89620.dir/CheckSymbolExists.c.o
/usr/bin/cc   -pedantic -D_DEFAULT_SOURCE   -ffp-contract=off   -mssse3 -pthread  -W -Wall -pedantic -Wbad-function-cast -Wconversion -Winline -Wmissing-declarations -Wmissing-prototypes -Wnested-externs -Wno-long-long -Wno-multichar -Wpointer-arith -Wshadow -Wsign-compare -Wundef -Wunused -Wwrite-strings -Waddress -Wattributes -Wcast-align -Wdeclaration-after-statement -Wdiv-by-zero -Wempty-body -Wendif-labels -Wfloat-equal -Wformat-security -Wignored-qualifiers -Wmissing-field-initializers -Wmissing-noreturn -Wno-format-nonliteral -Wno-system-headers -Wold-style-definition -Wredundant-decls -Wsign-conversion -Wno-error=sign-conversion -Wstrict-prototypes -Wtype-limits -Wunreachable-code -Wunused-parameter -Wvla -Wclobbered -Wmissing-parameter-type -Wold-style-declaration -Wstrict-aliasing=3 -Wtrampolines -Wformat=2 -Warray-bounds=2 -ftree-vrp -Wduplicated-cond -Wnull-dereference -fdelete-null-pointer-checks -Wshift-negative-value -Wshift-overflow=2 -Walloc-zero -Wduplicated-branches -Wformat-overflow=2 -Wformat-truncation=2 -Wimplicit-fallthrough -Wrestrict -Warith-conversion -Wdouble-promotion -Wenum-conversion -Wpragmas -Wunused-const-variable  -o CMakeFiles/cmTC_89620.dir/CheckSymbolExists.c.o -c /home/wtc/realsense_src/build/libcurl/src/libcurl-build/CMakeFiles/CMakeTmp/CheckSymbolExists.c
/home/wtc/realsense_src/build/libcurl/src/libcurl-build/CMakeFiles/CMakeTmp/CheckSymbolExists.c: In function ‘main’:
/home/wtc/realsense_src/build/libcurl/src/libcurl-build/CMakeFiles/CMakeTmp/CheckSymbolExists.c:39:11: warning: ISO C forbids conversion of function pointer to object pointer type [-Wpedantic]
   39 |   return ((int*)(&setrlimit))[argc];
      |           ^
Linking C executable cmTC_89620
/usr/bin/cmake -E cmake_link_script CMakeFiles/cmTC_89620.dir/link.txt --verbose=1
/usr/bin/cc    -pedantic -D_DEFAULT_SOURCE   -ffp-contract=off   -mssse3 -pthread  -W -Wall -pedantic -Wbad-function-cast -Wconversion -Winline -Wmissing-declarations -Wmissing-prototypes -Wnested-externs -Wno-long-long -Wno-multichar -Wpointer-arith -Wshadow -Wsign-compare -Wundef -Wunused -Wwrite-strings -Waddress -Wattributes -Wcast-align -Wdeclaration-after-statement -Wdiv-by-zero -Wempty-body -Wendif-labels -Wfloat-equal -Wformat-security -Wignored-qualifiers -Wmissing-field-initializers -Wmissing-noreturn -Wno-format-nonliteral -Wno-system-headers -Wold-style-definition -Wredundant-decls -Wsign-conversion -Wno-error=sign-conversion -Wstrict-prototypes -Wtype-limits -Wunreachable-code -Wunused-parameter -Wvla -Wclobbered -Wmissing-parameter-type -Wold-style-declaration -Wstrict-aliasing=3 -Wtrampolines -Wformat=2 -Warray-bounds=2 -ftree-vrp -Wduplicated-cond -Wnull-dereference -fdelete-null-pointer-checks -Wshift-negative-value -Wshift-overflow=2 -Walloc-zero -Wduplicated-branches -Wformat-overflow=2 -Wformat-truncation=2 -Wimplicit-fallthrough -Wrestrict -Warith-conversion -Wdouble-promotion -Wenum-conversion -Wpragmas -Wunused-const-variable  CMakeFiles/cmTC_89620.dir/CheckSymbolExists.c.o -o cmTC_89620 
gmake[4]: 离开目录“/home/wtc/realsense_src/build/libcurl/src/libcurl-build/CMakeFiles/CMakeTmp”
gmake[3]: 离开目录“/home/wtc/realsense_src/build/libcurl/src/libcurl-build/CMakeFiles/CMakeTmp”


File /home/wtc/realsense_src/build/libcurl/src/libcurl-build/CMakeFiles/CMakeTmp/CheckSymbolExists.c:
/* */
#include <sys/wait.h>
#include <sys/ioctl.h>
#include <sys/param.h>
#include <sys/poll.h>
#include <sys/resource.h>
#include <sys/select.h>
#include <sys/socket.h>
#include <sys/stat.h>
#include <sys/time.h>
#include <sys/types.h>
#include <sys/un.h>
#include <sys/xattr.h>
#include <arpa/inet.h>
#include <dirent.h>
#include <fcntl.h>
#include <ifaddrs.h>
#include <libgen.h>
#include <locale.h>
#include <net/if.h>
#include <netdb.h>
#include <netinet/in.h>
#include <netinet/tcp.h>
#include <netinet/udp.h>
#include <poll.h>
#include <pwd.h>
#include <stdatomic.h>
#include <stdbool.h>
#include <strings.h>
#include <termio.h>
#include <termios.h>
#include <unistd.h>
#include <utime.h>

int main(int argc, char** argv)
{
  (void)argv;
#ifndef setrlimit
  return ((int*)(&setrlimit))[argc];
#else
  (void)argc;
  return 0;
#endif
}
Determining if the snprintf exist passed with the following output:
Change Dir: /home/wtc/realsense_src/build/libcurl/src/libcurl-build/CMakeFiles/CMakeTmp

Run Build Command(s):/usr/bin/gmake -f Makefile cmTC_84c7c/fast && gmake[3]: 进入目录“/home/wtc/realsense_src/build/libcurl/src/libcurl-build/CMakeFiles/CMakeTmp”
/usr/bin/gmake  -f CMakeFiles/cmTC_84c7c.dir/build.make CMakeFiles/cmTC_84c7c.dir/build
gmake[4]: 进入目录“/home/wtc/realsense_src/build/libcurl/src/libcurl-build/CMakeFiles/CMakeTmp”
Building C object CMakeFiles/cmTC_84c7c.dir/CheckSymbolExists.c.o
/usr/bin/cc   -pedantic -D_DEFAULT_SOURCE   -ffp-contract=off   -mssse3 -pthread  -W -Wall -pedantic -Wbad-function-cast -Wconversion -Winline -Wmissing-declarations -Wmissing-prototypes -Wnested-externs -Wno-long-long -Wno-multichar -Wpointer-arith -Wshadow -Wsign-compare -Wundef -Wunused -Wwrite-strings -Waddress -Wattributes -Wcast-align -Wdeclaration-after-statement -Wdiv-by-zero -Wempty-body -Wendif-labels -Wfloat-equal -Wformat-security -Wignored-qualifiers -Wmissing-field-initializers -Wmissing-noreturn -Wno-format-nonliteral -Wno-system-headers -Wold-style-definition -Wredundant-decls -Wsign-conversion -Wno-error=sign-conversion -Wstrict-prototypes -Wtype-limits -Wunreachable-code -Wunused-parameter -Wvla -Wclobbered -Wmissing-parameter-type -Wold-style-declaration -Wstrict-aliasing=3 -Wtrampolines -Wformat=2 -Warray-bounds=2 -ftree-vrp -Wduplicated-cond -Wnull-dereference -fdelete-null-pointer-checks -Wshift-negative-value -Wshift-overflow=2 -Walloc-zero -Wduplicated-branches -Wformat-overflow=2 -Wformat-truncation=2 -Wimplicit-fallthrough -Wrestrict -Warith-conversion -Wdouble-promotion -Wenum-conversion -Wpragmas -Wunused-const-variable  -o CMakeFiles/cmTC_84c7c.dir/CheckSymbolExists.c.o -c /home/wtc/realsense_src/build/libcurl/src/libcurl-build/CMakeFiles/CMakeTmp/CheckSymbolExists.c
/home/wtc/realsense_src/build/libcurl/src/libcurl-build/CMakeFiles/CMakeTmp/CheckSymbolExists.c: In function ‘main’:
/home/wtc/realsense_src/build/libcurl/src/libcurl-build/CMakeFiles/CMakeTmp/CheckSymbolExists.c:8:11: warning: ISO C forbids conversion of function pointer to object pointer type [-Wpedantic]
    8 |   return ((int*)(&snprintf))[argc];
      |           ^
Linking C executable cmTC_84c7c
/usr/bin/cmake -E cmake_link_script CMakeFiles/cmTC_84c7c.dir/link.txt --verbose=1
/usr/bin/cc    -pedantic -D_DEFAULT_SOURCE   -ffp-contract=off   -mssse3 -pthread  -W -Wall -pedantic -Wbad-function-cast -Wconversion -Winline -Wmissing-declarations -Wmissing-prototypes -Wnested-externs -Wno-long-long -Wno-multichar -Wpointer-arith -Wshadow -Wsign-compare -Wundef -Wunused -Wwrite-strings -Waddress -Wattributes -Wcast-align -Wdeclaration-after-statement -Wdiv-by-zero -Wempty-body -Wendif-labels -Wfloat-equal -Wformat-security -Wignored-qualifiers -Wmissing-field-initializers -Wmissing-noreturn -Wno-format-nonliteral -Wno-system-headers -Wold-style-definition -Wredundant-decls -Wsign-conversion -Wno-error=sign-conversion -Wstrict-prototypes -Wtype-limits -Wunreachable-code -Wunused-parameter -Wvla -Wclobbered -Wmissing-parameter-type -Wold-style-declaration -Wstrict-aliasing=3 -Wtrampolines -Wformat=2 -Warray-bounds=2 -ftree-vrp -Wduplicated-cond -Wnull-dereference -fdelete-null-pointer-checks -Wshift-negative-value -Wshift-overflow=2 -Walloc-zero -Wduplicated-branches -Wformat-overflow=2 -Wformat-truncation=2 -Wimplicit-fallthrough -Wrestrict -Warith-conversion -Wdouble-promotion -Wenum-conversion -Wpragmas -Wunused-const-variable  CMakeFiles/cmTC_84c7c.dir/CheckSymbolExists.c.o -o cmTC_84c7c 
gmake[4]: 离开目录“/home/wtc/realsense_src/build/libcurl/src/libcurl-build/CMakeFiles/CMakeTmp”
gmake[3]: 离开目录“/home/wtc/realsense_src/build/libcurl/src/libcurl-build/CMakeFiles/CMakeTmp”


File /home/wtc/realsense_src/build/libcurl/src/libcurl-build/CMakeFiles/CMakeTmp/CheckSymbolExists.c:
/* */
#include <stdio.h>

int main(int argc, char** argv)
{
  (void)argv;
#ifndef snprintf
  return ((int*)(&snprintf))[argc];
#else
  (void)argc;
  return 0;
#endif
}
Determining if the inet_ntop exist passed with the following output:
Change Dir: /home/wtc/realsense_src/build/libcurl/src/libcurl-build/CMakeFiles/CMakeTmp

Run Build Command(s):/usr/bin/gmake -f Makefile cmTC_a84c4/fast && gmake[3]: 进入目录“/home/wtc/realsense_src/build/libcurl/src/libcurl-build/CMakeFiles/CMakeTmp”
/usr/bin/gmake  -f CMakeFiles/cmTC_a84c4.dir/build.make CMakeFiles/cmTC_a84c4.dir/build
gmake[4]: 进入目录“/home/wtc/realsense_src/build/libcurl/src/libcurl-build/CMakeFiles/CMakeTmp”
Building C object CMakeFiles/cmTC_a84c4.dir/CheckSymbolExists.c.o
/usr/bin/cc   -pedantic -D_DEFAULT_SOURCE   -ffp-contract=off   -mssse3 -pthread  -W -Wall -pedantic -Wbad-function-cast -Wconversion -Winline -Wmissing-declarations -Wmissing-prototypes -Wnested-externs -Wno-long-long -Wno-multichar -Wpointer-arith -Wshadow -Wsign-compare -Wundef -Wunused -Wwrite-strings -Waddress -Wattributes -Wcast-align -Wdeclaration-after-statement -Wdiv-by-zero -Wempty-body -Wendif-labels -Wfloat-equal -Wformat-security -Wignored-qualifiers -Wmissing-field-initializers -Wmissing-noreturn -Wno-format-nonliteral -Wno-system-headers -Wold-style-definition -Wredundant-decls -Wsign-conversion -Wno-error=sign-conversion -Wstrict-prototypes -Wtype-limits -Wunreachable-code -Wunused-parameter -Wvla -Wclobbered -Wmissing-parameter-type -Wold-style-declaration -Wstrict-aliasing=3 -Wtrampolines -Wformat=2 -Warray-bounds=2 -ftree-vrp -Wduplicated-cond -Wnull-dereference -fdelete-null-pointer-checks -Wshift-negative-value -Wshift-overflow=2 -Walloc-zero -Wduplicated-branches -Wformat-overflow=2 -Wformat-truncation=2 -Wimplicit-fallthrough -Wrestrict -Warith-conversion -Wdouble-promotion -Wenum-conversion -Wpragmas -Wunused-const-variable  -o CMakeFiles/cmTC_a84c4.dir/CheckSymbolExists.c.o -c /home/wtc/realsense_src/build/libcurl/src/libcurl-build/CMakeFiles/CMakeTmp/CheckSymbolExists.c
/home/wtc/realsense_src/build/libcurl/src/libcurl-build/CMakeFiles/CMakeTmp/CheckSymbolExists.c: In function ‘main’:
/home/wtc/realsense_src/build/libcurl/src/libcurl-build/CMakeFiles/CMakeTmp/CheckSymbolExists.c:41:11: warning: ISO C forbids conversion of function pointer to object pointer type [-Wpedantic]
   41 |   return ((int*)(&inet_ntop))[argc];
      |           ^
Linking C executable cmTC_a84c4
/usr/bin/cmake -E cmake_link_script CMakeFiles/cmTC_a84c4.dir/link.txt --verbose=1
/usr/bin/cc    -pedantic -D_DEFAULT_SOURCE   -ffp-contract=off   -mssse3 -pthread  -W -Wall -pedantic -Wbad-function-cast -Wconversion -Winline -Wmissing-declarations -Wmissing-prototypes -Wnested-externs -Wno-long-long -Wno-multichar -Wpointer-arith -Wshadow -Wsign-compare -Wundef -Wunused -Wwrite-strings -Waddress -Wattributes -Wcast-align -Wdeclaration-after-statement -Wdiv-by-zero -Wempty-body -Wendif-labels -Wfloat-equal -Wformat-security -Wignored-qualifiers -Wmissing-field-initializers -Wmissing-noreturn -Wno-format-nonliteral -Wno-system-headers -Wold-style-definition -Wredundant-decls -Wsign-conversion -Wno-error=sign-conversion -Wstrict-prototypes -Wtype-limits -Wunreachable-code -Wunused-parameter -Wvla -Wclobbered -Wmissing-parameter-type -Wold-style-declaration -Wstrict-aliasing=3 -Wtrampolines -Wformat=2 -Warray-bounds=2 -ftree-vrp -Wduplicated-cond -Wnull-dereference -fdelete-null-pointer-checks -Wshift-negative-value -Wshift-overflow=2 -Walloc-zero -Wduplicated-branches -Wformat-overflow=2 -Wformat-truncation=2 -Wimplicit-fallthrough -Wrestrict -Warith-conversion -Wdouble-promotion -Wenum-conversion -Wpragmas -Wunused-const-variable  CMakeFiles/cmTC_a84c4.dir/CheckSymbolExists.c.o -o cmTC_a84c4 
gmake[4]: 离开目录“/home/wtc/realsense_src/build/libcurl/src/libcurl-build/CMakeFiles/CMakeTmp”
gmake[3]: 离开目录“/home/wtc/realsense_src/build/libcurl/src/libcurl-build/CMakeFiles/CMakeTmp”


File /home/wtc/realsense_src/build/libcurl/src/libcurl-build/CMakeFiles/CMakeTmp/CheckSymbolExists.c:
/* */
#include <sys/wait.h>
#include <sys/ioctl.h>
#include <sys/param.h>
#include <sys/poll.h>
#include <sys/resource.h>
#include <sys/select.h>
#include <sys/socket.h>
#include <sys/stat.h>
#include <sys/time.h>
#include <sys/types.h>
#include <sys/un.h>
#include <sys/xattr.h>
#include <arpa/inet.h>
#include <dirent.h>
#include <fcntl.h>
#include <ifaddrs.h>
#include <libgen.h>
#include <locale.h>
#include <net/if.h>
#include <netdb.h>
#include <netinet/in.h>
#include <netinet/tcp.h>
#include <netinet/udp.h>
#include <poll.h>
#include <pwd.h>
#include <stdatomic.h>
#include <stdbool.h>
#include <strings.h>
#include <termio.h>
#include <termios.h>
#include <unistd.h>
#include <utime.h>
#include <stdlib.h>
#include <string.h>

int main(int argc, char** argv)
{
  (void)argv;
#ifndef inet_ntop
  return ((int*)(&inet_ntop))[argc];
#else
  (void)argc;
  return 0;
#endif
}
Determining if the inet_pton exist passed with the following output:
Change Dir: /home/wtc/realsense_src/build/libcurl/src/libcurl-build/CMakeFiles/CMakeTmp

Run Build Command(s):/usr/bin/gmake -f Makefile cmTC_fa23a/fast && gmake[3]: 进入目录“/home/wtc/realsense_src/build/libcurl/src/libcurl-build/CMakeFiles/CMakeTmp”
/usr/bin/gmake  -f CMakeFiles/cmTC_fa23a.dir/build.make CMakeFiles/cmTC_fa23a.dir/build
gmake[4]: 进入目录“/home/wtc/realsense_src/build/libcurl/src/libcurl-build/CMakeFiles/CMakeTmp”
Building C object CMakeFiles/cmTC_fa23a.dir/CheckSymbolExists.c.o
/usr/bin/cc   -pedantic -D_DEFAULT_SOURCE   -ffp-contract=off   -mssse3 -pthread  -W -Wall -pedantic -Wbad-function-cast -Wconversion -Winline -Wmissing-declarations -Wmissing-prototypes -Wnested-externs -Wno-long-long -Wno-multichar -Wpointer-arith -Wshadow -Wsign-compare -Wundef -Wunused -Wwrite-strings -Waddress -Wattributes -Wcast-align -Wdeclaration-after-statement -Wdiv-by-zero -Wempty-body -Wendif-labels -Wfloat-equal -Wformat-security -Wignored-qualifiers -Wmissing-field-initializers -Wmissing-noreturn -Wno-format-nonliteral -Wno-system-headers -Wold-style-definition -Wredundant-decls -Wsign-conversion -Wno-error=sign-conversion -Wstrict-prototypes -Wtype-limits -Wunreachable-code -Wunused-parameter -Wvla -Wclobbered -Wmissing-parameter-type -Wold-style-declaration -Wstrict-aliasing=3 -Wtrampolines -Wformat=2 -Warray-bounds=2 -ftree-vrp -Wduplicated-cond -Wnull-dereference -fdelete-null-pointer-checks -Wshift-negative-value -Wshift-overflow=2 -Walloc-zero -Wduplicated-branches -Wformat-overflow=2 -Wformat-truncation=2 -Wimplicit-fallthrough -Wrestrict -Warith-conversion -Wdouble-promotion -Wenum-conversion -Wpragmas -Wunused-const-variable  -o CMakeFiles/cmTC_fa23a.dir/CheckSymbolExists.c.o -c /home/wtc/realsense_src/build/libcurl/src/libcurl-build/CMakeFiles/CMakeTmp/CheckSymbolExists.c
/home/wtc/realsense_src/build/libcurl/src/libcurl-build/CMakeFiles/CMakeTmp/CheckSymbolExists.c: In function ‘main’:
/home/wtc/realsense_src/build/libcurl/src/libcurl-build/CMakeFiles/CMakeTmp/CheckSymbolExists.c:41:11: warning: ISO C forbids conversion of function pointer to object pointer type [-Wpedantic]
   41 |   return ((int*)(&inet_pton))[argc];
      |           ^
Linking C executable cmTC_fa23a
/usr/bin/cmake -E cmake_link_script CMakeFiles/cmTC_fa23a.dir/link.txt --verbose=1
/usr/bin/cc    -pedantic -D_DEFAULT_SOURCE   -ffp-contract=off   -mssse3 -pthread  -W -Wall -pedantic -Wbad-function-cast -Wconversion -Winline -Wmissing-declarations -Wmissing-prototypes -Wnested-externs -Wno-long-long -Wno-multichar -Wpointer-arith -Wshadow -Wsign-compare -Wundef -Wunused -Wwrite-strings -Waddress -Wattributes -Wcast-align -Wdeclaration-after-statement -Wdiv-by-zero -Wempty-body -Wendif-labels -Wfloat-equal -Wformat-security -Wignored-qualifiers -Wmissing-field-initializers -Wmissing-noreturn -Wno-format-nonliteral -Wno-system-headers -Wold-style-definition -Wredundant-decls -Wsign-conversion -Wno-error=sign-conversion -Wstrict-prototypes -Wtype-limits -Wunreachable-code -Wunused-parameter -Wvla -Wclobbered -Wmissing-parameter-type -Wold-style-declaration -Wstrict-aliasing=3 -Wtrampolines -Wformat=2 -Warray-bounds=2 -ftree-vrp -Wduplicated-cond -Wnull-dereference -fdelete-null-pointer-checks -Wshift-negative-value -Wshift-overflow=2 -Walloc-zero -Wduplicated-branches -Wformat-overflow=2 -Wformat-truncation=2 -Wimplicit-fallthrough -Wrestrict -Warith-conversion -Wdouble-promotion -Wenum-conversion -Wpragmas -Wunused-const-variable  CMakeFiles/cmTC_fa23a.dir/CheckSymbolExists.c.o -o cmTC_fa23a 
gmake[4]: 离开目录“/home/wtc/realsense_src/build/libcurl/src/libcurl-build/CMakeFiles/CMakeTmp”
gmake[3]: 离开目录“/home/wtc/realsense_src/build/libcurl/src/libcurl-build/CMakeFiles/CMakeTmp”


File /home/wtc/realsense_src/build/libcurl/src/libcurl-build/CMakeFiles/CMakeTmp/CheckSymbolExists.c:
/* */
#include <sys/wait.h>
#include <sys/ioctl.h>
#include <sys/param.h>
#include <sys/poll.h>
#include <sys/resource.h>
#include <sys/select.h>
#include <sys/socket.h>
#include <sys/stat.h>
#include <sys/time.h>
#include <sys/types.h>
#include <sys/un.h>
#include <sys/xattr.h>
#include <arpa/inet.h>
#include <dirent.h>
#include <fcntl.h>
#include <ifaddrs.h>
#include <libgen.h>
#include <locale.h>
#include <net/if.h>
#include <netdb.h>
#include <netinet/in.h>
#include <netinet/tcp.h>
#include <netinet/udp.h>
#include <poll.h>
#include <pwd.h>
#include <stdatomic.h>
#include <stdbool.h>
#include <strings.h>
#include <termio.h>
#include <termios.h>
#include <unistd.h>
#include <utime.h>
#include <stdlib.h>
#include <string.h>

int main(int argc, char** argv)
{
  (void)argv;
#ifndef inet_pton
  return ((int*)(&inet_pton))[argc];
#else
  (void)argc;
  return 0;
#endif
}
Determining if the fsetxattr exist passed with the following output:
Change Dir: /home/wtc/realsense_src/build/libcurl/src/libcurl-build/CMakeFiles/CMakeTmp

Run Build Command(s):/usr/bin/gmake -f Makefile cmTC_86de3/fast && gmake[3]: 进入目录“/home/wtc/realsense_src/build/libcurl/src/libcurl-build/CMakeFiles/CMakeTmp”
/usr/bin/gmake  -f CMakeFiles/cmTC_86de3.dir/build.make CMakeFiles/cmTC_86de3.dir/build
gmake[4]: 进入目录“/home/wtc/realsense_src/build/libcurl/src/libcurl-build/CMakeFiles/CMakeTmp”
Building C object CMakeFiles/cmTC_86de3.dir/CheckSymbolExists.c.o
/usr/bin/cc   -pedantic -D_DEFAULT_SOURCE   -ffp-contract=off   -mssse3 -pthread  -W -Wall -pedantic -Wbad-function-cast -Wconversion -Winline -Wmissing-declarations -Wmissing-prototypes -Wnested-externs -Wno-long-long -Wno-multichar -Wpointer-arith -Wshadow -Wsign-compare -Wundef -Wunused -Wwrite-strings -Waddress -Wattributes -Wcast-align -Wdeclaration-after-statement -Wdiv-by-zero -Wempty-body -Wendif-labels -Wfloat-equal -Wformat-security -Wignored-qualifiers -Wmissing-field-initializers -Wmissing-noreturn -Wno-format-nonliteral -Wno-system-headers -Wold-style-definition -Wredundant-decls -Wsign-conversion -Wno-error=sign-conversion -Wstrict-prototypes -Wtype-limits -Wunreachable-code -Wunused-parameter -Wvla -Wclobbered -Wmissing-parameter-type -Wold-style-declaration -Wstrict-aliasing=3 -Wtrampolines -Wformat=2 -Warray-bounds=2 -ftree-vrp -Wduplicated-cond -Wnull-dereference -fdelete-null-pointer-checks -Wshift-negative-value -Wshift-overflow=2 -Walloc-zero -Wduplicated-branches -Wformat-overflow=2 -Wformat-truncation=2 -Wimplicit-fallthrough -Wrestrict -Warith-conversion -Wdouble-promotion -Wenum-conversion -Wpragmas -Wunused-const-variable  -o CMakeFiles/cmTC_86de3.dir/CheckSymbolExists.c.o -c /home/wtc/realsense_src/build/libcurl/src/libcurl-build/CMakeFiles/CMakeTmp/CheckSymbolExists.c
/home/wtc/realsense_src/build/libcurl/src/libcurl-build/CMakeFiles/CMakeTmp/CheckSymbolExists.c: In function ‘main’:
/home/wtc/realsense_src/build/libcurl/src/libcurl-build/CMakeFiles/CMakeTmp/CheckSymbolExists.c:39:11: warning: ISO C forbids conversion of function pointer to object pointer type [-Wpedantic]
   39 |   return ((int*)(&fsetxattr))[argc];
      |           ^
Linking C executable cmTC_86de3
/usr/bin/cmake -E cmake_link_script CMakeFiles/cmTC_86de3.dir/link.txt --verbose=1
/usr/bin/cc    -pedantic -D_DEFAULT_SOURCE   -ffp-contract=off   -mssse3 -pthread  -W -Wall -pedantic -Wbad-function-cast -Wconversion -Winline -Wmissing-declarations -Wmissing-prototypes -Wnested-externs -Wno-long-long -Wno-multichar -Wpointer-arith -Wshadow -Wsign-compare -Wundef -Wunused -Wwrite-strings -Waddress -Wattributes -Wcast-align -Wdeclaration-after-statement -Wdiv-by-zero -Wempty-body -Wendif-labels -Wfloat-equal -Wformat-security -Wignored-qualifiers -Wmissing-field-initializers -Wmissing-noreturn -Wno-format-nonliteral -Wno-system-headers -Wold-style-definition -Wredundant-decls -Wsign-conversion -Wno-error=sign-conversion -Wstrict-prototypes -Wtype-limits -Wunreachable-code -Wunused-parameter -Wvla -Wclobbered -Wmissing-parameter-type -Wold-style-declaration -Wstrict-aliasing=3 -Wtrampolines -Wformat=2 -Warray-bounds=2 -ftree-vrp -Wduplicated-cond -Wnull-dereference -fdelete-null-pointer-checks -Wshift-negative-value -Wshift-overflow=2 -Walloc-zero -Wduplicated-branches -Wformat-overflow=2 -Wformat-truncation=2 -Wimplicit-fallthrough -Wrestrict -Warith-conversion -Wdouble-promotion -Wenum-conversion -Wpragmas -Wunused-const-variable  CMakeFiles/cmTC_86de3.dir/CheckSymbolExists.c.o -o cmTC_86de3 
gmake[4]: 离开目录“/home/wtc/realsense_src/build/libcurl/src/libcurl-build/CMakeFiles/CMakeTmp”
gmake[3]: 离开目录“/home/wtc/realsense_src/build/libcurl/src/libcurl-build/CMakeFiles/CMakeTmp”


File /home/wtc/realsense_src/build/libcurl/src/libcurl-build/CMakeFiles/CMakeTmp/CheckSymbolExists.c:
/* */
#include <sys/wait.h>
#include <sys/ioctl.h>
#include <sys/param.h>
#include <sys/poll.h>
#include <sys/resource.h>
#include <sys/select.h>
#include <sys/socket.h>
#include <sys/stat.h>
#include <sys/time.h>
#include <sys/types.h>
#include <sys/un.h>
#include <sys/xattr.h>
#include <arpa/inet.h>
#include <dirent.h>
#include <fcntl.h>
#include <ifaddrs.h>
#include <libgen.h>
#include <locale.h>
#include <net/if.h>
#include <netdb.h>
#include <netinet/in.h>
#include <netinet/tcp.h>
#include <netinet/udp.h>
#include <poll.h>
#include <pwd.h>
#include <stdatomic.h>
#include <stdbool.h>
#include <strings.h>
#include <termio.h>
#include <termios.h>
#include <unistd.h>
#include <utime.h>

int main(int argc, char** argv)
{
  (void)argv;
#ifndef fsetxattr
  return ((int*)(&fsetxattr))[argc];
#else
  (void)argc;
  return 0;
#endif
}
Performing Test HAVE_FSETXATTR_5 passed with the following output:
Change Dir: /home/wtc/realsense_src/build/libcurl/src/libcurl-build/CMakeFiles/CMakeTmp

Run Build Command(s):/usr/bin/gmake -f Makefile cmTC_56514/fast && gmake[3]: 进入目录“/home/wtc/realsense_src/build/libcurl/src/libcurl-build/CMakeFiles/CMakeTmp”
/usr/bin/gmake  -f CMakeFiles/cmTC_56514.dir/build.make CMakeFiles/cmTC_56514.dir/build
gmake[4]: 进入目录“/home/wtc/realsense_src/build/libcurl/src/libcurl-build/CMakeFiles/CMakeTmp”
Building C object CMakeFiles/cmTC_56514.dir/CurlTests.c.o
/usr/bin/cc   -pedantic -D_DEFAULT_SOURCE   -ffp-contract=off   -mssse3 -pthread  -W -Wall -pedantic -Wbad-function-cast -Wconversion -Winline -Wmissing-declarations -Wmissing-prototypes -Wnested-externs -Wno-long-long -Wno-multichar -Wpointer-arith -Wshadow -Wsign-compare -Wundef -Wunused -Wwrite-strings -Waddress -Wattributes -Wcast-align -Wdeclaration-after-statement -Wdiv-by-zero -Wempty-body -Wendif-labels -Wfloat-equal -Wformat-security -Wignored-qualifiers -Wmissing-field-initializers -Wmissing-noreturn -Wno-format-nonliteral -Wno-system-headers -Wold-style-definition -Wredundant-decls -Wsign-conversion -Wno-error=sign-conversion -Wstrict-prototypes -Wtype-limits -Wunreachable-code -Wunused-parameter -Wvla -Wclobbered -Wmissing-parameter-type -Wold-style-declaration -Wstrict-aliasing=3 -Wtrampolines -Wformat=2 -Warray-bounds=2 -ftree-vrp -Wduplicated-cond -Wnull-dereference -fdelete-null-pointer-checks -Wshift-negative-value -Wshift-overflow=2 -Walloc-zero -Wduplicated-branches -Wformat-overflow=2 -Wformat-truncation=2 -Wimplicit-fallthrough -Wrestrict -Warith-conversion -Wdouble-promotion -Wenum-conversion -Wpragmas -Wunused-const-variable -DHAVE_FSETXATTR_5  -DHAVE_SYS_WAIT_H -DHAVE_SYS_IOCTL_H -DHAVE_SYS_PARAM_H -DHAVE_SYS_POLL_H -DHAVE_SYS_RESOURCE_H -DHAVE_SYS_SELECT_H -DHAVE_SYS_SOCKET_H -DHAVE_SYS_STAT_H -DHAVE_SYS_TIME_H -DHAVE_SYS_TYPES_H -DHAVE_SYS_UN_H -DHAVE_SYS_XATTR_H -DHAVE_ARPA_INET_H -DHAVE_DIRENT_H -DHAVE_FCNTL_H -DHAVE_IFADDRS_H -DHAVE_LIBGEN_H -DHAVE_LOCALE_H -DHAVE_NET_IF_H -DHAVE_NETDB_H -DHAVE_NETINET_IN_H -DHAVE_NETINET_TCP_H -DHAVE_NETINET_UDP_H -DHAVE_POLL_H -DHAVE_PWD_H -DHAVE_STDATOMIC_H -DHAVE_STDBOOL_H -DHAVE_STRINGS_H -DHAVE_TERMIO_H -DHAVE_TERMIOS_H -DHAVE_UNISTD_H -DHAVE_UTIME_H -o CMakeFiles/cmTC_56514.dir/CurlTests.c.o -c /home/wtc/realsense_src/build/third-party/libcurl/CMake/CurlTests.c
Linking C executable cmTC_56514
/usr/bin/cmake -E cmake_link_script CMakeFiles/cmTC_56514.dir/link.txt --verbose=1
/usr/bin/cc    -pedantic -D_DEFAULT_SOURCE   -ffp-contract=off   -mssse3 -pthread  -W -Wall -pedantic -Wbad-function-cast -Wconversion -Winline -Wmissing-declarations -Wmissing-prototypes -Wnested-externs -Wno-long-long -Wno-multichar -Wpointer-arith -Wshadow -Wsign-compare -Wundef -Wunused -Wwrite-strings -Waddress -Wattributes -Wcast-align -Wdeclaration-after-statement -Wdiv-by-zero -Wempty-body -Wendif-labels -Wfloat-equal -Wformat-security -Wignored-qualifiers -Wmissing-field-initializers -Wmissing-noreturn -Wno-format-nonliteral -Wno-system-headers -Wold-style-definition -Wredundant-decls -Wsign-conversion -Wno-error=sign-conversion -Wstrict-prototypes -Wtype-limits -Wunreachable-code -Wunused-parameter -Wvla -Wclobbered -Wmissing-parameter-type -Wold-style-declaration -Wstrict-aliasing=3 -Wtrampolines -Wformat=2 -Warray-bounds=2 -ftree-vrp -Wduplicated-cond -Wnull-dereference -fdelete-null-pointer-checks -Wshift-negative-value -Wshift-overflow=2 -Walloc-zero -Wduplicated-branches -Wformat-overflow=2 -Wformat-truncation=2 -Wimplicit-fallthrough -Wrestrict -Warith-conversion -Wdouble-promotion -Wenum-conversion -Wpragmas -Wunused-const-variable -DHAVE_FSETXATTR_5  -DHAVE_SYS_WAIT_H -DHAVE_SYS_IOCTL_H -DHAVE_SYS_PARAM_H -DHAVE_SYS_POLL_H -DHAVE_SYS_RESOURCE_H -DHAVE_SYS_SELECT_H -DHAVE_SYS_SOCKET_H -DHAVE_SYS_STAT_H -DHAVE_SYS_TIME_H -DHAVE_SYS_TYPES_H -DHAVE_SYS_UN_H -DHAVE_SYS_XATTR_H -DHAVE_ARPA_INET_H -DHAVE_DIRENT_H -DHAVE_FCNTL_H -DHAVE_IFADDRS_H -DHAVE_LIBGEN_H -DHAVE_LOCALE_H -DHAVE_NET_IF_H -DHAVE_NETDB_H -DHAVE_NETINET_IN_H -DHAVE_NETINET_TCP_H -DHAVE_NETINET_UDP_H -DHAVE_POLL_H -DHAVE_PWD_H -DHAVE_STDATOMIC_H -DHAVE_STDBOOL_H -DHAVE_STRINGS_H -DHAVE_TERMIO_H -DHAVE_TERMIOS_H -DHAVE_UNISTD_H -DHAVE_UTIME_H CMakeFiles/cmTC_56514.dir/CurlTests.c.o -o cmTC_56514 
gmake[4]: 离开目录“/home/wtc/realsense_src/build/libcurl/src/libcurl-build/CMakeFiles/CMakeTmp”
gmake[3]: 离开目录“/home/wtc/realsense_src/build/libcurl/src/libcurl-build/CMakeFiles/CMakeTmp”


Determining size of sa_family_t passed with the following output:
Change Dir: /home/wtc/realsense_src/build/libcurl/src/libcurl-build/CMakeFiles/CMakeTmp

Run Build Command(s):/usr/bin/gmake -f Makefile cmTC_0ebe0/fast && gmake[3]: 进入目录“/home/wtc/realsense_src/build/libcurl/src/libcurl-build/CMakeFiles/CMakeTmp”
/usr/bin/gmake  -f CMakeFiles/cmTC_0ebe0.dir/build.make CMakeFiles/cmTC_0ebe0.dir/build
gmake[4]: 进入目录“/home/wtc/realsense_src/build/libcurl/src/libcurl-build/CMakeFiles/CMakeTmp”
Building C object CMakeFiles/cmTC_0ebe0.dir/SIZEOF_SA_FAMILY_T.c.o
/usr/bin/cc   -pedantic -D_DEFAULT_SOURCE   -ffp-contract=off   -mssse3 -pthread  -W -Wall -pedantic -Wbad-function-cast -Wconversion -Winline -Wmissing-declarations -Wmissing-prototypes -Wnested-externs -Wno-long-long -Wno-multichar -Wpointer-arith -Wshadow -Wsign-compare -Wundef -Wunused -Wwrite-strings -Waddress -Wattributes -Wcast-align -Wdeclaration-after-statement -Wdiv-by-zero -Wempty-body -Wendif-labels -Wfloat-equal -Wformat-security -Wignored-qualifiers -Wmissing-field-initializers -Wmissing-noreturn -Wno-format-nonliteral -Wno-system-headers -Wold-style-definition -Wredundant-decls -Wsign-conversion -Wno-error=sign-conversion -Wstrict-prototypes -Wtype-limits -Wunreachable-code -Wunused-parameter -Wvla -Wclobbered -Wmissing-parameter-type -Wold-style-declaration -Wstrict-aliasing=3 -Wtrampolines -Wformat=2 -Warray-bounds=2 -ftree-vrp -Wduplicated-cond -Wnull-dereference -fdelete-null-pointer-checks -Wshift-negative-value -Wshift-overflow=2 -Walloc-zero -Wduplicated-branches -Wformat-overflow=2 -Wformat-truncation=2 -Wimplicit-fallthrough -Wrestrict -Warith-conversion -Wdouble-promotion -Wenum-conversion -Wpragmas -Wunused-const-variable  -o CMakeFiles/cmTC_0ebe0.dir/SIZEOF_SA_FAMILY_T.c.o -c /home/wtc/realsense_src/build/libcurl/src/libcurl-build/CMakeFiles/CheckTypeSize/SIZEOF_SA_FAMILY_T.c
Linking C executable cmTC_0ebe0
/usr/bin/cmake -E cmake_link_script CMakeFiles/cmTC_0ebe0.dir/link.txt --verbose=1
/usr/bin/cc    -pedantic -D_DEFAULT_SOURCE   -ffp-contract=off   -mssse3 -pthread  -W -Wall -pedantic -Wbad-function-cast -Wconversion -Winline -Wmissing-declarations -Wmissing-prototypes -Wnested-externs -Wno-long-long -Wno-multichar -Wpointer-arith -Wshadow -Wsign-compare -Wundef -Wunused -Wwrite-strings -Waddress -Wattributes -Wcast-align -Wdeclaration-after-statement -Wdiv-by-zero -Wempty-body -Wendif-labels -Wfloat-equal -Wformat-security -Wignored-qualifiers -Wmissing-field-initializers -Wmissing-noreturn -Wno-format-nonliteral -Wno-system-headers -Wold-style-definition -Wredundant-decls -Wsign-conversion -Wno-error=sign-conversion -Wstrict-prototypes -Wtype-limits -Wunreachable-code -Wunused-parameter -Wvla -Wclobbered -Wmissing-parameter-type -Wold-style-declaration -Wstrict-aliasing=3 -Wtrampolines -Wformat=2 -Warray-bounds=2 -ftree-vrp -Wduplicated-cond -Wnull-dereference -fdelete-null-pointer-checks -Wshift-negative-value -Wshift-overflow=2 -Walloc-zero -Wduplicated-branches -Wformat-overflow=2 -Wformat-truncation=2 -Wimplicit-fallthrough -Wrestrict -Warith-conversion -Wdouble-promotion -Wenum-conversion -Wpragmas -Wunused-const-variable  CMakeFiles/cmTC_0ebe0.dir/SIZEOF_SA_FAMILY_T.c.o -o cmTC_0ebe0 
gmake[4]: 离开目录“/home/wtc/realsense_src/build/libcurl/src/libcurl-build/CMakeFiles/CMakeTmp”
gmake[3]: 离开目录“/home/wtc/realsense_src/build/libcurl/src/libcurl-build/CMakeFiles/CMakeTmp”



Performing Test HAVE_FCNTL_O_NONBLOCK passed with the following output:
Change Dir: /home/wtc/realsense_src/build/libcurl/src/libcurl-build/CMakeFiles/CMakeTmp

Run Build Command(s):/usr/bin/gmake -f Makefile cmTC_35ade/fast && gmake[3]: 进入目录“/home/wtc/realsense_src/build/libcurl/src/libcurl-build/CMakeFiles/CMakeTmp”
/usr/bin/gmake  -f CMakeFiles/cmTC_35ade.dir/build.make CMakeFiles/cmTC_35ade.dir/build
gmake[4]: 进入目录“/home/wtc/realsense_src/build/libcurl/src/libcurl-build/CMakeFiles/CMakeTmp”
Building C object CMakeFiles/cmTC_35ade.dir/CurlTests.c.o
/usr/bin/cc   -pedantic -D_DEFAULT_SOURCE   -ffp-contract=off   -mssse3 -pthread  -W -Wall -pedantic -Wbad-function-cast -Wconversion -Winline -Wmissing-declarations -Wmissing-prototypes -Wnested-externs -Wno-long-long -Wno-multichar -Wpointer-arith -Wshadow -Wsign-compare -Wundef -Wunused -Wwrite-strings -Waddress -Wattributes -Wcast-align -Wdeclaration-after-statement -Wdiv-by-zero -Wempty-body -Wendif-labels -Wfloat-equal -Wformat-security -Wignored-qualifiers -Wmissing-field-initializers -Wmissing-noreturn -Wno-format-nonliteral -Wno-system-headers -Wold-style-definition -Wredundant-decls -Wsign-conversion -Wno-error=sign-conversion -Wstrict-prototypes -Wtype-limits -Wunreachable-code -Wunused-parameter -Wvla -Wclobbered -Wmissing-parameter-type -Wold-style-declaration -Wstrict-aliasing=3 -Wtrampolines -Wformat=2 -Warray-bounds=2 -ftree-vrp -Wduplicated-cond -Wnull-dereference -fdelete-null-pointer-checks -Wshift-negative-value -Wshift-overflow=2 -Walloc-zero -Wduplicated-branches -Wformat-overflow=2 -Wformat-truncation=2 -Wimplicit-fallthrough -Wrestrict -Warith-conversion -Wdouble-promotion -Wenum-conversion -Wpragmas -Wunused-const-variable -DHAVE_FCNTL_O_NONBLOCK  -DHAVE_SYS_WAIT_H -DHAVE_SYS_IOCTL_H -DHAVE_SYS_PARAM_H -DHAVE_SYS_POLL_H -DHAVE_SYS_RESOURCE_H -DHAVE_SYS_SELECT_H -DHAVE_SYS_SOCKET_H -DHAVE_SYS_STAT_H -DHAVE_SYS_TIME_H -DHAVE_SYS_TYPES_H -DHAVE_SYS_UN_H -DHAVE_SYS_XATTR_H -DHAVE_ARPA_INET_H -DHAVE_DIRENT_H -DHAVE_FCNTL_H -DHAVE_IFADDRS_H -DHAVE_LIBGEN_H -DHAVE_LOCALE_H -DHAVE_NET_IF_H -DHAVE_NETDB_H -DHAVE_NETINET_IN_H -DHAVE_NETINET_TCP_H -DHAVE_NETINET_UDP_H -DHAVE_POLL_H -DHAVE_PWD_H -DHAVE_STDATOMIC_H -DHAVE_STDBOOL_H -DHAVE_STRINGS_H -DHAVE_TERMIO_H -DHAVE_TERMIOS_H -DHAVE_UNISTD_H -DHAVE_UTIME_H -o CMakeFiles/cmTC_35ade.dir/CurlTests.c.o -c /home/wtc/realsense_src/build/third-party/libcurl/CMake/CurlTests.c
Linking C executable cmTC_35ade
/usr/bin/cmake -E cmake_link_script CMakeFiles/cmTC_35ade.dir/link.txt --verbose=1
/usr/bin/cc    -pedantic -D_DEFAULT_SOURCE   -ffp-contract=off   -mssse3 -pthread  -W -Wall -pedantic -Wbad-function-cast -Wconversion -Winline -Wmissing-declarations -Wmissing-prototypes -Wnested-externs -Wno-long-long -Wno-multichar -Wpointer-arith -Wshadow -Wsign-compare -Wundef -Wunused -Wwrite-strings -Waddress -Wattributes -Wcast-align -Wdeclaration-after-statement -Wdiv-by-zero -Wempty-body -Wendif-labels -Wfloat-equal -Wformat-security -Wignored-qualifiers -Wmissing-field-initializers -Wmissing-noreturn -Wno-format-nonliteral -Wno-system-headers -Wold-style-definition -Wredundant-decls -Wsign-conversion -Wno-error=sign-conversion -Wstrict-prototypes -Wtype-limits -Wunreachable-code -Wunused-parameter -Wvla -Wclobbered -Wmissing-parameter-type -Wold-style-declaration -Wstrict-aliasing=3 -Wtrampolines -Wformat=2 -Warray-bounds=2 -ftree-vrp -Wduplicated-cond -Wnull-dereference -fdelete-null-pointer-checks -Wshift-negative-value -Wshift-overflow=2 -Walloc-zero -Wduplicated-branches -Wformat-overflow=2 -Wformat-truncation=2 -Wimplicit-fallthrough -Wrestrict -Warith-conversion -Wdouble-promotion -Wenum-conversion -Wpragmas -Wunused-const-variable -DHAVE_FCNTL_O_NONBLOCK  -DHAVE_SYS_WAIT_H -DHAVE_SYS_IOCTL_H -DHAVE_SYS_PARAM_H -DHAVE_SYS_POLL_H -DHAVE_SYS_RESOURCE_H -DHAVE_SYS_SELECT_H -DHAVE_SYS_SOCKET_H -DHAVE_SYS_STAT_H -DHAVE_SYS_TIME_H -DHAVE_SYS_TYPES_H -DHAVE_SYS_UN_H -DHAVE_SYS_XATTR_H -DHAVE_ARPA_INET_H -DHAVE_DIRENT_H -DHAVE_FCNTL_H -DHAVE_IFADDRS_H -DHAVE_LIBGEN_H -DHAVE_LOCALE_H -DHAVE_NET_IF_H -DHAVE_NETDB_H -DHAVE_NETINET_IN_H -DHAVE_NETINET_TCP_H -DHAVE_NETINET_UDP_H -DHAVE_POLL_H -DHAVE_PWD_H -DHAVE_STDATOMIC_H -DHAVE_STDBOOL_H -DHAVE_STRINGS_H -DHAVE_TERMIO_H -DHAVE_TERMIOS_H -DHAVE_UNISTD_H -DHAVE_UTIME_H CMakeFiles/cmTC_35ade.dir/CurlTests.c.o -o cmTC_35ade 
gmake[4]: 离开目录“/home/wtc/realsense_src/build/libcurl/src/libcurl-build/CMakeFiles/CMakeTmp”
gmake[3]: 离开目录“/home/wtc/realsense_src/build/libcurl/src/libcurl-build/CMakeFiles/CMakeTmp”


Performing Test HAVE_IOCTL_FIONBIO passed with the following output:
Change Dir: /home/wtc/realsense_src/build/libcurl/src/libcurl-build/CMakeFiles/CMakeTmp

Run Build Command(s):/usr/bin/gmake -f Makefile cmTC_fb32e/fast && gmake[3]: 进入目录“/home/wtc/realsense_src/build/libcurl/src/libcurl-build/CMakeFiles/CMakeTmp”
/usr/bin/gmake  -f CMakeFiles/cmTC_fb32e.dir/build.make CMakeFiles/cmTC_fb32e.dir/build
gmake[4]: 进入目录“/home/wtc/realsense_src/build/libcurl/src/libcurl-build/CMakeFiles/CMakeTmp”
Building C object CMakeFiles/cmTC_fb32e.dir/CurlTests.c.o
/usr/bin/cc   -pedantic -D_DEFAULT_SOURCE   -ffp-contract=off   -mssse3 -pthread  -W -Wall -pedantic -Wbad-function-cast -Wconversion -Winline -Wmissing-declarations -Wmissing-prototypes -Wnested-externs -Wno-long-long -Wno-multichar -Wpointer-arith -Wshadow -Wsign-compare -Wundef -Wunused -Wwrite-strings -Waddress -Wattributes -Wcast-align -Wdeclaration-after-statement -Wdiv-by-zero -Wempty-body -Wendif-labels -Wfloat-equal -Wformat-security -Wignored-qualifiers -Wmissing-field-initializers -Wmissing-noreturn -Wno-format-nonliteral -Wno-system-headers -Wold-style-definition -Wredundant-decls -Wsign-conversion -Wno-error=sign-conversion -Wstrict-prototypes -Wtype-limits -Wunreachable-code -Wunused-parameter -Wvla -Wclobbered -Wmissing-parameter-type -Wold-style-declaration -Wstrict-aliasing=3 -Wtrampolines -Wformat=2 -Warray-bounds=2 -ftree-vrp -Wduplicated-cond -Wnull-dereference -fdelete-null-pointer-checks -Wshift-negative-value -Wshift-overflow=2 -Walloc-zero -Wduplicated-branches -Wformat-overflow=2 -Wformat-truncation=2 -Wimplicit-fallthrough -Wrestrict -Warith-conversion -Wdouble-promotion -Wenum-conversion -Wpragmas -Wunused-const-variable -DHAVE_IOCTL_FIONBIO  -DHAVE_SYS_WAIT_H -DHAVE_SYS_IOCTL_H -DHAVE_SYS_PARAM_H -DHAVE_SYS_POLL_H -DHAVE_SYS_RESOURCE_H -DHAVE_SYS_SELECT_H -DHAVE_SYS_SOCKET_H -DHAVE_SYS_STAT_H -DHAVE_SYS_TIME_H -DHAVE_SYS_TYPES_H -DHAVE_SYS_UN_H -DHAVE_SYS_XATTR_H -DHAVE_ARPA_INET_H -DHAVE_DIRENT_H -DHAVE_FCNTL_H -DHAVE_IFADDRS_H -DHAVE_LIBGEN_H -DHAVE_LOCALE_H -DHAVE_NET_IF_H -DHAVE_NETDB_H -DHAVE_NETINET_IN_H -DHAVE_NETINET_TCP_H -DHAVE_NETINET_UDP_H -DHAVE_POLL_H -DHAVE_PWD_H -DHAVE_STDATOMIC_H -DHAVE_STDBOOL_H -DHAVE_STRINGS_H -DHAVE_TERMIO_H -DHAVE_TERMIOS_H -DHAVE_UNISTD_H -DHAVE_UTIME_H -o CMakeFiles/cmTC_fb32e.dir/CurlTests.c.o -c /home/wtc/realsense_src/build/third-party/libcurl/CMake/CurlTests.c
Linking C executable cmTC_fb32e
/usr/bin/cmake -E cmake_link_script CMakeFiles/cmTC_fb32e.dir/link.txt --verbose=1
/usr/bin/cc    -pedantic -D_DEFAULT_SOURCE   -ffp-contract=off   -mssse3 -pthread  -W -Wall -pedantic -Wbad-function-cast -Wconversion -Winline -Wmissing-declarations -Wmissing-prototypes -Wnested-externs -Wno-long-long -Wno-multichar -Wpointer-arith -Wshadow -Wsign-compare -Wundef -Wunused -Wwrite-strings -Waddress -Wattributes -Wcast-align -Wdeclaration-after-statement -Wdiv-by-zero -Wempty-body -Wendif-labels -Wfloat-equal -Wformat-security -Wignored-qualifiers -Wmissing-field-initializers -Wmissing-noreturn -Wno-format-nonliteral -Wno-system-headers -Wold-style-definition -Wredundant-decls -Wsign-conversion -Wno-error=sign-conversion -Wstrict-prototypes -Wtype-limits -Wunreachable-code -Wunused-parameter -Wvla -Wclobbered -Wmissing-parameter-type -Wold-style-declaration -Wstrict-aliasing=3 -Wtrampolines -Wformat=2 -Warray-bounds=2 -ftree-vrp -Wduplicated-cond -Wnull-dereference -fdelete-null-pointer-checks -Wshift-negative-value -Wshift-overflow=2 -Walloc-zero -Wduplicated-branches -Wformat-overflow=2 -Wformat-truncation=2 -Wimplicit-fallthrough -Wrestrict -Warith-conversion -Wdouble-promotion -Wenum-conversion -Wpragmas -Wunused-const-variable -DHAVE_IOCTL_FIONBIO  -DHAVE_SYS_WAIT_H -DHAVE_SYS_IOCTL_H -DHAVE_SYS_PARAM_H -DHAVE_SYS_POLL_H -DHAVE_SYS_RESOURCE_H -DHAVE_SYS_SELECT_H -DHAVE_SYS_SOCKET_H -DHAVE_SYS_STAT_H -DHAVE_SYS_TIME_H -DHAVE_SYS_TYPES_H -DHAVE_SYS_UN_H -DHAVE_SYS_XATTR_H -DHAVE_ARPA_INET_H -DHAVE_DIRENT_H -DHAVE_FCNTL_H -DHAVE_IFADDRS_H -DHAVE_LIBGEN_H -DHAVE_LOCALE_H -DHAVE_NET_IF_H -DHAVE_NETDB_H -DHAVE_NETINET_IN_H -DHAVE_NETINET_TCP_H -DHAVE_NETINET_UDP_H -DHAVE_POLL_H -DHAVE_PWD_H -DHAVE_STDATOMIC_H -DHAVE_STDBOOL_H -DHAVE_STRINGS_H -DHAVE_TERMIO_H -DHAVE_TERMIOS_H -DHAVE_UNISTD_H -DHAVE_UTIME_H CMakeFiles/cmTC_fb32e.dir/CurlTests.c.o -o cmTC_fb32e 
gmake[4]: 离开目录“/home/wtc/realsense_src/build/libcurl/src/libcurl-build/CMakeFiles/CMakeTmp”
gmake[3]: 离开目录“/home/wtc/realsense_src/build/libcurl/src/libcurl-build/CMakeFiles/CMakeTmp”


Performing Test HAVE_IOCTL_SIOCGIFADDR passed with the following output:
Change Dir: /home/wtc/realsense_src/build/libcurl/src/libcurl-build/CMakeFiles/CMakeTmp

Run Build Command(s):/usr/bin/gmake -f Makefile cmTC_b9394/fast && gmake[3]: 进入目录“/home/wtc/realsense_src/build/libcurl/src/libcurl-build/CMakeFiles/CMakeTmp”
/usr/bin/gmake  -f CMakeFiles/cmTC_b9394.dir/build.make CMakeFiles/cmTC_b9394.dir/build
gmake[4]: 进入目录“/home/wtc/realsense_src/build/libcurl/src/libcurl-build/CMakeFiles/CMakeTmp”
Building C object CMakeFiles/cmTC_b9394.dir/CurlTests.c.o
/usr/bin/cc   -pedantic -D_DEFAULT_SOURCE   -ffp-contract=off   -mssse3 -pthread  -W -Wall -pedantic -Wbad-function-cast -Wconversion -Winline -Wmissing-declarations -Wmissing-prototypes -Wnested-externs -Wno-long-long -Wno-multichar -Wpointer-arith -Wshadow -Wsign-compare -Wundef -Wunused -Wwrite-strings -Waddress -Wattributes -Wcast-align -Wdeclaration-after-statement -Wdiv-by-zero -Wempty-body -Wendif-labels -Wfloat-equal -Wformat-security -Wignored-qualifiers -Wmissing-field-initializers -Wmissing-noreturn -Wno-format-nonliteral -Wno-system-headers -Wold-style-definition -Wredundant-decls -Wsign-conversion -Wno-error=sign-conversion -Wstrict-prototypes -Wtype-limits -Wunreachable-code -Wunused-parameter -Wvla -Wclobbered -Wmissing-parameter-type -Wold-style-declaration -Wstrict-aliasing=3 -Wtrampolines -Wformat=2 -Warray-bounds=2 -ftree-vrp -Wduplicated-cond -Wnull-dereference -fdelete-null-pointer-checks -Wshift-negative-value -Wshift-overflow=2 -Walloc-zero -Wduplicated-branches -Wformat-overflow=2 -Wformat-truncation=2 -Wimplicit-fallthrough -Wrestrict -Warith-conversion -Wdouble-promotion -Wenum-conversion -Wpragmas -Wunused-const-variable -DHAVE_IOCTL_SIOCGIFADDR  -DHAVE_SYS_WAIT_H -DHAVE_SYS_IOCTL_H -DHAVE_SYS_PARAM_H -DHAVE_SYS_POLL_H -DHAVE_SYS_RESOURCE_H -DHAVE_SYS_SELECT_H -DHAVE_SYS_SOCKET_H -DHAVE_SYS_STAT_H -DHAVE_SYS_TIME_H -DHAVE_SYS_TYPES_H -DHAVE_SYS_UN_H -DHAVE_SYS_XATTR_H -DHAVE_ARPA_INET_H -DHAVE_DIRENT_H -DHAVE_FCNTL_H -DHAVE_IFADDRS_H -DHAVE_LIBGEN_H -DHAVE_LOCALE_H -DHAVE_NET_IF_H -DHAVE_NETDB_H -DHAVE_NETINET_IN_H -DHAVE_NETINET_TCP_H -DHAVE_NETINET_UDP_H -DHAVE_POLL_H -DHAVE_PWD_H -DHAVE_STDATOMIC_H -DHAVE_STDBOOL_H -DHAVE_STRINGS_H -DHAVE_TERMIO_H -DHAVE_TERMIOS_H -DHAVE_UNISTD_H -DHAVE_UTIME_H -o CMakeFiles/cmTC_b9394.dir/CurlTests.c.o -c /home/wtc/realsense_src/build/third-party/libcurl/CMake/CurlTests.c
Linking C executable cmTC_b9394
/usr/bin/cmake -E cmake_link_script CMakeFiles/cmTC_b9394.dir/link.txt --verbose=1
/usr/bin/cc    -pedantic -D_DEFAULT_SOURCE   -ffp-contract=off   -mssse3 -pthread  -W -Wall -pedantic -Wbad-function-cast -Wconversion -Winline -Wmissing-declarations -Wmissing-prototypes -Wnested-externs -Wno-long-long -Wno-multichar -Wpointer-arith -Wshadow -Wsign-compare -Wundef -Wunused -Wwrite-strings -Waddress -Wattributes -Wcast-align -Wdeclaration-after-statement -Wdiv-by-zero -Wempty-body -Wendif-labels -Wfloat-equal -Wformat-security -Wignored-qualifiers -Wmissing-field-initializers -Wmissing-noreturn -Wno-format-nonliteral -Wno-system-headers -Wold-style-definition -Wredundant-decls -Wsign-conversion -Wno-error=sign-conversion -Wstrict-prototypes -Wtype-limits -Wunreachable-code -Wunused-parameter -Wvla -Wclobbered -Wmissing-parameter-type -Wold-style-declaration -Wstrict-aliasing=3 -Wtrampolines -Wformat=2 -Warray-bounds=2 -ftree-vrp -Wduplicated-cond -Wnull-dereference -fdelete-null-pointer-checks -Wshift-negative-value -Wshift-overflow=2 -Walloc-zero -Wduplicated-branches -Wformat-overflow=2 -Wformat-truncation=2 -Wimplicit-fallthrough -Wrestrict -Warith-conversion -Wdouble-promotion -Wenum-conversion -Wpragmas -Wunused-const-variable -DHAVE_IOCTL_SIOCGIFADDR  -DHAVE_SYS_WAIT_H -DHAVE_SYS_IOCTL_H -DHAVE_SYS_PARAM_H -DHAVE_SYS_POLL_H -DHAVE_SYS_RESOURCE_H -DHAVE_SYS_SELECT_H -DHAVE_SYS_SOCKET_H -DHAVE_SYS_STAT_H -DHAVE_SYS_TIME_H -DHAVE_SYS_TYPES_H -DHAVE_SYS_UN_H -DHAVE_SYS_XATTR_H -DHAVE_ARPA_INET_H -DHAVE_DIRENT_H -DHAVE_FCNTL_H -DHAVE_IFADDRS_H -DHAVE_LIBGEN_H -DHAVE_LOCALE_H -DHAVE_NET_IF_H -DHAVE_NETDB_H -DHAVE_NETINET_IN_H -DHAVE_NETINET_TCP_H -DHAVE_NETINET_UDP_H -DHAVE_POLL_H -DHAVE_PWD_H -DHAVE_STDATOMIC_H -DHAVE_STDBOOL_H -DHAVE_STRINGS_H -DHAVE_TERMIO_H -DHAVE_TERMIOS_H -DHAVE_UNISTD_H -DHAVE_UTIME_H CMakeFiles/cmTC_b9394.dir/CurlTests.c.o -o cmTC_b9394 
gmake[4]: 离开目录“/home/wtc/realsense_src/build/libcurl/src/libcurl-build/CMakeFiles/CMakeTmp”
gmake[3]: 离开目录“/home/wtc/realsense_src/build/libcurl/src/libcurl-build/CMakeFiles/CMakeTmp”


Performing Test HAVE_GETHOSTBYNAME_R_6 passed with the following output:
Change Dir: /home/wtc/realsense_src/build/libcurl/src/libcurl-build/CMakeFiles/CMakeTmp

Run Build Command(s):/usr/bin/gmake -f Makefile cmTC_4b858/fast && gmake[3]: 进入目录“/home/wtc/realsense_src/build/libcurl/src/libcurl-build/CMakeFiles/CMakeTmp”
/usr/bin/gmake  -f CMakeFiles/cmTC_4b858.dir/build.make CMakeFiles/cmTC_4b858.dir/build
gmake[4]: 进入目录“/home/wtc/realsense_src/build/libcurl/src/libcurl-build/CMakeFiles/CMakeTmp”
Building C object CMakeFiles/cmTC_4b858.dir/CurlTests.c.o
/usr/bin/cc   -pedantic -D_DEFAULT_SOURCE   -ffp-contract=off   -mssse3 -pthread  -W -Wall -pedantic -Wbad-function-cast -Wconversion -Winline -Wmissing-declarations -Wmissing-prototypes -Wnested-externs -Wno-long-long -Wno-multichar -Wpointer-arith -Wshadow -Wsign-compare -Wundef -Wunused -Wwrite-strings -Waddress -Wattributes -Wcast-align -Wdeclaration-after-statement -Wdiv-by-zero -Wempty-body -Wendif-labels -Wfloat-equal -Wformat-security -Wignored-qualifiers -Wmissing-field-initializers -Wmissing-noreturn -Wno-format-nonliteral -Wno-system-headers -Wold-style-definition -Wredundant-decls -Wsign-conversion -Wno-error=sign-conversion -Wstrict-prototypes -Wtype-limits -Wunreachable-code -Wunused-parameter -Wvla -Wclobbered -Wmissing-parameter-type -Wold-style-declaration -Wstrict-aliasing=3 -Wtrampolines -Wformat=2 -Warray-bounds=2 -ftree-vrp -Wduplicated-cond -Wnull-dereference -fdelete-null-pointer-checks -Wshift-negative-value -Wshift-overflow=2 -Walloc-zero -Wduplicated-branches -Wformat-overflow=2 -Wformat-truncation=2 -Wimplicit-fallthrough -Wrestrict -Warith-conversion -Wdouble-promotion -Wenum-conversion -Wpragmas -Wunused-const-variable -DHAVE_GETHOSTBYNAME_R_6  -DHAVE_SYS_WAIT_H -DHAVE_SYS_IOCTL_H -DHAVE_SYS_PARAM_H -DHAVE_SYS_POLL_H -DHAVE_SYS_RESOURCE_H -DHAVE_SYS_SELECT_H -DHAVE_SYS_SOCKET_H -DHAVE_SYS_STAT_H -DHAVE_SYS_TIME_H -DHAVE_SYS_TYPES_H -DHAVE_SYS_UN_H -DHAVE_SYS_XATTR_H -DHAVE_ARPA_INET_H -DHAVE_DIRENT_H -DHAVE_FCNTL_H -DHAVE_IFADDRS_H -DHAVE_LIBGEN_H -DHAVE_LOCALE_H -DHAVE_NET_IF_H -DHAVE_NETDB_H -DHAVE_NETINET_IN_H -DHAVE_NETINET_TCP_H -DHAVE_NETINET_UDP_H -DHAVE_POLL_H -DHAVE_PWD_H -DHAVE_STDATOMIC_H -DHAVE_STDBOOL_H -DHAVE_STRINGS_H -DHAVE_TERMIO_H -DHAVE_TERMIOS_H -DHAVE_UNISTD_H -DHAVE_UTIME_H -o CMakeFiles/cmTC_4b858.dir/CurlTests.c.o -c /home/wtc/realsense_src/build/third-party/libcurl/CMake/CurlTests.c
/home/wtc/realsense_src/build/third-party/libcurl/CMake/CurlTests.c: In function ‘main’:
/home/wtc/realsense_src/build/third-party/libcurl/CMake/CurlTests.c:73:19: warning: initialization discards ‘const’ qualifier from pointer target type [-Wdiscarded-qualifiers]
   73 |   char *address = "example.com";
      |                   ^~~~~~~~~~~~~
Linking C executable cmTC_4b858
/usr/bin/cmake -E cmake_link_script CMakeFiles/cmTC_4b858.dir/link.txt --verbose=1
/usr/bin/cc    -pedantic -D_DEFAULT_SOURCE   -ffp-contract=off   -mssse3 -pthread  -W -Wall -pedantic -Wbad-function-cast -Wconversion -Winline -Wmissing-declarations -Wmissing-prototypes -Wnested-externs -Wno-long-long -Wno-multichar -Wpointer-arith -Wshadow -Wsign-compare -Wundef -Wunused -Wwrite-strings -Waddress -Wattributes -Wcast-align -Wdeclaration-after-statement -Wdiv-by-zero -Wempty-body -Wendif-labels -Wfloat-equal -Wformat-security -Wignored-qualifiers -Wmissing-field-initializers -Wmissing-noreturn -Wno-format-nonliteral -Wno-system-headers -Wold-style-definition -Wredundant-decls -Wsign-conversion -Wno-error=sign-conversion -Wstrict-prototypes -Wtype-limits -Wunreachable-code -Wunused-parameter -Wvla -Wclobbered -Wmissing-parameter-type -Wold-style-declaration -Wstrict-aliasing=3 -Wtrampolines -Wformat=2 -Warray-bounds=2 -ftree-vrp -Wduplicated-cond -Wnull-dereference -fdelete-null-pointer-checks -Wshift-negative-value -Wshift-overflow=2 -Walloc-zero -Wduplicated-branches -Wformat-overflow=2 -Wformat-truncation=2 -Wimplicit-fallthrough -Wrestrict -Warith-conversion -Wdouble-promotion -Wenum-conversion -Wpragmas -Wunused-const-variable -DHAVE_GETHOSTBYNAME_R_6  -DHAVE_SYS_WAIT_H -DHAVE_SYS_IOCTL_H -DHAVE_SYS_PARAM_H -DHAVE_SYS_POLL_H -DHAVE_SYS_RESOURCE_H -DHAVE_SYS_SELECT_H -DHAVE_SYS_SOCKET_H -DHAVE_SYS_STAT_H -DHAVE_SYS_TIME_H -DHAVE_SYS_TYPES_H -DHAVE_SYS_UN_H -DHAVE_SYS_XATTR_H -DHAVE_ARPA_INET_H -DHAVE_DIRENT_H -DHAVE_FCNTL_H -DHAVE_IFADDRS_H -DHAVE_LIBGEN_H -DHAVE_LOCALE_H -DHAVE_NET_IF_H -DHAVE_NETDB_H -DHAVE_NETINET_IN_H -DHAVE_NETINET_TCP_H -DHAVE_NETINET_UDP_H -DHAVE_POLL_H -DHAVE_PWD_H -DHAVE_STDATOMIC_H -DHAVE_STDBOOL_H -DHAVE_STRINGS_H -DHAVE_TERMIO_H -DHAVE_TERMIOS_H -DHAVE_UNISTD_H -DHAVE_UTIME_H CMakeFiles/cmTC_4b858.dir/CurlTests.c.o -o cmTC_4b858 
gmake[4]: 离开目录“/home/wtc/realsense_src/build/libcurl/src/libcurl-build/CMakeFiles/CMakeTmp”
gmake[3]: 离开目录“/home/wtc/realsense_src/build/libcurl/src/libcurl-build/CMakeFiles/CMakeTmp”


Performing Test HAVE_GETHOSTBYNAME_R_6_REENTRANT passed with the following output:
Change Dir: /home/wtc/realsense_src/build/libcurl/src/libcurl-build/CMakeFiles/CMakeTmp

Run Build Command(s):/usr/bin/gmake -f Makefile cmTC_6d9a4/fast && gmake[3]: 进入目录“/home/wtc/realsense_src/build/libcurl/src/libcurl-build/CMakeFiles/CMakeTmp”
/usr/bin/gmake  -f CMakeFiles/cmTC_6d9a4.dir/build.make CMakeFiles/cmTC_6d9a4.dir/build
gmake[4]: 进入目录“/home/wtc/realsense_src/build/libcurl/src/libcurl-build/CMakeFiles/CMakeTmp”
Building C object CMakeFiles/cmTC_6d9a4.dir/CurlTests.c.o
/usr/bin/cc   -pedantic -D_DEFAULT_SOURCE   -ffp-contract=off   -mssse3 -pthread  -W -Wall -pedantic -Wbad-function-cast -Wconversion -Winline -Wmissing-declarations -Wmissing-prototypes -Wnested-externs -Wno-long-long -Wno-multichar -Wpointer-arith -Wshadow -Wsign-compare -Wundef -Wunused -Wwrite-strings -Waddress -Wattributes -Wcast-align -Wdeclaration-after-statement -Wdiv-by-zero -Wempty-body -Wendif-labels -Wfloat-equal -Wformat-security -Wignored-qualifiers -Wmissing-field-initializers -Wmissing-noreturn -Wno-format-nonliteral -Wno-system-headers -Wold-style-definition -Wredundant-decls -Wsign-conversion -Wno-error=sign-conversion -Wstrict-prototypes -Wtype-limits -Wunreachable-code -Wunused-parameter -Wvla -Wclobbered -Wmissing-parameter-type -Wold-style-declaration -Wstrict-aliasing=3 -Wtrampolines -Wformat=2 -Warray-bounds=2 -ftree-vrp -Wduplicated-cond -Wnull-dereference -fdelete-null-pointer-checks -Wshift-negative-value -Wshift-overflow=2 -Walloc-zero -Wduplicated-branches -Wformat-overflow=2 -Wformat-truncation=2 -Wimplicit-fallthrough -Wrestrict -Warith-conversion -Wdouble-promotion -Wenum-conversion -Wpragmas -Wunused-const-variable -DHAVE_GETHOSTBYNAME_R_6_REENTRANT  -DHAVE_SYS_WAIT_H -DHAVE_SYS_IOCTL_H -DHAVE_SYS_PARAM_H -DHAVE_SYS_POLL_H -DHAVE_SYS_RESOURCE_H -DHAVE_SYS_SELECT_H -DHAVE_SYS_SOCKET_H -DHAVE_SYS_STAT_H -DHAVE_SYS_TIME_H -DHAVE_SYS_TYPES_H -DHAVE_SYS_UN_H -DHAVE_SYS_XATTR_H -DHAVE_ARPA_INET_H -DHAVE_DIRENT_H -DHAVE_FCNTL_H -DHAVE_IFADDRS_H -DHAVE_LIBGEN_H -DHAVE_LOCALE_H -DHAVE_NET_IF_H -DHAVE_NETDB_H -DHAVE_NETINET_IN_H -DHAVE_NETINET_TCP_H -DHAVE_NETINET_UDP_H -DHAVE_POLL_H -DHAVE_PWD_H -DHAVE_STDATOMIC_H -DHAVE_STDBOOL_H -DHAVE_STRINGS_H -DHAVE_TERMIO_H -DHAVE_TERMIOS_H -DHAVE_UNISTD_H -DHAVE_UTIME_H -o CMakeFiles/cmTC_6d9a4.dir/CurlTests.c.o -c /home/wtc/realsense_src/build/third-party/libcurl/CMake/CurlTests.c
/home/wtc/realsense_src/build/third-party/libcurl/CMake/CurlTests.c:61: warning: "_REENTRANT" redefined
   61 | #   define _REENTRANT
      | 
<command-line>: note: this is the location of the previous definition
/home/wtc/realsense_src/build/third-party/libcurl/CMake/CurlTests.c: In function ‘main’:
/home/wtc/realsense_src/build/third-party/libcurl/CMake/CurlTests.c:73:19: warning: initialization discards ‘const’ qualifier from pointer target type [-Wdiscarded-qualifiers]
   73 |   char *address = "example.com";
      |                   ^~~~~~~~~~~~~
Linking C executable cmTC_6d9a4
/usr/bin/cmake -E cmake_link_script CMakeFiles/cmTC_6d9a4.dir/link.txt --verbose=1
/usr/bin/cc    -pedantic -D_DEFAULT_SOURCE   -ffp-contract=off   -mssse3 -pthread  -W -Wall -pedantic -Wbad-function-cast -Wconversion -Winline -Wmissing-declarations -Wmissing-prototypes -Wnested-externs -Wno-long-long -Wno-multichar -Wpointer-arith -Wshadow -Wsign-compare -Wundef -Wunused -Wwrite-strings -Waddress -Wattributes -Wcast-align -Wdeclaration-after-statement -Wdiv-by-zero -Wempty-body -Wendif-labels -Wfloat-equal -Wformat-security -Wignored-qualifiers -Wmissing-field-initializers -Wmissing-noreturn -Wno-format-nonliteral -Wno-system-headers -Wold-style-definition -Wredundant-decls -Wsign-conversion -Wno-error=sign-conversion -Wstrict-prototypes -Wtype-limits -Wunreachable-code -Wunused-parameter -Wvla -Wclobbered -Wmissing-parameter-type -Wold-style-declaration -Wstrict-aliasing=3 -Wtrampolines -Wformat=2 -Warray-bounds=2 -ftree-vrp -Wduplicated-cond -Wnull-dereference -fdelete-null-pointer-checks -Wshift-negative-value -Wshift-overflow=2 -Walloc-zero -Wduplicated-branches -Wformat-overflow=2 -Wformat-truncation=2 -Wimplicit-fallthrough -Wrestrict -Warith-conversion -Wdouble-promotion -Wenum-conversion -Wpragmas -Wunused-const-variable -DHAVE_GETHOSTBYNAME_R_6_REENTRANT  -DHAVE_SYS_WAIT_H -DHAVE_SYS_IOCTL_H -DHAVE_SYS_PARAM_H -DHAVE_SYS_POLL_H -DHAVE_SYS_RESOURCE_H -DHAVE_SYS_SELECT_H -DHAVE_SYS_SOCKET_H -DHAVE_SYS_STAT_H -DHAVE_SYS_TIME_H -DHAVE_SYS_TYPES_H -DHAVE_SYS_UN_H -DHAVE_SYS_XATTR_H -DHAVE_ARPA_INET_H -DHAVE_DIRENT_H -DHAVE_FCNTL_H -DHAVE_IFADDRS_H -DHAVE_LIBGEN_H -DHAVE_LOCALE_H -DHAVE_NET_IF_H -DHAVE_NETDB_H -DHAVE_NETINET_IN_H -DHAVE_NETINET_TCP_H -DHAVE_NETINET_UDP_H -DHAVE_POLL_H -DHAVE_PWD_H -DHAVE_STDATOMIC_H -DHAVE_STDBOOL_H -DHAVE_STRINGS_H -DHAVE_TERMIO_H -DHAVE_TERMIOS_H -DHAVE_UNISTD_H -DHAVE_UTIME_H CMakeFiles/cmTC_6d9a4.dir/CurlTests.c.o -o cmTC_6d9a4 
gmake[4]: 离开目录“/home/wtc/realsense_src/build/libcurl/src/libcurl-build/CMakeFiles/CMakeTmp”
gmake[3]: 离开目录“/home/wtc/realsense_src/build/libcurl/src/libcurl-build/CMakeFiles/CMakeTmp”


Performing Test HAVE_IN_ADDR_T passed with the following output:
Change Dir: /home/wtc/realsense_src/build/libcurl/src/libcurl-build/CMakeFiles/CMakeTmp

Run Build Command(s):/usr/bin/gmake -f Makefile cmTC_a4324/fast && gmake[3]: 进入目录“/home/wtc/realsense_src/build/libcurl/src/libcurl-build/CMakeFiles/CMakeTmp”
/usr/bin/gmake  -f CMakeFiles/cmTC_a4324.dir/build.make CMakeFiles/cmTC_a4324.dir/build
gmake[4]: 进入目录“/home/wtc/realsense_src/build/libcurl/src/libcurl-build/CMakeFiles/CMakeTmp”
Building C object CMakeFiles/cmTC_a4324.dir/CurlTests.c.o
/usr/bin/cc   -pedantic -D_DEFAULT_SOURCE   -ffp-contract=off   -mssse3 -pthread  -W -Wall -pedantic -Wbad-function-cast -Wconversion -Winline -Wmissing-declarations -Wmissing-prototypes -Wnested-externs -Wno-long-long -Wno-multichar -Wpointer-arith -Wshadow -Wsign-compare -Wundef -Wunused -Wwrite-strings -Waddress -Wattributes -Wcast-align -Wdeclaration-after-statement -Wdiv-by-zero -Wempty-body -Wendif-labels -Wfloat-equal -Wformat-security -Wignored-qualifiers -Wmissing-field-initializers -Wmissing-noreturn -Wno-format-nonliteral -Wno-system-headers -Wold-style-definition -Wredundant-decls -Wsign-conversion -Wno-error=sign-conversion -Wstrict-prototypes -Wtype-limits -Wunreachable-code -Wunused-parameter -Wvla -Wclobbered -Wmissing-parameter-type -Wold-style-declaration -Wstrict-aliasing=3 -Wtrampolines -Wformat=2 -Warray-bounds=2 -ftree-vrp -Wduplicated-cond -Wnull-dereference -fdelete-null-pointer-checks -Wshift-negative-value -Wshift-overflow=2 -Walloc-zero -Wduplicated-branches -Wformat-overflow=2 -Wformat-truncation=2 -Wimplicit-fallthrough -Wrestrict -Warith-conversion -Wdouble-promotion -Wenum-conversion -Wpragmas -Wunused-const-variable -DHAVE_IN_ADDR_T  -DHAVE_SYS_WAIT_H -DHAVE_SYS_IOCTL_H -DHAVE_SYS_PARAM_H -DHAVE_SYS_POLL_H -DHAVE_SYS_RESOURCE_H -DHAVE_SYS_SELECT_H -DHAVE_SYS_SOCKET_H -DHAVE_SYS_STAT_H -DHAVE_SYS_TIME_H -DHAVE_SYS_TYPES_H -DHAVE_SYS_UN_H -DHAVE_SYS_XATTR_H -DHAVE_ARPA_INET_H -DHAVE_DIRENT_H -DHAVE_FCNTL_H -DHAVE_IFADDRS_H -DHAVE_LIBGEN_H -DHAVE_LOCALE_H -DHAVE_NET_IF_H -DHAVE_NETDB_H -DHAVE_NETINET_IN_H -DHAVE_NETINET_TCP_H -DHAVE_NETINET_UDP_H -DHAVE_POLL_H -DHAVE_PWD_H -DHAVE_STDATOMIC_H -DHAVE_STDBOOL_H -DHAVE_STRINGS_H -DHAVE_TERMIO_H -DHAVE_TERMIOS_H -DHAVE_UNISTD_H -DHAVE_UTIME_H -o CMakeFiles/cmTC_a4324.dir/CurlTests.c.o -c /home/wtc/realsense_src/build/third-party/libcurl/CMake/CurlTests.c
Linking C executable cmTC_a4324
/usr/bin/cmake -E cmake_link_script CMakeFiles/cmTC_a4324.dir/link.txt --verbose=1
/usr/bin/cc    -pedantic -D_DEFAULT_SOURCE   -ffp-contract=off   -mssse3 -pthread  -W -Wall -pedantic -Wbad-function-cast -Wconversion -Winline -Wmissing-declarations -Wmissing-prototypes -Wnested-externs -Wno-long-long -Wno-multichar -Wpointer-arith -Wshadow -Wsign-compare -Wundef -Wunused -Wwrite-strings -Waddress -Wattributes -Wcast-align -Wdeclaration-after-statement -Wdiv-by-zero -Wempty-body -Wendif-labels -Wfloat-equal -Wformat-security -Wignored-qualifiers -Wmissing-field-initializers -Wmissing-noreturn -Wno-format-nonliteral -Wno-system-headers -Wold-style-definition -Wredundant-decls -Wsign-conversion -Wno-error=sign-conversion -Wstrict-prototypes -Wtype-limits -Wunreachable-code -Wunused-parameter -Wvla -Wclobbered -Wmissing-parameter-type -Wold-style-declaration -Wstrict-aliasing=3 -Wtrampolines -Wformat=2 -Warray-bounds=2 -ftree-vrp -Wduplicated-cond -Wnull-dereference -fdelete-null-pointer-checks -Wshift-negative-value -Wshift-overflow=2 -Walloc-zero -Wduplicated-branches -Wformat-overflow=2 -Wformat-truncation=2 -Wimplicit-fallthrough -Wrestrict -Warith-conversion -Wdouble-promotion -Wenum-conversion -Wpragmas -Wunused-const-variable -DHAVE_IN_ADDR_T  -DHAVE_SYS_WAIT_H -DHAVE_SYS_IOCTL_H -DHAVE_SYS_PARAM_H -DHAVE_SYS_POLL_H -DHAVE_SYS_RESOURCE_H -DHAVE_SYS_SELECT_H -DHAVE_SYS_SOCKET_H -DHAVE_SYS_STAT_H -DHAVE_SYS_TIME_H -DHAVE_SYS_TYPES_H -DHAVE_SYS_UN_H -DHAVE_SYS_XATTR_H -DHAVE_ARPA_INET_H -DHAVE_DIRENT_H -DHAVE_FCNTL_H -DHAVE_IFADDRS_H -DHAVE_LIBGEN_H -DHAVE_LOCALE_H -DHAVE_NET_IF_H -DHAVE_NETDB_H -DHAVE_NETINET_IN_H -DHAVE_NETINET_TCP_H -DHAVE_NETINET_UDP_H -DHAVE_POLL_H -DHAVE_PWD_H -DHAVE_STDATOMIC_H -DHAVE_STDBOOL_H -DHAVE_STRINGS_H -DHAVE_TERMIO_H -DHAVE_TERMIOS_H -DHAVE_UNISTD_H -DHAVE_UTIME_H CMakeFiles/cmTC_a4324.dir/CurlTests.c.o -o cmTC_a4324 
gmake[4]: 离开目录“/home/wtc/realsense_src/build/libcurl/src/libcurl-build/CMakeFiles/CMakeTmp”
gmake[3]: 离开目录“/home/wtc/realsense_src/build/libcurl/src/libcurl-build/CMakeFiles/CMakeTmp”


Performing Test HAVE_BOOL_T passed with the following output:
Change Dir: /home/wtc/realsense_src/build/libcurl/src/libcurl-build/CMakeFiles/CMakeTmp

Run Build Command(s):/usr/bin/gmake -f Makefile cmTC_2e5f5/fast && gmake[3]: 进入目录“/home/wtc/realsense_src/build/libcurl/src/libcurl-build/CMakeFiles/CMakeTmp”
/usr/bin/gmake  -f CMakeFiles/cmTC_2e5f5.dir/build.make CMakeFiles/cmTC_2e5f5.dir/build
gmake[4]: 进入目录“/home/wtc/realsense_src/build/libcurl/src/libcurl-build/CMakeFiles/CMakeTmp”
Building C object CMakeFiles/cmTC_2e5f5.dir/CurlTests.c.o
/usr/bin/cc   -pedantic -D_DEFAULT_SOURCE   -ffp-contract=off   -mssse3 -pthread  -W -Wall -pedantic -Wbad-function-cast -Wconversion -Winline -Wmissing-declarations -Wmissing-prototypes -Wnested-externs -Wno-long-long -Wno-multichar -Wpointer-arith -Wshadow -Wsign-compare -Wundef -Wunused -Wwrite-strings -Waddress -Wattributes -Wcast-align -Wdeclaration-after-statement -Wdiv-by-zero -Wempty-body -Wendif-labels -Wfloat-equal -Wformat-security -Wignored-qualifiers -Wmissing-field-initializers -Wmissing-noreturn -Wno-format-nonliteral -Wno-system-headers -Wold-style-definition -Wredundant-decls -Wsign-conversion -Wno-error=sign-conversion -Wstrict-prototypes -Wtype-limits -Wunreachable-code -Wunused-parameter -Wvla -Wclobbered -Wmissing-parameter-type -Wold-style-declaration -Wstrict-aliasing=3 -Wtrampolines -Wformat=2 -Warray-bounds=2 -ftree-vrp -Wduplicated-cond -Wnull-dereference -fdelete-null-pointer-checks -Wshift-negative-value -Wshift-overflow=2 -Walloc-zero -Wduplicated-branches -Wformat-overflow=2 -Wformat-truncation=2 -Wimplicit-fallthrough -Wrestrict -Warith-conversion -Wdouble-promotion -Wenum-conversion -Wpragmas -Wunused-const-variable -DHAVE_BOOL_T  -DHAVE_SYS_WAIT_H -DHAVE_SYS_IOCTL_H -DHAVE_SYS_PARAM_H -DHAVE_SYS_POLL_H -DHAVE_SYS_RESOURCE_H -DHAVE_SYS_SELECT_H -DHAVE_SYS_SOCKET_H -DHAVE_SYS_STAT_H -DHAVE_SYS_TIME_H -DHAVE_SYS_TYPES_H -DHAVE_SYS_UN_H -DHAVE_SYS_XATTR_H -DHAVE_ARPA_INET_H -DHAVE_DIRENT_H -DHAVE_FCNTL_H -DHAVE_IFADDRS_H -DHAVE_LIBGEN_H -DHAVE_LOCALE_H -DHAVE_NET_IF_H -DHAVE_NETDB_H -DHAVE_NETINET_IN_H -DHAVE_NETINET_TCP_H -DHAVE_NETINET_UDP_H -DHAVE_POLL_H -DHAVE_PWD_H -DHAVE_STDATOMIC_H -DHAVE_STDBOOL_H -DHAVE_STRINGS_H -DHAVE_TERMIO_H -DHAVE_TERMIOS_H -DHAVE_UNISTD_H -DHAVE_UTIME_H -o CMakeFiles/cmTC_2e5f5.dir/CurlTests.c.o -c /home/wtc/realsense_src/build/third-party/libcurl/CMake/CurlTests.c
Linking C executable cmTC_2e5f5
/usr/bin/cmake -E cmake_link_script CMakeFiles/cmTC_2e5f5.dir/link.txt --verbose=1
/usr/bin/cc    -pedantic -D_DEFAULT_SOURCE   -ffp-contract=off   -mssse3 -pthread  -W -Wall -pedantic -Wbad-function-cast -Wconversion -Winline -Wmissing-declarations -Wmissing-prototypes -Wnested-externs -Wno-long-long -Wno-multichar -Wpointer-arith -Wshadow -Wsign-compare -Wundef -Wunused -Wwrite-strings -Waddress -Wattributes -Wcast-align -Wdeclaration-after-statement -Wdiv-by-zero -Wempty-body -Wendif-labels -Wfloat-equal -Wformat-security -Wignored-qualifiers -Wmissing-field-initializers -Wmissing-noreturn -Wno-format-nonliteral -Wno-system-headers -Wold-style-definition -Wredundant-decls -Wsign-conversion -Wno-error=sign-conversion -Wstrict-prototypes -Wtype-limits -Wunreachable-code -Wunused-parameter -Wvla -Wclobbered -Wmissing-parameter-type -Wold-style-declaration -Wstrict-aliasing=3 -Wtrampolines -Wformat=2 -Warray-bounds=2 -ftree-vrp -Wduplicated-cond -Wnull-dereference -fdelete-null-pointer-checks -Wshift-negative-value -Wshift-overflow=2 -Walloc-zero -Wduplicated-branches -Wformat-overflow=2 -Wformat-truncation=2 -Wimplicit-fallthrough -Wrestrict -Warith-conversion -Wdouble-promotion -Wenum-conversion -Wpragmas -Wunused-const-variable -DHAVE_BOOL_T  -DHAVE_SYS_WAIT_H -DHAVE_SYS_IOCTL_H -DHAVE_SYS_PARAM_H -DHAVE_SYS_POLL_H -DHAVE_SYS_RESOURCE_H -DHAVE_SYS_SELECT_H -DHAVE_SYS_SOCKET_H -DHAVE_SYS_STAT_H -DHAVE_SYS_TIME_H -DHAVE_SYS_TYPES_H -DHAVE_SYS_UN_H -DHAVE_SYS_XATTR_H -DHAVE_ARPA_INET_H -DHAVE_DIRENT_H -DHAVE_FCNTL_H -DHAVE_IFADDRS_H -DHAVE_LIBGEN_H -DHAVE_LOCALE_H -DHAVE_NET_IF_H -DHAVE_NETDB_H -DHAVE_NETINET_IN_H -DHAVE_NETINET_TCP_H -DHAVE_NETINET_UDP_H -DHAVE_POLL_H -DHAVE_PWD_H -DHAVE_STDATOMIC_H -DHAVE_STDBOOL_H -DHAVE_STRINGS_H -DHAVE_TERMIO_H -DHAVE_TERMIOS_H -DHAVE_UNISTD_H -DHAVE_UTIME_H CMakeFiles/cmTC_2e5f5.dir/CurlTests.c.o -o cmTC_2e5f5 
gmake[4]: 离开目录“/home/wtc/realsense_src/build/libcurl/src/libcurl-build/CMakeFiles/CMakeTmp”
gmake[3]: 离开目录“/home/wtc/realsense_src/build/libcurl/src/libcurl-build/CMakeFiles/CMakeTmp”


Performing Test STDC_HEADERS passed with the following output:
Change Dir: /home/wtc/realsense_src/build/libcurl/src/libcurl-build/CMakeFiles/CMakeTmp

Run Build Command(s):/usr/bin/gmake -f Makefile cmTC_b40ba/fast && gmake[3]: 进入目录“/home/wtc/realsense_src/build/libcurl/src/libcurl-build/CMakeFiles/CMakeTmp”
/usr/bin/gmake  -f CMakeFiles/cmTC_b40ba.dir/build.make CMakeFiles/cmTC_b40ba.dir/build
gmake[4]: 进入目录“/home/wtc/realsense_src/build/libcurl/src/libcurl-build/CMakeFiles/CMakeTmp”
Building C object CMakeFiles/cmTC_b40ba.dir/CurlTests.c.o
/usr/bin/cc   -pedantic -D_DEFAULT_SOURCE   -ffp-contract=off   -mssse3 -pthread  -W -Wall -pedantic -Wbad-function-cast -Wconversion -Winline -Wmissing-declarations -Wmissing-prototypes -Wnested-externs -Wno-long-long -Wno-multichar -Wpointer-arith -Wshadow -Wsign-compare -Wundef -Wunused -Wwrite-strings -Waddress -Wattributes -Wcast-align -Wdeclaration-after-statement -Wdiv-by-zero -Wempty-body -Wendif-labels -Wfloat-equal -Wformat-security -Wignored-qualifiers -Wmissing-field-initializers -Wmissing-noreturn -Wno-format-nonliteral -Wno-system-headers -Wold-style-definition -Wredundant-decls -Wsign-conversion -Wno-error=sign-conversion -Wstrict-prototypes -Wtype-limits -Wunreachable-code -Wunused-parameter -Wvla -Wclobbered -Wmissing-parameter-type -Wold-style-declaration -Wstrict-aliasing=3 -Wtrampolines -Wformat=2 -Warray-bounds=2 -ftree-vrp -Wduplicated-cond -Wnull-dereference -fdelete-null-pointer-checks -Wshift-negative-value -Wshift-overflow=2 -Walloc-zero -Wduplicated-branches -Wformat-overflow=2 -Wformat-truncation=2 -Wimplicit-fallthrough -Wrestrict -Warith-conversion -Wdouble-promotion -Wenum-conversion -Wpragmas -Wunused-const-variable -DSTDC_HEADERS  -DHAVE_SYS_WAIT_H -DHAVE_SYS_IOCTL_H -DHAVE_SYS_PARAM_H -DHAVE_SYS_POLL_H -DHAVE_SYS_RESOURCE_H -DHAVE_SYS_SELECT_H -DHAVE_SYS_SOCKET_H -DHAVE_SYS_STAT_H -DHAVE_SYS_TIME_H -DHAVE_SYS_TYPES_H -DHAVE_SYS_UN_H -DHAVE_SYS_XATTR_H -DHAVE_ARPA_INET_H -DHAVE_DIRENT_H -DHAVE_FCNTL_H -DHAVE_IFADDRS_H -DHAVE_LIBGEN_H -DHAVE_LOCALE_H -DHAVE_NET_IF_H -DHAVE_NETDB_H -DHAVE_NETINET_IN_H -DHAVE_NETINET_TCP_H -DHAVE_NETINET_UDP_H -DHAVE_POLL_H -DHAVE_PWD_H -DHAVE_STDATOMIC_H -DHAVE_STDBOOL_H -DHAVE_STRINGS_H -DHAVE_TERMIO_H -DHAVE_TERMIOS_H -DHAVE_UNISTD_H -DHAVE_UTIME_H -o CMakeFiles/cmTC_b40ba.dir/CurlTests.c.o -c /home/wtc/realsense_src/build/third-party/libcurl/CMake/CurlTests.c
Linking C executable cmTC_b40ba
/usr/bin/cmake -E cmake_link_script CMakeFiles/cmTC_b40ba.dir/link.txt --verbose=1
/usr/bin/cc    -pedantic -D_DEFAULT_SOURCE   -ffp-contract=off   -mssse3 -pthread  -W -Wall -pedantic -Wbad-function-cast -Wconversion -Winline -Wmissing-declarations -Wmissing-prototypes -Wnested-externs -Wno-long-long -Wno-multichar -Wpointer-arith -Wshadow -Wsign-compare -Wundef -Wunused -Wwrite-strings -Waddress -Wattributes -Wcast-align -Wdeclaration-after-statement -Wdiv-by-zero -Wempty-body -Wendif-labels -Wfloat-equal -Wformat-security -Wignored-qualifiers -Wmissing-field-initializers -Wmissing-noreturn -Wno-format-nonliteral -Wno-system-headers -Wold-style-definition -Wredundant-decls -Wsign-conversion -Wno-error=sign-conversion -Wstrict-prototypes -Wtype-limits -Wunreachable-code -Wunused-parameter -Wvla -Wclobbered -Wmissing-parameter-type -Wold-style-declaration -Wstrict-aliasing=3 -Wtrampolines -Wformat=2 -Warray-bounds=2 -ftree-vrp -Wduplicated-cond -Wnull-dereference -fdelete-null-pointer-checks -Wshift-negative-value -Wshift-overflow=2 -Walloc-zero -Wduplicated-branches -Wformat-overflow=2 -Wformat-truncation=2 -Wimplicit-fallthrough -Wrestrict -Warith-conversion -Wdouble-promotion -Wenum-conversion -Wpragmas -Wunused-const-variable -DSTDC_HEADERS  -DHAVE_SYS_WAIT_H -DHAVE_SYS_IOCTL_H -DHAVE_SYS_PARAM_H -DHAVE_SYS_POLL_H -DHAVE_SYS_RESOURCE_H -DHAVE_SYS_SELECT_H -DHAVE_SYS_SOCKET_H -DHAVE_SYS_STAT_H -DHAVE_SYS_TIME_H -DHAVE_SYS_TYPES_H -DHAVE_SYS_UN_H -DHAVE_SYS_XATTR_H -DHAVE_ARPA_INET_H -DHAVE_DIRENT_H -DHAVE_FCNTL_H -DHAVE_IFADDRS_H -DHAVE_LIBGEN_H -DHAVE_LOCALE_H -DHAVE_NET_IF_H -DHAVE_NETDB_H -DHAVE_NETINET_IN_H -DHAVE_NETINET_TCP_H -DHAVE_NETINET_UDP_H -DHAVE_POLL_H -DHAVE_PWD_H -DHAVE_STDATOMIC_H -DHAVE_STDBOOL_H -DHAVE_STRINGS_H -DHAVE_TERMIO_H -DHAVE_TERMIOS_H -DHAVE_UNISTD_H -DHAVE_UTIME_H CMakeFiles/cmTC_b40ba.dir/CurlTests.c.o -o cmTC_b40ba 
gmake[4]: 离开目录“/home/wtc/realsense_src/build/libcurl/src/libcurl-build/CMakeFiles/CMakeTmp”
gmake[3]: 离开目录“/home/wtc/realsense_src/build/libcurl/src/libcurl-build/CMakeFiles/CMakeTmp”


Performing Test HAVE_FILE_OFFSET_BITS passed with the following output:
Change Dir: /home/wtc/realsense_src/build/libcurl/src/libcurl-build/CMakeFiles/CMakeTmp

Run Build Command(s):/usr/bin/gmake -f Makefile cmTC_cd396/fast && gmake[3]: 进入目录“/home/wtc/realsense_src/build/libcurl/src/libcurl-build/CMakeFiles/CMakeTmp”
/usr/bin/gmake  -f CMakeFiles/cmTC_cd396.dir/build.make CMakeFiles/cmTC_cd396.dir/build
gmake[4]: 进入目录“/home/wtc/realsense_src/build/libcurl/src/libcurl-build/CMakeFiles/CMakeTmp”
Building C object CMakeFiles/cmTC_cd396.dir/CurlTests.c.o
/usr/bin/cc   -pedantic -D_DEFAULT_SOURCE   -ffp-contract=off   -mssse3 -pthread  -W -Wall -pedantic -Wbad-function-cast -Wconversion -Winline -Wmissing-declarations -Wmissing-prototypes -Wnested-externs -Wno-long-long -Wno-multichar -Wpointer-arith -Wshadow -Wsign-compare -Wundef -Wunused -Wwrite-strings -Waddress -Wattributes -Wcast-align -Wdeclaration-after-statement -Wdiv-by-zero -Wempty-body -Wendif-labels -Wfloat-equal -Wformat-security -Wignored-qualifiers -Wmissing-field-initializers -Wmissing-noreturn -Wno-format-nonliteral -Wno-system-headers -Wold-style-definition -Wredundant-decls -Wsign-conversion -Wno-error=sign-conversion -Wstrict-prototypes -Wtype-limits -Wunreachable-code -Wunused-parameter -Wvla -Wclobbered -Wmissing-parameter-type -Wold-style-declaration -Wstrict-aliasing=3 -Wtrampolines -Wformat=2 -Warray-bounds=2 -ftree-vrp -Wduplicated-cond -Wnull-dereference -fdelete-null-pointer-checks -Wshift-negative-value -Wshift-overflow=2 -Walloc-zero -Wduplicated-branches -Wformat-overflow=2 -Wformat-truncation=2 -Wimplicit-fallthrough -Wrestrict -Warith-conversion -Wdouble-promotion -Wenum-conversion -Wpragmas -Wunused-const-variable -DHAVE_FILE_OFFSET_BITS  -DHAVE_SYS_WAIT_H -DHAVE_SYS_IOCTL_H -DHAVE_SYS_PARAM_H -DHAVE_SYS_POLL_H -DHAVE_SYS_RESOURCE_H -DHAVE_SYS_SELECT_H -DHAVE_SYS_SOCKET_H -DHAVE_SYS_STAT_H -DHAVE_SYS_TIME_H -DHAVE_SYS_TYPES_H -DHAVE_SYS_UN_H -DHAVE_SYS_XATTR_H -DHAVE_ARPA_INET_H -DHAVE_DIRENT_H -DHAVE_FCNTL_H -DHAVE_IFADDRS_H -DHAVE_LIBGEN_H -DHAVE_LOCALE_H -DHAVE_NET_IF_H -DHAVE_NETDB_H -DHAVE_NETINET_IN_H -DHAVE_NETINET_TCP_H -DHAVE_NETINET_UDP_H -DHAVE_POLL_H -DHAVE_PWD_H -DHAVE_STDATOMIC_H -DHAVE_STDBOOL_H -DHAVE_STRINGS_H -DHAVE_TERMIO_H -DHAVE_TERMIOS_H -DHAVE_UNISTD_H -DHAVE_UTIME_H -o CMakeFiles/cmTC_cd396.dir/CurlTests.c.o -c /home/wtc/realsense_src/build/third-party/libcurl/CMake/CurlTests.c
Linking C executable cmTC_cd396
/usr/bin/cmake -E cmake_link_script CMakeFiles/cmTC_cd396.dir/link.txt --verbose=1
/usr/bin/cc    -pedantic -D_DEFAULT_SOURCE   -ffp-contract=off   -mssse3 -pthread  -W -Wall -pedantic -Wbad-function-cast -Wconversion -Winline -Wmissing-declarations -Wmissing-prototypes -Wnested-externs -Wno-long-long -Wno-multichar -Wpointer-arith -Wshadow -Wsign-compare -Wundef -Wunused -Wwrite-strings -Waddress -Wattributes -Wcast-align -Wdeclaration-after-statement -Wdiv-by-zero -Wempty-body -Wendif-labels -Wfloat-equal -Wformat-security -Wignored-qualifiers -Wmissing-field-initializers -Wmissing-noreturn -Wno-format-nonliteral -Wno-system-headers -Wold-style-definition -Wredundant-decls -Wsign-conversion -Wno-error=sign-conversion -Wstrict-prototypes -Wtype-limits -Wunreachable-code -Wunused-parameter -Wvla -Wclobbered -Wmissing-parameter-type -Wold-style-declaration -Wstrict-aliasing=3 -Wtrampolines -Wformat=2 -Warray-bounds=2 -ftree-vrp -Wduplicated-cond -Wnull-dereference -fdelete-null-pointer-checks -Wshift-negative-value -Wshift-overflow=2 -Walloc-zero -Wduplicated-branches -Wformat-overflow=2 -Wformat-truncation=2 -Wimplicit-fallthrough -Wrestrict -Warith-conversion -Wdouble-promotion -Wenum-conversion -Wpragmas -Wunused-const-variable -DHAVE_FILE_OFFSET_BITS  -DHAVE_SYS_WAIT_H -DHAVE_SYS_IOCTL_H -DHAVE_SYS_PARAM_H -DHAVE_SYS_POLL_H -DHAVE_SYS_RESOURCE_H -DHAVE_SYS_SELECT_H -DHAVE_SYS_SOCKET_H -DHAVE_SYS_STAT_H -DHAVE_SYS_TIME_H -DHAVE_SYS_TYPES_H -DHAVE_SYS_UN_H -DHAVE_SYS_XATTR_H -DHAVE_ARPA_INET_H -DHAVE_DIRENT_H -DHAVE_FCNTL_H -DHAVE_IFADDRS_H -DHAVE_LIBGEN_H -DHAVE_LOCALE_H -DHAVE_NET_IF_H -DHAVE_NETDB_H -DHAVE_NETINET_IN_H -DHAVE_NETINET_TCP_H -DHAVE_NETINET_UDP_H -DHAVE_POLL_H -DHAVE_PWD_H -DHAVE_STDATOMIC_H -DHAVE_STDBOOL_H -DHAVE_STRINGS_H -DHAVE_TERMIO_H -DHAVE_TERMIOS_H -DHAVE_UNISTD_H -DHAVE_UTIME_H CMakeFiles/cmTC_cd396.dir/CurlTests.c.o -o cmTC_cd396 
gmake[4]: 离开目录“/home/wtc/realsense_src/build/libcurl/src/libcurl-build/CMakeFiles/CMakeTmp”
gmake[3]: 离开目录“/home/wtc/realsense_src/build/libcurl/src/libcurl-build/CMakeFiles/CMakeTmp”


Performing Test HAVE_ATOMIC passed with the following output:
Change Dir: /home/wtc/realsense_src/build/libcurl/src/libcurl-build/CMakeFiles/CMakeTmp

Run Build Command(s):/usr/bin/gmake -f Makefile cmTC_6fd7c/fast && gmake[3]: 进入目录“/home/wtc/realsense_src/build/libcurl/src/libcurl-build/CMakeFiles/CMakeTmp”
/usr/bin/gmake  -f CMakeFiles/cmTC_6fd7c.dir/build.make CMakeFiles/cmTC_6fd7c.dir/build
gmake[4]: 进入目录“/home/wtc/realsense_src/build/libcurl/src/libcurl-build/CMakeFiles/CMakeTmp”
Building C object CMakeFiles/cmTC_6fd7c.dir/CurlTests.c.o
/usr/bin/cc   -pedantic -D_DEFAULT_SOURCE   -ffp-contract=off   -mssse3 -pthread  -W -Wall -pedantic -Wbad-function-cast -Wconversion -Winline -Wmissing-declarations -Wmissing-prototypes -Wnested-externs -Wno-long-long -Wno-multichar -Wpointer-arith -Wshadow -Wsign-compare -Wundef -Wunused -Wwrite-strings -Waddress -Wattributes -Wcast-align -Wdeclaration-after-statement -Wdiv-by-zero -Wempty-body -Wendif-labels -Wfloat-equal -Wformat-security -Wignored-qualifiers -Wmissing-field-initializers -Wmissing-noreturn -Wno-format-nonliteral -Wno-system-headers -Wold-style-definition -Wredundant-decls -Wsign-conversion -Wno-error=sign-conversion -Wstrict-prototypes -Wtype-limits -Wunreachable-code -Wunused-parameter -Wvla -Wclobbered -Wmissing-parameter-type -Wold-style-declaration -Wstrict-aliasing=3 -Wtrampolines -Wformat=2 -Warray-bounds=2 -ftree-vrp -Wduplicated-cond -Wnull-dereference -fdelete-null-pointer-checks -Wshift-negative-value -Wshift-overflow=2 -Walloc-zero -Wduplicated-branches -Wformat-overflow=2 -Wformat-truncation=2 -Wimplicit-fallthrough -Wrestrict -Warith-conversion -Wdouble-promotion -Wenum-conversion -Wpragmas -Wunused-const-variable -DHAVE_ATOMIC  -DHAVE_SYS_WAIT_H -DHAVE_SYS_IOCTL_H -DHAVE_SYS_PARAM_H -DHAVE_SYS_POLL_H -DHAVE_SYS_RESOURCE_H -DHAVE_SYS_SELECT_H -DHAVE_SYS_SOCKET_H -DHAVE_SYS_STAT_H -DHAVE_SYS_TIME_H -DHAVE_SYS_TYPES_H -DHAVE_SYS_UN_H -DHAVE_SYS_XATTR_H -DHAVE_ARPA_INET_H -DHAVE_DIRENT_H -DHAVE_FCNTL_H -DHAVE_IFADDRS_H -DHAVE_LIBGEN_H -DHAVE_LOCALE_H -DHAVE_NET_IF_H -DHAVE_NETDB_H -DHAVE_NETINET_IN_H -DHAVE_NETINET_TCP_H -DHAVE_NETINET_UDP_H -DHAVE_POLL_H -DHAVE_PWD_H -DHAVE_STDATOMIC_H -DHAVE_STDBOOL_H -DHAVE_STRINGS_H -DHAVE_TERMIO_H -DHAVE_TERMIOS_H -DHAVE_UNISTD_H -DHAVE_UTIME_H -o CMakeFiles/cmTC_6fd7c.dir/CurlTests.c.o -c /home/wtc/realsense_src/build/third-party/libcurl/CMake/CurlTests.c
Linking C executable cmTC_6fd7c
/usr/bin/cmake -E cmake_link_script CMakeFiles/cmTC_6fd7c.dir/link.txt --verbose=1
/usr/bin/cc    -pedantic -D_DEFAULT_SOURCE   -ffp-contract=off   -mssse3 -pthread  -W -Wall -pedantic -Wbad-function-cast -Wconversion -Winline -Wmissing-declarations -Wmissing-prototypes -Wnested-externs -Wno-long-long -Wno-multichar -Wpointer-arith -Wshadow -Wsign-compare -Wundef -Wunused -Wwrite-strings -Waddress -Wattributes -Wcast-align -Wdeclaration-after-statement -Wdiv-by-zero -Wempty-body -Wendif-labels -Wfloat-equal -Wformat-security -Wignored-qualifiers -Wmissing-field-initializers -Wmissing-noreturn -Wno-format-nonliteral -Wno-system-headers -Wold-style-definition -Wredundant-decls -Wsign-conversion -Wno-error=sign-conversion -Wstrict-prototypes -Wtype-limits -Wunreachable-code -Wunused-parameter -Wvla -Wclobbered -Wmissing-parameter-type -Wold-style-declaration -Wstrict-aliasing=3 -Wtrampolines -Wformat=2 -Warray-bounds=2 -ftree-vrp -Wduplicated-cond -Wnull-dereference -fdelete-null-pointer-checks -Wshift-negative-value -Wshift-overflow=2 -Walloc-zero -Wduplicated-branches -Wformat-overflow=2 -Wformat-truncation=2 -Wimplicit-fallthrough -Wrestrict -Warith-conversion -Wdouble-promotion -Wenum-conversion -Wpragmas -Wunused-const-variable -DHAVE_ATOMIC  -DHAVE_SYS_WAIT_H -DHAVE_SYS_IOCTL_H -DHAVE_SYS_PARAM_H -DHAVE_SYS_POLL_H -DHAVE_SYS_RESOURCE_H -DHAVE_SYS_SELECT_H -DHAVE_SYS_SOCKET_H -DHAVE_SYS_STAT_H -DHAVE_SYS_TIME_H -DHAVE_SYS_TYPES_H -DHAVE_SYS_UN_H -DHAVE_SYS_XATTR_H -DHAVE_ARPA_INET_H -DHAVE_DIRENT_H -DHAVE_FCNTL_H -DHAVE_IFADDRS_H -DHAVE_LIBGEN_H -DHAVE_LOCALE_H -DHAVE_NET_IF_H -DHAVE_NETDB_H -DHAVE_NETINET_IN_H -DHAVE_NETINET_TCP_H -DHAVE_NETINET_UDP_H -DHAVE_POLL_H -DHAVE_PWD_H -DHAVE_STDATOMIC_H -DHAVE_STDBOOL_H -DHAVE_STRINGS_H -DHAVE_TERMIO_H -DHAVE_TERMIOS_H -DHAVE_UNISTD_H -DHAVE_UTIME_H CMakeFiles/cmTC_6fd7c.dir/CurlTests.c.o -o cmTC_6fd7c 
gmake[4]: 离开目录“/home/wtc/realsense_src/build/libcurl/src/libcurl-build/CMakeFiles/CMakeTmp”
gmake[3]: 离开目录“/home/wtc/realsense_src/build/libcurl/src/libcurl-build/CMakeFiles/CMakeTmp”


Determining size of off_t passed with the following output:
Change Dir: /home/wtc/realsense_src/build/libcurl/src/libcurl-build/CMakeFiles/CMakeTmp

Run Build Command(s):/usr/bin/gmake -f Makefile cmTC_bb62a/fast && gmake[3]: 进入目录“/home/wtc/realsense_src/build/libcurl/src/libcurl-build/CMakeFiles/CMakeTmp”
/usr/bin/gmake  -f CMakeFiles/cmTC_bb62a.dir/build.make CMakeFiles/cmTC_bb62a.dir/build
gmake[4]: 进入目录“/home/wtc/realsense_src/build/libcurl/src/libcurl-build/CMakeFiles/CMakeTmp”
Building C object CMakeFiles/cmTC_bb62a.dir/SIZEOF_OFF_T.c.o
/usr/bin/cc   -pedantic -D_DEFAULT_SOURCE   -ffp-contract=off   -mssse3 -pthread  -W -Wall -pedantic -Wbad-function-cast -Wconversion -Winline -Wmissing-declarations -Wmissing-prototypes -Wnested-externs -Wno-long-long -Wno-multichar -Wpointer-arith -Wshadow -Wsign-compare -Wundef -Wunused -Wwrite-strings -Waddress -Wattributes -Wcast-align -Wdeclaration-after-statement -Wdiv-by-zero -Wempty-body -Wendif-labels -Wfloat-equal -Wformat-security -Wignored-qualifiers -Wmissing-field-initializers -Wmissing-noreturn -Wno-format-nonliteral -Wno-system-headers -Wold-style-definition -Wredundant-decls -Wsign-conversion -Wno-error=sign-conversion -Wstrict-prototypes -Wtype-limits -Wunreachable-code -Wunused-parameter -Wvla -Wclobbered -Wmissing-parameter-type -Wold-style-declaration -Wstrict-aliasing=3 -Wtrampolines -Wformat=2 -Warray-bounds=2 -ftree-vrp -Wduplicated-cond -Wnull-dereference -fdelete-null-pointer-checks -Wshift-negative-value -Wshift-overflow=2 -Walloc-zero -Wduplicated-branches -Wformat-overflow=2 -Wformat-truncation=2 -Wimplicit-fallthrough -Wrestrict -Warith-conversion -Wdouble-promotion -Wenum-conversion -Wpragmas -Wunused-const-variable -D_FILE_OFFSET_BITS=64 -o CMakeFiles/cmTC_bb62a.dir/SIZEOF_OFF_T.c.o -c /home/wtc/realsense_src/build/libcurl/src/libcurl-build/CMakeFiles/CheckTypeSize/SIZEOF_OFF_T.c
Linking C executable cmTC_bb62a
/usr/bin/cmake -E cmake_link_script CMakeFiles/cmTC_bb62a.dir/link.txt --verbose=1
/usr/bin/cc    -pedantic -D_DEFAULT_SOURCE   -ffp-contract=off   -mssse3 -pthread  -W -Wall -pedantic -Wbad-function-cast -Wconversion -Winline -Wmissing-declarations -Wmissing-prototypes -Wnested-externs -Wno-long-long -Wno-multichar -Wpointer-arith -Wshadow -Wsign-compare -Wundef -Wunused -Wwrite-strings -Waddress -Wattributes -Wcast-align -Wdeclaration-after-statement -Wdiv-by-zero -Wempty-body -Wendif-labels -Wfloat-equal -Wformat-security -Wignored-qualifiers -Wmissing-field-initializers -Wmissing-noreturn -Wno-format-nonliteral -Wno-system-headers -Wold-style-definition -Wredundant-decls -Wsign-conversion -Wno-error=sign-conversion -Wstrict-prototypes -Wtype-limits -Wunreachable-code -Wunused-parameter -Wvla -Wclobbered -Wmissing-parameter-type -Wold-style-declaration -Wstrict-aliasing=3 -Wtrampolines -Wformat=2 -Warray-bounds=2 -ftree-vrp -Wduplicated-cond -Wnull-dereference -fdelete-null-pointer-checks -Wshift-negative-value -Wshift-overflow=2 -Walloc-zero -Wduplicated-branches -Wformat-overflow=2 -Wformat-truncation=2 -Wimplicit-fallthrough -Wrestrict -Warith-conversion -Wdouble-promotion -Wenum-conversion -Wpragmas -Wunused-const-variable -D_FILE_OFFSET_BITS=64 CMakeFiles/cmTC_bb62a.dir/SIZEOF_OFF_T.c.o -o cmTC_bb62a 
gmake[4]: 离开目录“/home/wtc/realsense_src/build/libcurl/src/libcurl-build/CMakeFiles/CMakeTmp”
gmake[3]: 离开目录“/home/wtc/realsense_src/build/libcurl/src/libcurl-build/CMakeFiles/CMakeTmp”



Determining if the fseeko exist passed with the following output:
Change Dir: /home/wtc/realsense_src/build/libcurl/src/libcurl-build/CMakeFiles/CMakeTmp

Run Build Command(s):/usr/bin/gmake -f Makefile cmTC_58a09/fast && gmake[3]: 进入目录“/home/wtc/realsense_src/build/libcurl/src/libcurl-build/CMakeFiles/CMakeTmp”
/usr/bin/gmake  -f CMakeFiles/cmTC_58a09.dir/build.make CMakeFiles/cmTC_58a09.dir/build
gmake[4]: 进入目录“/home/wtc/realsense_src/build/libcurl/src/libcurl-build/CMakeFiles/CMakeTmp”
Building C object CMakeFiles/cmTC_58a09.dir/CheckSymbolExists.c.o
/usr/bin/cc   -pedantic -D_DEFAULT_SOURCE   -ffp-contract=off   -mssse3 -pthread  -W -Wall -pedantic -Wbad-function-cast -Wconversion -Winline -Wmissing-declarations -Wmissing-prototypes -Wnested-externs -Wno-long-long -Wno-multichar -Wpointer-arith -Wshadow -Wsign-compare -Wundef -Wunused -Wwrite-strings -Waddress -Wattributes -Wcast-align -Wdeclaration-after-statement -Wdiv-by-zero -Wempty-body -Wendif-labels -Wfloat-equal -Wformat-security -Wignored-qualifiers -Wmissing-field-initializers -Wmissing-noreturn -Wno-format-nonliteral -Wno-system-headers -Wold-style-definition -Wredundant-decls -Wsign-conversion -Wno-error=sign-conversion -Wstrict-prototypes -Wtype-limits -Wunreachable-code -Wunused-parameter -Wvla -Wclobbered -Wmissing-parameter-type -Wold-style-declaration -Wstrict-aliasing=3 -Wtrampolines -Wformat=2 -Warray-bounds=2 -ftree-vrp -Wduplicated-cond -Wnull-dereference -fdelete-null-pointer-checks -Wshift-negative-value -Wshift-overflow=2 -Walloc-zero -Wduplicated-branches -Wformat-overflow=2 -Wformat-truncation=2 -Wimplicit-fallthrough -Wrestrict -Warith-conversion -Wdouble-promotion -Wenum-conversion -Wpragmas -Wunused-const-variable -D_FILE_OFFSET_BITS=64 -o CMakeFiles/cmTC_58a09.dir/CheckSymbolExists.c.o -c /home/wtc/realsense_src/build/libcurl/src/libcurl-build/CMakeFiles/CMakeTmp/CheckSymbolExists.c
/home/wtc/realsense_src/build/libcurl/src/libcurl-build/CMakeFiles/CMakeTmp/CheckSymbolExists.c: In function ‘main’:
/home/wtc/realsense_src/build/libcurl/src/libcurl-build/CMakeFiles/CMakeTmp/CheckSymbolExists.c:40:11: warning: ISO C forbids conversion of function pointer to object pointer type [-Wpedantic]
   40 |   return ((int*)(&fseeko))[argc];
      |           ^
Linking C executable cmTC_58a09
/usr/bin/cmake -E cmake_link_script CMakeFiles/cmTC_58a09.dir/link.txt --verbose=1
/usr/bin/cc    -pedantic -D_DEFAULT_SOURCE   -ffp-contract=off   -mssse3 -pthread  -W -Wall -pedantic -Wbad-function-cast -Wconversion -Winline -Wmissing-declarations -Wmissing-prototypes -Wnested-externs -Wno-long-long -Wno-multichar -Wpointer-arith -Wshadow -Wsign-compare -Wundef -Wunused -Wwrite-strings -Waddress -Wattributes -Wcast-align -Wdeclaration-after-statement -Wdiv-by-zero -Wempty-body -Wendif-labels -Wfloat-equal -Wformat-security -Wignored-qualifiers -Wmissing-field-initializers -Wmissing-noreturn -Wno-format-nonliteral -Wno-system-headers -Wold-style-definition -Wredundant-decls -Wsign-conversion -Wno-error=sign-conversion -Wstrict-prototypes -Wtype-limits -Wunreachable-code -Wunused-parameter -Wvla -Wclobbered -Wmissing-parameter-type -Wold-style-declaration -Wstrict-aliasing=3 -Wtrampolines -Wformat=2 -Warray-bounds=2 -ftree-vrp -Wduplicated-cond -Wnull-dereference -fdelete-null-pointer-checks -Wshift-negative-value -Wshift-overflow=2 -Walloc-zero -Wduplicated-branches -Wformat-overflow=2 -Wformat-truncation=2 -Wimplicit-fallthrough -Wrestrict -Warith-conversion -Wdouble-promotion -Wenum-conversion -Wpragmas -Wunused-const-variable -D_FILE_OFFSET_BITS=64 CMakeFiles/cmTC_58a09.dir/CheckSymbolExists.c.o -o cmTC_58a09 
gmake[4]: 离开目录“/home/wtc/realsense_src/build/libcurl/src/libcurl-build/CMakeFiles/CMakeTmp”
gmake[3]: 离开目录“/home/wtc/realsense_src/build/libcurl/src/libcurl-build/CMakeFiles/CMakeTmp”


File /home/wtc/realsense_src/build/libcurl/src/libcurl-build/CMakeFiles/CMakeTmp/CheckSymbolExists.c:
/* */
#include <sys/wait.h>
#include <sys/ioctl.h>
#include <sys/param.h>
#include <sys/poll.h>
#include <sys/resource.h>
#include <sys/select.h>
#include <sys/socket.h>
#include <sys/stat.h>
#include <sys/time.h>
#include <sys/types.h>
#include <sys/un.h>
#include <sys/xattr.h>
#include <arpa/inet.h>
#include <dirent.h>
#include <fcntl.h>
#include <ifaddrs.h>
#include <libgen.h>
#include <locale.h>
#include <net/if.h>
#include <netdb.h>
#include <netinet/in.h>
#include <netinet/tcp.h>
#include <netinet/udp.h>
#include <poll.h>
#include <pwd.h>
#include <stdatomic.h>
#include <stdbool.h>
#include <strings.h>
#include <termio.h>
#include <termios.h>
#include <unistd.h>
#include <utime.h>
#include <stdio.h>

int main(int argc, char** argv)
{
  (void)argv;
#ifndef fseeko
  return ((int*)(&fseeko))[argc];
#else
  (void)argc;
  return 0;
#endif
}
Determining size of curl_off_t passed with the following output:
Change Dir: /home/wtc/realsense_src/build/libcurl/src/libcurl-build/CMakeFiles/CMakeTmp

Run Build Command(s):/usr/bin/gmake -f Makefile cmTC_9fdc3/fast && gmake[3]: 进入目录“/home/wtc/realsense_src/build/libcurl/src/libcurl-build/CMakeFiles/CMakeTmp”
/usr/bin/gmake  -f CMakeFiles/cmTC_9fdc3.dir/build.make CMakeFiles/cmTC_9fdc3.dir/build
gmake[4]: 进入目录“/home/wtc/realsense_src/build/libcurl/src/libcurl-build/CMakeFiles/CMakeTmp”
Building C object CMakeFiles/cmTC_9fdc3.dir/SIZEOF_CURL_OFF_T.c.o
/usr/bin/cc  -I/home/wtc/realsense_src/build/third-party/libcurl/include -pedantic -D_DEFAULT_SOURCE   -ffp-contract=off   -mssse3 -pthread  -W -Wall -pedantic -Wbad-function-cast -Wconversion -Winline -Wmissing-declarations -Wmissing-prototypes -Wnested-externs -Wno-long-long -Wno-multichar -Wpointer-arith -Wshadow -Wsign-compare -Wundef -Wunused -Wwrite-strings -Waddress -Wattributes -Wcast-align -Wdeclaration-after-statement -Wdiv-by-zero -Wempty-body -Wendif-labels -Wfloat-equal -Wformat-security -Wignored-qualifiers -Wmissing-field-initializers -Wmissing-noreturn -Wno-format-nonliteral -Wno-system-headers -Wold-style-definition -Wredundant-decls -Wsign-conversion -Wno-error=sign-conversion -Wstrict-prototypes -Wtype-limits -Wunreachable-code -Wunused-parameter -Wvla -Wclobbered -Wmissing-parameter-type -Wold-style-declaration -Wstrict-aliasing=3 -Wtrampolines -Wformat=2 -Warray-bounds=2 -ftree-vrp -Wduplicated-cond -Wnull-dereference -fdelete-null-pointer-checks -Wshift-negative-value -Wshift-overflow=2 -Walloc-zero -Wduplicated-branches -Wformat-overflow=2 -Wformat-truncation=2 -Wimplicit-fallthrough -Wrestrict -Warith-conversion -Wdouble-promotion -Wenum-conversion -Wpragmas -Wunused-const-variable -D_FILE_OFFSET_BITS=64 -o CMakeFiles/cmTC_9fdc3.dir/SIZEOF_CURL_OFF_T.c.o -c /home/wtc/realsense_src/build/libcurl/src/libcurl-build/CMakeFiles/CheckTypeSize/SIZEOF_CURL_OFF_T.c
Linking C executable cmTC_9fdc3
/usr/bin/cmake -E cmake_link_script CMakeFiles/cmTC_9fdc3.dir/link.txt --verbose=1
/usr/bin/cc    -pedantic -D_DEFAULT_SOURCE   -ffp-contract=off   -mssse3 -pthread  -W -Wall -pedantic -Wbad-function-cast -Wconversion -Winline -Wmissing-declarations -Wmissing-prototypes -Wnested-externs -Wno-long-long -Wno-multichar -Wpointer-arith -Wshadow -Wsign-compare -Wundef -Wunused -Wwrite-strings -Waddress -Wattributes -Wcast-align -Wdeclaration-after-statement -Wdiv-by-zero -Wempty-body -Wendif-labels -Wfloat-equal -Wformat-security -Wignored-qualifiers -Wmissing-field-initializers -Wmissing-noreturn -Wno-format-nonliteral -Wno-system-headers -Wold-style-definition -Wredundant-decls -Wsign-conversion -Wno-error=sign-conversion -Wstrict-prototypes -Wtype-limits -Wunreachable-code -Wunused-parameter -Wvla -Wclobbered -Wmissing-parameter-type -Wold-style-declaration -Wstrict-aliasing=3 -Wtrampolines -Wformat=2 -Warray-bounds=2 -ftree-vrp -Wduplicated-cond -Wnull-dereference -fdelete-null-pointer-checks -Wshift-negative-value -Wshift-overflow=2 -Walloc-zero -Wduplicated-branches -Wformat-overflow=2 -Wformat-truncation=2 -Wimplicit-fallthrough -Wrestrict -Warith-conversion -Wdouble-promotion -Wenum-conversion -Wpragmas -Wunused-const-variable -D_FILE_OFFSET_BITS=64 CMakeFiles/cmTC_9fdc3.dir/SIZEOF_CURL_OFF_T.c.o -o cmTC_9fdc3 
gmake[4]: 离开目录“/home/wtc/realsense_src/build/libcurl/src/libcurl-build/CMakeFiles/CMakeTmp”
gmake[3]: 离开目录“/home/wtc/realsense_src/build/libcurl/src/libcurl-build/CMakeFiles/CMakeTmp”



Determining size of curl_socket_t passed with the following output:
Change Dir: /home/wtc/realsense_src/build/libcurl/src/libcurl-build/CMakeFiles/CMakeTmp

Run Build Command(s):/usr/bin/gmake -f Makefile cmTC_36d5e/fast && gmake[3]: 进入目录“/home/wtc/realsense_src/build/libcurl/src/libcurl-build/CMakeFiles/CMakeTmp”
/usr/bin/gmake  -f CMakeFiles/cmTC_36d5e.dir/build.make CMakeFiles/cmTC_36d5e.dir/build
gmake[4]: 进入目录“/home/wtc/realsense_src/build/libcurl/src/libcurl-build/CMakeFiles/CMakeTmp”
Building C object CMakeFiles/cmTC_36d5e.dir/SIZEOF_CURL_SOCKET_T.c.o
/usr/bin/cc  -I/home/wtc/realsense_src/build/third-party/libcurl/include -pedantic -D_DEFAULT_SOURCE   -ffp-contract=off   -mssse3 -pthread  -W -Wall -pedantic -Wbad-function-cast -Wconversion -Winline -Wmissing-declarations -Wmissing-prototypes -Wnested-externs -Wno-long-long -Wno-multichar -Wpointer-arith -Wshadow -Wsign-compare -Wundef -Wunused -Wwrite-strings -Waddress -Wattributes -Wcast-align -Wdeclaration-after-statement -Wdiv-by-zero -Wempty-body -Wendif-labels -Wfloat-equal -Wformat-security -Wignored-qualifiers -Wmissing-field-initializers -Wmissing-noreturn -Wno-format-nonliteral -Wno-system-headers -Wold-style-definition -Wredundant-decls -Wsign-conversion -Wno-error=sign-conversion -Wstrict-prototypes -Wtype-limits -Wunreachable-code -Wunused-parameter -Wvla -Wclobbered -Wmissing-parameter-type -Wold-style-declaration -Wstrict-aliasing=3 -Wtrampolines -Wformat=2 -Warray-bounds=2 -ftree-vrp -Wduplicated-cond -Wnull-dereference -fdelete-null-pointer-checks -Wshift-negative-value -Wshift-overflow=2 -Walloc-zero -Wduplicated-branches -Wformat-overflow=2 -Wformat-truncation=2 -Wimplicit-fallthrough -Wrestrict -Warith-conversion -Wdouble-promotion -Wenum-conversion -Wpragmas -Wunused-const-variable -D_FILE_OFFSET_BITS=64 -o CMakeFiles/cmTC_36d5e.dir/SIZEOF_CURL_SOCKET_T.c.o -c /home/wtc/realsense_src/build/libcurl/src/libcurl-build/CMakeFiles/CheckTypeSize/SIZEOF_CURL_SOCKET_T.c
Linking C executable cmTC_36d5e
/usr/bin/cmake -E cmake_link_script CMakeFiles/cmTC_36d5e.dir/link.txt --verbose=1
/usr/bin/cc    -pedantic -D_DEFAULT_SOURCE   -ffp-contract=off   -mssse3 -pthread  -W -Wall -pedantic -Wbad-function-cast -Wconversion -Winline -Wmissing-declarations -Wmissing-prototypes -Wnested-externs -Wno-long-long -Wno-multichar -Wpointer-arith -Wshadow -Wsign-compare -Wundef -Wunused -Wwrite-strings -Waddress -Wattributes -Wcast-align -Wdeclaration-after-statement -Wdiv-by-zero -Wempty-body -Wendif-labels -Wfloat-equal -Wformat-security -Wignored-qualifiers -Wmissing-field-initializers -Wmissing-noreturn -Wno-format-nonliteral -Wno-system-headers -Wold-style-definition -Wredundant-decls -Wsign-conversion -Wno-error=sign-conversion -Wstrict-prototypes -Wtype-limits -Wunreachable-code -Wunused-parameter -Wvla -Wclobbered -Wmissing-parameter-type -Wold-style-declaration -Wstrict-aliasing=3 -Wtrampolines -Wformat=2 -Warray-bounds=2 -ftree-vrp -Wduplicated-cond -Wnull-dereference -fdelete-null-pointer-checks -Wshift-negative-value -Wshift-overflow=2 -Walloc-zero -Wduplicated-branches -Wformat-overflow=2 -Wformat-truncation=2 -Wimplicit-fallthrough -Wrestrict -Warith-conversion -Wdouble-promotion -Wenum-conversion -Wpragmas -Wunused-const-variable -D_FILE_OFFSET_BITS=64 CMakeFiles/cmTC_36d5e.dir/SIZEOF_CURL_SOCKET_T.c.o -o cmTC_36d5e 
gmake[4]: 离开目录“/home/wtc/realsense_src/build/libcurl/src/libcurl-build/CMakeFiles/CMakeTmp”
gmake[3]: 离开目录“/home/wtc/realsense_src/build/libcurl/src/libcurl-build/CMakeFiles/CMakeTmp”



Performing C SOURCE FILE Test HAVE_WRITABLE_ARGV succeeded with the following compile output:
Change Dir: /home/wtc/realsense_src/build/libcurl/src/libcurl-build/CMakeFiles/CMakeTmp

Run Build Command(s):/usr/bin/gmake -f Makefile cmTC_91397/fast && gmake[3]: 进入目录“/home/wtc/realsense_src/build/libcurl/src/libcurl-build/CMakeFiles/CMakeTmp”
/usr/bin/gmake  -f CMakeFiles/cmTC_91397.dir/build.make CMakeFiles/cmTC_91397.dir/build
gmake[4]: 进入目录“/home/wtc/realsense_src/build/libcurl/src/libcurl-build/CMakeFiles/CMakeTmp”
Building C object CMakeFiles/cmTC_91397.dir/src.c.o
/usr/bin/cc -DHAVE_WRITABLE_ARGV -I/home/wtc/realsense_src/build/third-party/libcurl/include -pedantic -D_DEFAULT_SOURCE   -ffp-contract=off   -mssse3 -pthread  -W -Wall -pedantic -Wbad-function-cast -Wconversion -Winline -Wmissing-declarations -Wmissing-prototypes -Wnested-externs -Wno-long-long -Wno-multichar -Wpointer-arith -Wshadow -Wsign-compare -Wundef -Wunused -Wwrite-strings -Waddress -Wattributes -Wcast-align -Wdeclaration-after-statement -Wdiv-by-zero -Wempty-body -Wendif-labels -Wfloat-equal -Wformat-security -Wignored-qualifiers -Wmissing-field-initializers -Wmissing-noreturn -Wno-format-nonliteral -Wno-system-headers -Wold-style-definition -Wredundant-decls -Wsign-conversion -Wno-error=sign-conversion -Wstrict-prototypes -Wtype-limits -Wunreachable-code -Wunused-parameter -Wvla -Wclobbered -Wmissing-parameter-type -Wold-style-declaration -Wstrict-aliasing=3 -Wtrampolines -Wformat=2 -Warray-bounds=2 -ftree-vrp -Wduplicated-cond -Wnull-dereference -fdelete-null-pointer-checks -Wshift-negative-value -Wshift-overflow=2 -Walloc-zero -Wduplicated-branches -Wformat-overflow=2 -Wformat-truncation=2 -Wimplicit-fallthrough -Wrestrict -Warith-conversion -Wdouble-promotion -Wenum-conversion -Wpragmas -Wunused-const-variable -D_FILE_OFFSET_BITS=64 -o CMakeFiles/cmTC_91397.dir/src.c.o -c /home/wtc/realsense_src/build/libcurl/src/libcurl-build/CMakeFiles/CMakeTmp/src.c
Linking C executable cmTC_91397
/usr/bin/cmake -E cmake_link_script CMakeFiles/cmTC_91397.dir/link.txt --verbose=1
/usr/bin/cc    -pedantic -D_DEFAULT_SOURCE   -ffp-contract=off   -mssse3 -pthread  -W -Wall -pedantic -Wbad-function-cast -Wconversion -Winline -Wmissing-declarations -Wmissing-prototypes -Wnested-externs -Wno-long-long -Wno-multichar -Wpointer-arith -Wshadow -Wsign-compare -Wundef -Wunused -Wwrite-strings -Waddress -Wattributes -Wcast-align -Wdeclaration-after-statement -Wdiv-by-zero -Wempty-body -Wendif-labels -Wfloat-equal -Wformat-security -Wignored-qualifiers -Wmissing-field-initializers -Wmissing-noreturn -Wno-format-nonliteral -Wno-system-headers -Wold-style-definition -Wredundant-decls -Wsign-conversion -Wno-error=sign-conversion -Wstrict-prototypes -Wtype-limits -Wunreachable-code -Wunused-parameter -Wvla -Wclobbered -Wmissing-parameter-type -Wold-style-declaration -Wstrict-aliasing=3 -Wtrampolines -Wformat=2 -Warray-bounds=2 -ftree-vrp -Wduplicated-cond -Wnull-dereference -fdelete-null-pointer-checks -Wshift-negative-value -Wshift-overflow=2 -Walloc-zero -Wduplicated-branches -Wformat-overflow=2 -Wformat-truncation=2 -Wimplicit-fallthrough -Wrestrict -Warith-conversion -Wdouble-promotion -Wenum-conversion -Wpragmas -Wunused-const-variable -D_FILE_OFFSET_BITS=64 CMakeFiles/cmTC_91397.dir/src.c.o -o cmTC_91397 
gmake[4]: 离开目录“/home/wtc/realsense_src/build/libcurl/src/libcurl-build/CMakeFiles/CMakeTmp”
gmake[3]: 离开目录“/home/wtc/realsense_src/build/libcurl/src/libcurl-build/CMakeFiles/CMakeTmp”


...and run output:

Return value: 1
Source file was:

    int main(int argc, char **argv)
    {
      (void)argc;
      argv[0][0] = ' ';
      return (argv[0][0] == ' ')?0:1;
    }
Performing Test HAVE_POSIX_STRERROR_R passed with the following output:
Change Dir: /home/wtc/realsense_src/build/libcurl/src/libcurl-build/CMakeFiles/CMakeTmp

Run Build Command(s):/usr/bin/gmake -f Makefile cmTC_f05c9/fast && gmake[3]: 进入目录“/home/wtc/realsense_src/build/libcurl/src/libcurl-build/CMakeFiles/CMakeTmp”
/usr/bin/gmake  -f CMakeFiles/cmTC_f05c9.dir/build.make CMakeFiles/cmTC_f05c9.dir/build
gmake[4]: 进入目录“/home/wtc/realsense_src/build/libcurl/src/libcurl-build/CMakeFiles/CMakeTmp”
Building C object CMakeFiles/cmTC_f05c9.dir/CurlTests.c.o
/usr/bin/cc   -pedantic -D_DEFAULT_SOURCE   -ffp-contract=off   -mssse3 -pthread  -W -Wall -pedantic -Wbad-function-cast -Wconversion -Winline -Wmissing-declarations -Wmissing-prototypes -Wnested-externs -Wno-long-long -Wno-multichar -Wpointer-arith -Wshadow -Wsign-compare -Wundef -Wunused -Wwrite-strings -Waddress -Wattributes -Wcast-align -Wdeclaration-after-statement -Wdiv-by-zero -Wempty-body -Wendif-labels -Wfloat-equal -Wformat-security -Wignored-qualifiers -Wmissing-field-initializers -Wmissing-noreturn -Wno-format-nonliteral -Wno-system-headers -Wold-style-definition -Wredundant-decls -Wsign-conversion -Wno-error=sign-conversion -Wstrict-prototypes -Wtype-limits -Wunreachable-code -Wunused-parameter -Wvla -Wclobbered -Wmissing-parameter-type -Wold-style-declaration -Wstrict-aliasing=3 -Wtrampolines -Wformat=2 -Warray-bounds=2 -ftree-vrp -Wduplicated-cond -Wnull-dereference -fdelete-null-pointer-checks -Wshift-negative-value -Wshift-overflow=2 -Walloc-zero -Wduplicated-branches -Wformat-overflow=2 -Wformat-truncation=2 -Wimplicit-fallthrough -Wrestrict -Warith-conversion -Wdouble-promotion -Wenum-conversion -Wpragmas -Wunused-const-variable -DHAVE_POSIX_STRERROR_R  -DHAVE_SYS_WAIT_H -DHAVE_SYS_IOCTL_H -DHAVE_SYS_PARAM_H -DHAVE_SYS_POLL_H -DHAVE_SYS_RESOURCE_H -DHAVE_SYS_SELECT_H -DHAVE_SYS_SOCKET_H -DHAVE_SYS_STAT_H -DHAVE_SYS_TIME_H -DHAVE_SYS_TYPES_H -DHAVE_SYS_UN_H -DHAVE_SYS_XATTR_H -DHAVE_ARPA_INET_H -DHAVE_DIRENT_H -DHAVE_FCNTL_H -DHAVE_IFADDRS_H -DHAVE_LIBGEN_H -DHAVE_LOCALE_H -DHAVE_NET_IF_H -DHAVE_NETDB_H -DHAVE_NETINET_IN_H -DHAVE_NETINET_TCP_H -DHAVE_NETINET_UDP_H -DHAVE_POLL_H -DHAVE_PWD_H -DHAVE_STDATOMIC_H -DHAVE_STDBOOL_H -DHAVE_STRINGS_H -DHAVE_TERMIO_H -DHAVE_TERMIOS_H -DHAVE_UNISTD_H -DHAVE_UTIME_H -o CMakeFiles/cmTC_f05c9.dir/CurlTests.c.o -c /home/wtc/realsense_src/build/third-party/libcurl/CMake/CurlTests.c
/home/wtc/realsense_src/build/third-party/libcurl/CMake/CurlTests.c:341:6: warning: no previous prototype for ‘check’ [-Wmissing-prototypes]
  341 | void check(float f) {}
      |      ^~~~~
/home/wtc/realsense_src/build/third-party/libcurl/CMake/CurlTests.c: In function ‘check’:
/home/wtc/realsense_src/build/third-party/libcurl/CMake/CurlTests.c:341:18: warning: unused parameter ‘f’ [-Wunused-parameter]
  341 | void check(float f) {}
      |            ~~~~~~^
/home/wtc/realsense_src/build/third-party/libcurl/CMake/CurlTests.c: In function ‘main’:
/home/wtc/realsense_src/build/third-party/libcurl/CMake/CurlTests.c:347:9: warning: conversion from ‘int’ to ‘float’ may change value [-Wconversion]
  347 |   check(strerror_r(EACCES, buffer, sizeof(buffer)));
      |         ^~~~~~~~~~~~~~~~~~~~~~~~~~~~~~~~~~~~~~~~~~
Linking C executable cmTC_f05c9
/usr/bin/cmake -E cmake_link_script CMakeFiles/cmTC_f05c9.dir/link.txt --verbose=1
/usr/bin/cc    -pedantic -D_DEFAULT_SOURCE   -ffp-contract=off   -mssse3 -pthread  -W -Wall -pedantic -Wbad-function-cast -Wconversion -Winline -Wmissing-declarations -Wmissing-prototypes -Wnested-externs -Wno-long-long -Wno-multichar -Wpointer-arith -Wshadow -Wsign-compare -Wundef -Wunused -Wwrite-strings -Waddress -Wattributes -Wcast-align -Wdeclaration-after-statement -Wdiv-by-zero -Wempty-body -Wendif-labels -Wfloat-equal -Wformat-security -Wignored-qualifiers -Wmissing-field-initializers -Wmissing-noreturn -Wno-format-nonliteral -Wno-system-headers -Wold-style-definition -Wredundant-decls -Wsign-conversion -Wno-error=sign-conversion -Wstrict-prototypes -Wtype-limits -Wunreachable-code -Wunused-parameter -Wvla -Wclobbered -Wmissing-parameter-type -Wold-style-declaration -Wstrict-aliasing=3 -Wtrampolines -Wformat=2 -Warray-bounds=2 -ftree-vrp -Wduplicated-cond -Wnull-dereference -fdelete-null-pointer-checks -Wshift-negative-value -Wshift-overflow=2 -Walloc-zero -Wduplicated-branches -Wformat-overflow=2 -Wformat-truncation=2 -Wimplicit-fallthrough -Wrestrict -Warith-conversion -Wdouble-promotion -Wenum-conversion -Wpragmas -Wunused-const-variable -DHAVE_POSIX_STRERROR_R  -DHAVE_SYS_WAIT_H -DHAVE_SYS_IOCTL_H -DHAVE_SYS_PARAM_H -DHAVE_SYS_POLL_H -DHAVE_SYS_RESOURCE_H -DHAVE_SYS_SELECT_H -DHAVE_SYS_SOCKET_H -DHAVE_SYS_STAT_H -DHAVE_SYS_TIME_H -DHAVE_SYS_TYPES_H -DHAVE_SYS_UN_H -DHAVE_SYS_XATTR_H -DHAVE_ARPA_INET_H -DHAVE_DIRENT_H -DHAVE_FCNTL_H -DHAVE_IFADDRS_H -DHAVE_LIBGEN_H -DHAVE_LOCALE_H -DHAVE_NET_IF_H -DHAVE_NETDB_H -DHAVE_NETINET_IN_H -DHAVE_NETINET_TCP_H -DHAVE_NETINET_UDP_H -DHAVE_POLL_H -DHAVE_PWD_H -DHAVE_STDATOMIC_H -DHAVE_STDBOOL_H -DHAVE_STRINGS_H -DHAVE_TERMIO_H -DHAVE_TERMIOS_H -DHAVE_UNISTD_H -DHAVE_UTIME_H CMakeFiles/cmTC_f05c9.dir/CurlTests.c.o -o cmTC_f05c9 
gmake[4]: 离开目录“/home/wtc/realsense_src/build/libcurl/src/libcurl-build/CMakeFiles/CMakeTmp”
gmake[3]: 离开目录“/home/wtc/realsense_src/build/libcurl/src/libcurl-build/CMakeFiles/CMakeTmp”


Performing Test HAVE_CLOCK_GETTIME_MONOTONIC passed with the following output:
Change Dir: /home/wtc/realsense_src/build/libcurl/src/libcurl-build/CMakeFiles/CMakeTmp

Run Build Command(s):/usr/bin/gmake -f Makefile cmTC_93f7a/fast && gmake[3]: 进入目录“/home/wtc/realsense_src/build/libcurl/src/libcurl-build/CMakeFiles/CMakeTmp”
/usr/bin/gmake  -f CMakeFiles/cmTC_93f7a.dir/build.make CMakeFiles/cmTC_93f7a.dir/build
gmake[4]: 进入目录“/home/wtc/realsense_src/build/libcurl/src/libcurl-build/CMakeFiles/CMakeTmp”
Building C object CMakeFiles/cmTC_93f7a.dir/CurlTests.c.o
/usr/bin/cc   -pedantic -D_DEFAULT_SOURCE   -ffp-contract=off   -mssse3 -pthread  -W -Wall -pedantic -Wbad-function-cast -Wconversion -Winline -Wmissing-declarations -Wmissing-prototypes -Wnested-externs -Wno-long-long -Wno-multichar -Wpointer-arith -Wshadow -Wsign-compare -Wundef -Wunused -Wwrite-strings -Waddress -Wattributes -Wcast-align -Wdeclaration-after-statement -Wdiv-by-zero -Wempty-body -Wendif-labels -Wfloat-equal -Wformat-security -Wignored-qualifiers -Wmissing-field-initializers -Wmissing-noreturn -Wno-format-nonliteral -Wno-system-headers -Wold-style-definition -Wredundant-decls -Wsign-conversion -Wno-error=sign-conversion -Wstrict-prototypes -Wtype-limits -Wunreachable-code -Wunused-parameter -Wvla -Wclobbered -Wmissing-parameter-type -Wold-style-declaration -Wstrict-aliasing=3 -Wtrampolines -Wformat=2 -Warray-bounds=2 -ftree-vrp -Wduplicated-cond -Wnull-dereference -fdelete-null-pointer-checks -Wshift-negative-value -Wshift-overflow=2 -Walloc-zero -Wduplicated-branches -Wformat-overflow=2 -Wformat-truncation=2 -Wimplicit-fallthrough -Wrestrict -Warith-conversion -Wdouble-promotion -Wenum-conversion -Wpragmas -Wunused-const-variable -DHAVE_CLOCK_GETTIME_MONOTONIC  -DHAVE_SYS_WAIT_H -DHAVE_SYS_IOCTL_H -DHAVE_SYS_PARAM_H -DHAVE_SYS_POLL_H -DHAVE_SYS_RESOURCE_H -DHAVE_SYS_SELECT_H -DHAVE_SYS_SOCKET_H -DHAVE_SYS_STAT_H -DHAVE_SYS_TIME_H -DHAVE_SYS_TYPES_H -DHAVE_SYS_UN_H -DHAVE_SYS_XATTR_H -DHAVE_ARPA_INET_H -DHAVE_DIRENT_H -DHAVE_FCNTL_H -DHAVE_IFADDRS_H -DHAVE_LIBGEN_H -DHAVE_LOCALE_H -DHAVE_NET_IF_H -DHAVE_NETDB_H -DHAVE_NETINET_IN_H -DHAVE_NETINET_TCP_H -DHAVE_NETINET_UDP_H -DHAVE_POLL_H -DHAVE_PWD_H -DHAVE_STDATOMIC_H -DHAVE_STDBOOL_H -DHAVE_STRINGS_H -DHAVE_TERMIO_H -DHAVE_TERMIOS_H -DHAVE_UNISTD_H -DHAVE_UTIME_H -o CMakeFiles/cmTC_93f7a.dir/CurlTests.c.o -c /home/wtc/realsense_src/build/third-party/libcurl/CMake/CurlTests.c
Linking C executable cmTC_93f7a
/usr/bin/cmake -E cmake_link_script CMakeFiles/cmTC_93f7a.dir/link.txt --verbose=1
/usr/bin/cc    -pedantic -D_DEFAULT_SOURCE   -ffp-contract=off   -mssse3 -pthread  -W -Wall -pedantic -Wbad-function-cast -Wconversion -Winline -Wmissing-declarations -Wmissing-prototypes -Wnested-externs -Wno-long-long -Wno-multichar -Wpointer-arith -Wshadow -Wsign-compare -Wundef -Wunused -Wwrite-strings -Waddress -Wattributes -Wcast-align -Wdeclaration-after-statement -Wdiv-by-zero -Wempty-body -Wendif-labels -Wfloat-equal -Wformat-security -Wignored-qualifiers -Wmissing-field-initializers -Wmissing-noreturn -Wno-format-nonliteral -Wno-system-headers -Wold-style-definition -Wredundant-decls -Wsign-conversion -Wno-error=sign-conversion -Wstrict-prototypes -Wtype-limits -Wunreachable-code -Wunused-parameter -Wvla -Wclobbered -Wmissing-parameter-type -Wold-style-declaration -Wstrict-aliasing=3 -Wtrampolines -Wformat=2 -Warray-bounds=2 -ftree-vrp -Wduplicated-cond -Wnull-dereference -fdelete-null-pointer-checks -Wshift-negative-value -Wshift-overflow=2 -Walloc-zero -Wduplicated-branches -Wformat-overflow=2 -Wformat-truncation=2 -Wimplicit-fallthrough -Wrestrict -Warith-conversion -Wdouble-promotion -Wenum-conversion -Wpragmas -Wunused-const-variable -DHAVE_CLOCK_GETTIME_MONOTONIC  -DHAVE_SYS_WAIT_H -DHAVE_SYS_IOCTL_H -DHAVE_SYS_PARAM_H -DHAVE_SYS_POLL_H -DHAVE_SYS_RESOURCE_H -DHAVE_SYS_SELECT_H -DHAVE_SYS_SOCKET_H -DHAVE_SYS_STAT_H -DHAVE_SYS_TIME_H -DHAVE_SYS_TYPES_H -DHAVE_SYS_UN_H -DHAVE_SYS_XATTR_H -DHAVE_ARPA_INET_H -DHAVE_DIRENT_H -DHAVE_FCNTL_H -DHAVE_IFADDRS_H -DHAVE_LIBGEN_H -DHAVE_LOCALE_H -DHAVE_NET_IF_H -DHAVE_NETDB_H -DHAVE_NETINET_IN_H -DHAVE_NETINET_TCP_H -DHAVE_NETINET_UDP_H -DHAVE_POLL_H -DHAVE_PWD_H -DHAVE_STDATOMIC_H -DHAVE_STDBOOL_H -DHAVE_STRINGS_H -DHAVE_TERMIO_H -DHAVE_TERMIOS_H -DHAVE_UNISTD_H -DHAVE_UTIME_H CMakeFiles/cmTC_93f7a.dir/CurlTests.c.o -o cmTC_93f7a 
gmake[4]: 离开目录“/home/wtc/realsense_src/build/libcurl/src/libcurl-build/CMakeFiles/CMakeTmp”
gmake[3]: 离开目录“/home/wtc/realsense_src/build/libcurl/src/libcurl-build/CMakeFiles/CMakeTmp”


Determining size of struct sockaddr_storage passed with the following output:
Change Dir: /home/wtc/realsense_src/build/libcurl/src/libcurl-build/CMakeFiles/CMakeTmp

Run Build Command(s):/usr/bin/gmake -f Makefile cmTC_21e91/fast && gmake[3]: 进入目录“/home/wtc/realsense_src/build/libcurl/src/libcurl-build/CMakeFiles/CMakeTmp”
/usr/bin/gmake  -f CMakeFiles/cmTC_21e91.dir/build.make CMakeFiles/cmTC_21e91.dir/build
gmake[4]: 进入目录“/home/wtc/realsense_src/build/libcurl/src/libcurl-build/CMakeFiles/CMakeTmp”
Building C object CMakeFiles/cmTC_21e91.dir/SIZEOF_STRUCT_SOCKADDR_STORAGE.c.o
/usr/bin/cc  -I/home/wtc/realsense_src/build/third-party/libcurl/include -pedantic -D_DEFAULT_SOURCE   -ffp-contract=off   -mssse3 -pthread  -W -Wall -pedantic -Wbad-function-cast -Wconversion -Winline -Wmissing-declarations -Wmissing-prototypes -Wnested-externs -Wno-long-long -Wno-multichar -Wpointer-arith -Wshadow -Wsign-compare -Wundef -Wunused -Wwrite-strings -Waddress -Wattributes -Wcast-align -Wdeclaration-after-statement -Wdiv-by-zero -Wempty-body -Wendif-labels -Wfloat-equal -Wformat-security -Wignored-qualifiers -Wmissing-field-initializers -Wmissing-noreturn -Wno-format-nonliteral -Wno-system-headers -Wold-style-definition -Wredundant-decls -Wsign-conversion -Wno-error=sign-conversion -Wstrict-prototypes -Wtype-limits -Wunreachable-code -Wunused-parameter -Wvla -Wclobbered -Wmissing-parameter-type -Wold-style-declaration -Wstrict-aliasing=3 -Wtrampolines -Wformat=2 -Warray-bounds=2 -ftree-vrp -Wduplicated-cond -Wnull-dereference -fdelete-null-pointer-checks -Wshift-negative-value -Wshift-overflow=2 -Walloc-zero -Wduplicated-branches -Wformat-overflow=2 -Wformat-truncation=2 -Wimplicit-fallthrough -Wrestrict -Warith-conversion -Wdouble-promotion -Wenum-conversion -Wpragmas -Wunused-const-variable  -o CMakeFiles/cmTC_21e91.dir/SIZEOF_STRUCT_SOCKADDR_STORAGE.c.o -c /home/wtc/realsense_src/build/libcurl/src/libcurl-build/CMakeFiles/CheckTypeSize/SIZEOF_STRUCT_SOCKADDR_STORAGE.c
Linking C static library libcmTC_21e91.a
/usr/bin/cmake -P CMakeFiles/cmTC_21e91.dir/cmake_clean_target.cmake
/usr/bin/cmake -E cmake_link_script CMakeFiles/cmTC_21e91.dir/link.txt --verbose=1
/usr/bin/ar qc libcmTC_21e91.a CMakeFiles/cmTC_21e91.dir/SIZEOF_STRUCT_SOCKADDR_STORAGE.c.o
/usr/bin/ranlib libcmTC_21e91.a
gmake[4]: 离开目录“/home/wtc/realsense_src/build/libcurl/src/libcurl-build/CMakeFiles/CMakeTmp”
gmake[3]: 离开目录“/home/wtc/realsense_src/build/libcurl/src/libcurl-build/CMakeFiles/CMakeTmp”



Performing C SOURCE FILE Test HAVE_MSG_NOSIGNAL succeeded with the following output:
Change Dir: /home/wtc/realsense_src/build/libcurl/src/libcurl-build/CMakeFiles/CMakeTmp

Run Build Command(s):/usr/bin/gmake -f Makefile cmTC_007b7/fast && gmake[3]: 进入目录“/home/wtc/realsense_src/build/libcurl/src/libcurl-build/CMakeFiles/CMakeTmp”
/usr/bin/gmake  -f CMakeFiles/cmTC_007b7.dir/build.make CMakeFiles/cmTC_007b7.dir/build
gmake[4]: 进入目录“/home/wtc/realsense_src/build/libcurl/src/libcurl-build/CMakeFiles/CMakeTmp”
Building C object CMakeFiles/cmTC_007b7.dir/src.c.o
/usr/bin/cc -DHAVE_MSG_NOSIGNAL -I/home/wtc/realsense_src/build/third-party/libcurl/include -pedantic -D_DEFAULT_SOURCE   -ffp-contract=off   -mssse3 -pthread  -W -Wall -pedantic -Wbad-function-cast -Wconversion -Winline -Wmissing-declarations -Wmissing-prototypes -Wnested-externs -Wno-long-long -Wno-multichar -Wpointer-arith -Wshadow -Wsign-compare -Wundef -Wunused -Wwrite-strings -Waddress -Wattributes -Wcast-align -Wdeclaration-after-statement -Wdiv-by-zero -Wempty-body -Wendif-labels -Wfloat-equal -Wformat-security -Wignored-qualifiers -Wmissing-field-initializers -Wmissing-noreturn -Wno-format-nonliteral -Wno-system-headers -Wold-style-definition -Wredundant-decls -Wsign-conversion -Wno-error=sign-conversion -Wstrict-prototypes -Wtype-limits -Wunreachable-code -Wunused-parameter -Wvla -Wclobbered -Wmissing-parameter-type -Wold-style-declaration -Wstrict-aliasing=3 -Wtrampolines -Wformat=2 -Warray-bounds=2 -ftree-vrp -Wduplicated-cond -Wnull-dereference -fdelete-null-pointer-checks -Wshift-negative-value -Wshift-overflow=2 -Walloc-zero -Wduplicated-branches -Wformat-overflow=2 -Wformat-truncation=2 -Wimplicit-fallthrough -Wrestrict -Warith-conversion -Wdouble-promotion -Wenum-conversion -Wpragmas -Wunused-const-variable  -o CMakeFiles/cmTC_007b7.dir/src.c.o -c /home/wtc/realsense_src/build/libcurl/src/libcurl-build/CMakeFiles/CMakeTmp/src.c
Linking C static library libcmTC_007b7.a
/usr/bin/cmake -P CMakeFiles/cmTC_007b7.dir/cmake_clean_target.cmake
/usr/bin/cmake -E cmake_link_script CMakeFiles/cmTC_007b7.dir/link.txt --verbose=1
/usr/bin/ar qc libcmTC_007b7.a CMakeFiles/cmTC_007b7.dir/src.c.o
/usr/bin/ranlib libcmTC_007b7.a
gmake[4]: 离开目录“/home/wtc/realsense_src/build/libcurl/src/libcurl-build/CMakeFiles/CMakeTmp”
gmake[3]: 离开目录“/home/wtc/realsense_src/build/libcurl/src/libcurl-build/CMakeFiles/CMakeTmp”


Source file was:
#undef inline
      #include <sys/types.h>
      #include <sys/socket.h>
    int main(void)
    {
      int flag = MSG_NOSIGNAL;
      (void)flag;
      return 0;
    }
Performing C SOURCE FILE Test HAVE_STRUCT_TIMEVAL succeeded with the following output:
Change Dir: /home/wtc/realsense_src/build/libcurl/src/libcurl-build/CMakeFiles/CMakeTmp

Run Build Command(s):/usr/bin/gmake -f Makefile cmTC_53372/fast && gmake[3]: 进入目录“/home/wtc/realsense_src/build/libcurl/src/libcurl-build/CMakeFiles/CMakeTmp”
/usr/bin/gmake  -f CMakeFiles/cmTC_53372.dir/build.make CMakeFiles/cmTC_53372.dir/build
gmake[4]: 进入目录“/home/wtc/realsense_src/build/libcurl/src/libcurl-build/CMakeFiles/CMakeTmp”
Building C object CMakeFiles/cmTC_53372.dir/src.c.o
/usr/bin/cc -DHAVE_STRUCT_TIMEVAL -I/home/wtc/realsense_src/build/third-party/libcurl/include -pedantic -D_DEFAULT_SOURCE   -ffp-contract=off   -mssse3 -pthread  -W -Wall -pedantic -Wbad-function-cast -Wconversion -Winline -Wmissing-declarations -Wmissing-prototypes -Wnested-externs -Wno-long-long -Wno-multichar -Wpointer-arith -Wshadow -Wsign-compare -Wundef -Wunused -Wwrite-strings -Waddress -Wattributes -Wcast-align -Wdeclaration-after-statement -Wdiv-by-zero -Wempty-body -Wendif-labels -Wfloat-equal -Wformat-security -Wignored-qualifiers -Wmissing-field-initializers -Wmissing-noreturn -Wno-format-nonliteral -Wno-system-headers -Wold-style-definition -Wredundant-decls -Wsign-conversion -Wno-error=sign-conversion -Wstrict-prototypes -Wtype-limits -Wunreachable-code -Wunused-parameter -Wvla -Wclobbered -Wmissing-parameter-type -Wold-style-declaration -Wstrict-aliasing=3 -Wtrampolines -Wformat=2 -Warray-bounds=2 -ftree-vrp -Wduplicated-cond -Wnull-dereference -fdelete-null-pointer-checks -Wshift-negative-value -Wshift-overflow=2 -Walloc-zero -Wduplicated-branches -Wformat-overflow=2 -Wformat-truncation=2 -Wimplicit-fallthrough -Wrestrict -Warith-conversion -Wdouble-promotion -Wenum-conversion -Wpragmas -Wunused-const-variable  -o CMakeFiles/cmTC_53372.dir/src.c.o -c /home/wtc/realsense_src/build/libcurl/src/libcurl-build/CMakeFiles/CMakeTmp/src.c
Linking C static library libcmTC_53372.a
/usr/bin/cmake -P CMakeFiles/cmTC_53372.dir/cmake_clean_target.cmake
/usr/bin/cmake -E cmake_link_script CMakeFiles/cmTC_53372.dir/link.txt --verbose=1
/usr/bin/ar qc libcmTC_53372.a CMakeFiles/cmTC_53372.dir/src.c.o
/usr/bin/ranlib libcmTC_53372.a
gmake[4]: 离开目录“/home/wtc/realsense_src/build/libcurl/src/libcurl-build/CMakeFiles/CMakeTmp”
gmake[3]: 离开目录“/home/wtc/realsense_src/build/libcurl/src/libcurl-build/CMakeFiles/CMakeTmp”


Source file was:
#undef inline
      #include <sys/time.h>
  #include <time.h>
  int main(void)
  {
    struct timeval ts;
    ts.tv_sec  = 0;
    ts.tv_usec = 0;
    (void)ts;
    return 0;
  }
Performing C SOURCE FILE Test HAVE_POLL_FINE succeeded with the following compile output:
Change Dir: /home/wtc/realsense_src/build/libcurl/src/libcurl-build/CMakeFiles/CMakeTmp

Run Build Command(s):/usr/bin/gmake -f Makefile cmTC_8e026/fast && gmake[3]: 进入目录“/home/wtc/realsense_src/build/libcurl/src/libcurl-build/CMakeFiles/CMakeTmp”
/usr/bin/gmake  -f CMakeFiles/cmTC_8e026.dir/build.make CMakeFiles/cmTC_8e026.dir/build
gmake[4]: 进入目录“/home/wtc/realsense_src/build/libcurl/src/libcurl-build/CMakeFiles/CMakeTmp”
Building C object CMakeFiles/cmTC_8e026.dir/src.c.o
/usr/bin/cc -DHAVE_POLL_FINE -I/home/wtc/realsense_src/build/third-party/libcurl/include -pedantic -D_DEFAULT_SOURCE   -ffp-contract=off   -mssse3 -pthread  -W -Wall -pedantic -Wbad-function-cast -Wconversion -Winline -Wmissing-declarations -Wmissing-prototypes -Wnested-externs -Wno-long-long -Wno-multichar -Wpointer-arith -Wshadow -Wsign-compare -Wundef -Wunused -Wwrite-strings -Waddress -Wattributes -Wcast-align -Wdeclaration-after-statement -Wdiv-by-zero -Wempty-body -Wendif-labels -Wfloat-equal -Wformat-security -Wignored-qualifiers -Wmissing-field-initializers -Wmissing-noreturn -Wno-format-nonliteral -Wno-system-headers -Wold-style-definition -Wredundant-decls -Wsign-conversion -Wno-error=sign-conversion -Wstrict-prototypes -Wtype-limits -Wunreachable-code -Wunused-parameter -Wvla -Wclobbered -Wmissing-parameter-type -Wold-style-declaration -Wstrict-aliasing=3 -Wtrampolines -Wformat=2 -Warray-bounds=2 -ftree-vrp -Wduplicated-cond -Wnull-dereference -fdelete-null-pointer-checks -Wshift-negative-value -Wshift-overflow=2 -Walloc-zero -Wduplicated-branches -Wformat-overflow=2 -Wformat-truncation=2 -Wimplicit-fallthrough -Wrestrict -Warith-conversion -Wdouble-promotion -Wenum-conversion -Wpragmas -Wunused-const-variable  -o CMakeFiles/cmTC_8e026.dir/src.c.o -c /home/wtc/realsense_src/build/libcurl/src/libcurl-build/CMakeFiles/CMakeTmp/src.c
/home/wtc/realsense_src/build/libcurl/src/libcurl-build/CMakeFiles/CMakeTmp/src.c: In function ‘main’:
/home/wtc/realsense_src/build/libcurl/src/libcurl-build/CMakeFiles/CMakeTmp/src.c:21:14: warning: conversion to ‘size_t’ {aka ‘long unsigned int’} from ‘long int’ may change the sign of the result [-Wsign-conversion]
   21 |         us = (after.tv_sec - before.tv_sec) * 1000000 +
      |              ^
/home/wtc/realsense_src/build/libcurl/src/libcurl-build/CMakeFiles/CMakeTmp/src.c:14:13: warning: variable ‘rc’ set but not used [-Wunused-but-set-variable]
   14 |         int rc;
      |             ^~
Linking C executable cmTC_8e026
/usr/bin/cmake -E cmake_link_script CMakeFiles/cmTC_8e026.dir/link.txt --verbose=1
/usr/bin/cc    -pedantic -D_DEFAULT_SOURCE   -ffp-contract=off   -mssse3 -pthread  -W -Wall -pedantic -Wbad-function-cast -Wconversion -Winline -Wmissing-declarations -Wmissing-prototypes -Wnested-externs -Wno-long-long -Wno-multichar -Wpointer-arith -Wshadow -Wsign-compare -Wundef -Wunused -Wwrite-strings -Waddress -Wattributes -Wcast-align -Wdeclaration-after-statement -Wdiv-by-zero -Wempty-body -Wendif-labels -Wfloat-equal -Wformat-security -Wignored-qualifiers -Wmissing-field-initializers -Wmissing-noreturn -Wno-format-nonliteral -Wno-system-headers -Wold-style-definition -Wredundant-decls -Wsign-conversion -Wno-error=sign-conversion -Wstrict-prototypes -Wtype-limits -Wunreachable-code -Wunused-parameter -Wvla -Wclobbered -Wmissing-parameter-type -Wold-style-declaration -Wstrict-aliasing=3 -Wtrampolines -Wformat=2 -Warray-bounds=2 -ftree-vrp -Wduplicated-cond -Wnull-dereference -fdelete-null-pointer-checks -Wshift-negative-value -Wshift-overflow=2 -Walloc-zero -Wduplicated-branches -Wformat-overflow=2 -Wformat-truncation=2 -Wimplicit-fallthrough -Wrestrict -Warith-conversion -Wdouble-promotion -Wenum-conversion -Wpragmas -Wunused-const-variable  CMakeFiles/cmTC_8e026.dir/src.c.o -o cmTC_8e026 
gmake[4]: 离开目录“/home/wtc/realsense_src/build/libcurl/src/libcurl-build/CMakeFiles/CMakeTmp”
gmake[3]: 离开目录“/home/wtc/realsense_src/build/libcurl/src/libcurl-build/CMakeFiles/CMakeTmp”


...and run output:

Return value: 1
Source file was:
#undef inline
      #include <sys/poll.h>
      #include <poll.h>
    #include <stdlib.h>
    #include <sys/time.h>
    int main(void)
    {
      if(0 != poll(0, 0, 10)) {
        return 1; /* fail */
      }
      else {
        /* detect the 10.12 poll() breakage */
        struct timeval before, after;
        int rc;
        size_t us;

        gettimeofday(&before, NULL);
        rc = poll(NULL, 0, 500);
        gettimeofday(&after, NULL);

        us = (after.tv_sec - before.tv_sec) * 1000000 +
          (after.tv_usec - before.tv_usec);

        if(us < 400000) {
          return 1;
        }
      }
      return 0;
    }
Performing C SOURCE FILE Test HAVE_H_ERRNO succeeded with the following output:
Change Dir: /home/wtc/realsense_src/build/libcurl/src/libcurl-build/CMakeFiles/CMakeTmp

Run Build Command(s):/usr/bin/gmake -f Makefile cmTC_01e37/fast && gmake[3]: 进入目录“/home/wtc/realsense_src/build/libcurl/src/libcurl-build/CMakeFiles/CMakeTmp”
/usr/bin/gmake  -f CMakeFiles/cmTC_01e37.dir/build.make CMakeFiles/cmTC_01e37.dir/build
gmake[4]: 进入目录“/home/wtc/realsense_src/build/libcurl/src/libcurl-build/CMakeFiles/CMakeTmp”
Building C object CMakeFiles/cmTC_01e37.dir/src.c.o
/usr/bin/cc -DHAVE_H_ERRNO -I/home/wtc/realsense_src/build/third-party/libcurl/include -pedantic -D_DEFAULT_SOURCE   -ffp-contract=off   -mssse3 -pthread  -W -Wall -pedantic -Wbad-function-cast -Wconversion -Winline -Wmissing-declarations -Wmissing-prototypes -Wnested-externs -Wno-long-long -Wno-multichar -Wpointer-arith -Wshadow -Wsign-compare -Wundef -Wunused -Wwrite-strings -Waddress -Wattributes -Wcast-align -Wdeclaration-after-statement -Wdiv-by-zero -Wempty-body -Wendif-labels -Wfloat-equal -Wformat-security -Wignored-qualifiers -Wmissing-field-initializers -Wmissing-noreturn -Wno-format-nonliteral -Wno-system-headers -Wold-style-definition -Wredundant-decls -Wsign-conversion -Wno-error=sign-conversion -Wstrict-prototypes -Wtype-limits -Wunreachable-code -Wunused-parameter -Wvla -Wclobbered -Wmissing-parameter-type -Wold-style-declaration -Wstrict-aliasing=3 -Wtrampolines -Wformat=2 -Warray-bounds=2 -ftree-vrp -Wduplicated-cond -Wnull-dereference -fdelete-null-pointer-checks -Wshift-negative-value -Wshift-overflow=2 -Walloc-zero -Wduplicated-branches -Wformat-overflow=2 -Wformat-truncation=2 -Wimplicit-fallthrough -Wrestrict -Warith-conversion -Wdouble-promotion -Wenum-conversion -Wpragmas -Wunused-const-variable  -o CMakeFiles/cmTC_01e37.dir/src.c.o -c /home/wtc/realsense_src/build/libcurl/src/libcurl-build/CMakeFiles/CMakeTmp/src.c
Linking C executable cmTC_01e37
/usr/bin/cmake -E cmake_link_script CMakeFiles/cmTC_01e37.dir/link.txt --verbose=1
/usr/bin/cc    -pedantic -D_DEFAULT_SOURCE   -ffp-contract=off   -mssse3 -pthread  -W -Wall -pedantic -Wbad-function-cast -Wconversion -Winline -Wmissing-declarations -Wmissing-prototypes -Wnested-externs -Wno-long-long -Wno-multichar -Wpointer-arith -Wshadow -Wsign-compare -Wundef -Wunused -Wwrite-strings -Waddress -Wattributes -Wcast-align -Wdeclaration-after-statement -Wdiv-by-zero -Wempty-body -Wendif-labels -Wfloat-equal -Wformat-security -Wignored-qualifiers -Wmissing-field-initializers -Wmissing-noreturn -Wno-format-nonliteral -Wno-system-headers -Wold-style-definition -Wredundant-decls -Wsign-conversion -Wno-error=sign-conversion -Wstrict-prototypes -Wtype-limits -Wunreachable-code -Wunused-parameter -Wvla -Wclobbered -Wmissing-parameter-type -Wold-style-declaration -Wstrict-aliasing=3 -Wtrampolines -Wformat=2 -Warray-bounds=2 -ftree-vrp -Wduplicated-cond -Wnull-dereference -fdelete-null-pointer-checks -Wshift-negative-value -Wshift-overflow=2 -Walloc-zero -Wduplicated-branches -Wformat-overflow=2 -Wformat-truncation=2 -Wimplicit-fallthrough -Wrestrict -Warith-conversion -Wdouble-promotion -Wenum-conversion -Wpragmas -Wunused-const-variable  CMakeFiles/cmTC_01e37.dir/src.c.o -o cmTC_01e37 
gmake[4]: 离开目录“/home/wtc/realsense_src/build/libcurl/src/libcurl-build/CMakeFiles/CMakeTmp”
gmake[3]: 离开目录“/home/wtc/realsense_src/build/libcurl/src/libcurl-build/CMakeFiles/CMakeTmp”


Source file was:
#undef inline
      #include <sys/socket.h>
      #include <sys/time.h>
      #include <netdb.h>
    int main(void)
    {
    #ifdef h_errno
      return 0;
    #else
      force compilation error
    #endif
    }
Performing C SOURCE FILE Test HAVE_CLOCK_GETTIME_MONOTONIC_RAW succeeded with the following output:
Change Dir: /home/wtc/realsense_src/build/libcurl/src/libcurl-build/CMakeFiles/CMakeTmp

Run Build Command(s):/usr/bin/gmake -f Makefile cmTC_abcb3/fast && gmake[3]: 进入目录“/home/wtc/realsense_src/build/libcurl/src/libcurl-build/CMakeFiles/CMakeTmp”
/usr/bin/gmake  -f CMakeFiles/cmTC_abcb3.dir/build.make CMakeFiles/cmTC_abcb3.dir/build
gmake[4]: 进入目录“/home/wtc/realsense_src/build/libcurl/src/libcurl-build/CMakeFiles/CMakeTmp”
Building C object CMakeFiles/cmTC_abcb3.dir/src.c.o
/usr/bin/cc -DHAVE_CLOCK_GETTIME_MONOTONIC_RAW -I/home/wtc/realsense_src/build/third-party/libcurl/include -pedantic -D_DEFAULT_SOURCE   -ffp-contract=off   -mssse3 -pthread  -W -Wall -pedantic -Wbad-function-cast -Wconversion -Winline -Wmissing-declarations -Wmissing-prototypes -Wnested-externs -Wno-long-long -Wno-multichar -Wpointer-arith -Wshadow -Wsign-compare -Wundef -Wunused -Wwrite-strings -Waddress -Wattributes -Wcast-align -Wdeclaration-after-statement -Wdiv-by-zero -Wempty-body -Wendif-labels -Wfloat-equal -Wformat-security -Wignored-qualifiers -Wmissing-field-initializers -Wmissing-noreturn -Wno-format-nonliteral -Wno-system-headers -Wold-style-definition -Wredundant-decls -Wsign-conversion -Wno-error=sign-conversion -Wstrict-prototypes -Wtype-limits -Wunreachable-code -Wunused-parameter -Wvla -Wclobbered -Wmissing-parameter-type -Wold-style-declaration -Wstrict-aliasing=3 -Wtrampolines -Wformat=2 -Warray-bounds=2 -ftree-vrp -Wduplicated-cond -Wnull-dereference -fdelete-null-pointer-checks -Wshift-negative-value -Wshift-overflow=2 -Walloc-zero -Wduplicated-branches -Wformat-overflow=2 -Wformat-truncation=2 -Wimplicit-fallthrough -Wrestrict -Warith-conversion -Wdouble-promotion -Wenum-conversion -Wpragmas -Wunused-const-variable  -o CMakeFiles/cmTC_abcb3.dir/src.c.o -c /home/wtc/realsense_src/build/libcurl/src/libcurl-build/CMakeFiles/CMakeTmp/src.c
Linking C executable cmTC_abcb3
/usr/bin/cmake -E cmake_link_script CMakeFiles/cmTC_abcb3.dir/link.txt --verbose=1
/usr/bin/cc    -pedantic -D_DEFAULT_SOURCE   -ffp-contract=off   -mssse3 -pthread  -W -Wall -pedantic -Wbad-function-cast -Wconversion -Winline -Wmissing-declarations -Wmissing-prototypes -Wnested-externs -Wno-long-long -Wno-multichar -Wpointer-arith -Wshadow -Wsign-compare -Wundef -Wunused -Wwrite-strings -Waddress -Wattributes -Wcast-align -Wdeclaration-after-statement -Wdiv-by-zero -Wempty-body -Wendif-labels -Wfloat-equal -Wformat-security -Wignored-qualifiers -Wmissing-field-initializers -Wmissing-noreturn -Wno-format-nonliteral -Wno-system-headers -Wold-style-definition -Wredundant-decls -Wsign-conversion -Wno-error=sign-conversion -Wstrict-prototypes -Wtype-limits -Wunreachable-code -Wunused-parameter -Wvla -Wclobbered -Wmissing-parameter-type -Wold-style-declaration -Wstrict-aliasing=3 -Wtrampolines -Wformat=2 -Warray-bounds=2 -ftree-vrp -Wduplicated-cond -Wnull-dereference -fdelete-null-pointer-checks -Wshift-negative-value -Wshift-overflow=2 -Walloc-zero -Wduplicated-branches -Wformat-overflow=2 -Wformat-truncation=2 -Wimplicit-fallthrough -Wrestrict -Warith-conversion -Wdouble-promotion -Wenum-conversion -Wpragmas -Wunused-const-variable  CMakeFiles/cmTC_abcb3.dir/src.c.o -o cmTC_abcb3 
gmake[4]: 离开目录“/home/wtc/realsense_src/build/libcurl/src/libcurl-build/CMakeFiles/CMakeTmp”
gmake[3]: 离开目录“/home/wtc/realsense_src/build/libcurl/src/libcurl-build/CMakeFiles/CMakeTmp”


Source file was:
#undef inline
      #include <sys/types.h>
      #include <sys/time.h>
    #include <time.h>
    int main(void)
    {
      struct timespec ts;
      (void)clock_gettime(CLOCK_MONOTONIC_RAW, &ts);
      return 0;
    }
